exercise_id,name,visits,status,fork_from,created_at,publish_time
41,MySQL数据库编程开发实训（基础篇）,7040,2,,2017-05-11 21:41:53,2017-07-01 00:10:31
49,C++之整数计算基础,5251,2,,2017-05-19 16:21:08,2017-07-01 00:11:37
51,C++之整数性质判断,11121,2,,2017-05-27 09:45:42,2017-12-26 11:11:58
53,C++之整数基本应用（I）,3421,2,,2017-05-27 15:18:57,2018-01-25 10:26:36
54,C++之整数基本应用（II）,2701,2,,2017-05-27 15:45:48,2018-01-25 10:36:44
56,C++之if-else基本性质,2351,2,,2017-06-01 15:46:29,2018-01-25 10:40:04
57,C++之if-else基本应用,9331,2,,2017-06-01 16:34:20,2018-01-25 10:31:54
60,C&C++基本输入输出,57873,2,,2017-06-08 22:28:09,2017-08-04 21:47:59
61,Python表达式问题求解（一）※,143349,2,,2017-06-09 11:32:16,2017-09-01 10:37:49
67,C&C++表达式语句实训,25782,2,,2017-06-14 10:03:50,2017-08-05 00:11:35
69,Python控制结构（二）※,158350,2,,2017-06-14 17:27:30,2017-09-21 23:10:21
70,数据结构与算法 - 线性表,93686,2,,2017-06-15 11:12:17,2017-10-19 16:52:57
71,C&C++控制结构实训,44508,2,,2017-06-17 23:36:39,2020-11-13 13:40:37
76,C&C++函数实训,39897,2,,2017-06-19 10:26:29,2017-09-29 10:57:55
78,计算机问题求解之递归 ※,33711,2,,2017-06-20 16:07:39,2017-08-28 08:57:52
80,C&C++数组实训,46984,2,,2017-06-23 10:04:25,2017-08-06 13:32:06
81,C++之Switch控制语句编程实训,7027,2,,2017-06-24 06:13:40,2018-01-25 14:05:03
82,C++之For循环性质编程实训,8456,2,,2017-06-24 06:59:55,2018-01-25 14:00:22
85,基于JFinal框架的在线商城实训,1124,2,,2017-06-30 10:41:29,2017-12-21 17:18:19
88,C++之for循环性质（II）,1923,2,,2017-07-09 00:04:54,2017-12-26 14:05:17
89,C++之for循环应用（I）,1747,2,,2017-07-09 06:32:21,2017-12-26 11:22:46
90,C++之for循环应用（II）,7701,2,,2017-07-09 07:14:48,2017-12-26 13:50:49
92,C++之while循环性质,1826,2,,2017-07-09 22:38:58,2017-12-26 14:54:40
93,C++之do-while循环性质,1962,2,,2017-07-10 01:01:47,2017-12-28 11:14:59
95,C++之跳转语句性质,4824,2,,2017-07-10 14:22:44,2017-12-28 11:15:00
96,C++之函数应用,5086,2,,2017-07-10 15:18:08,2017-12-28 11:15:02
97,C++之递归函数应用（I）,4061,2,,2017-07-10 15:51:55,2017-12-26 15:17:21
99,C&C++指针实训,34840,2,,2017-07-12 07:53:02,2017-10-03 10:49:40
100,C&C++结构实训,24208,2,,2017-07-12 07:54:38,2017-10-03 10:49:39
101,C&C++线性表实训,26926,2,,2017-07-12 07:55:25,2017-10-03 10:49:38
102,C&C++文件实训,13225,2,,2017-07-12 07:56:08,2017-10-03 10:49:37
103,数据结构与算法 - 队列,34672,2,,2017-07-12 13:49:31,2020-11-26 10:42:04
110,基于 Python 的计算思维训练——函数,35115,2,,2017-07-24 12:58:26,2020-11-09 16:28:53
118,实现一个顺序存储的队列,38887,2,,2017-07-28 08:24:14,2017-08-06 21:42:21
119,Python面向对象编程综合运用,7388,2,,2017-07-28 16:13:07,2017-12-28 11:09:30
120,数字信息压缩,4106,2,,2017-08-01 11:34:05,2017-09-23 10:14:44
121,字符串加解密 ※,2369,2,,2017-08-01 21:29:26,2017-09-23 10:16:12
122,Python面向对象编程实训,12369,2,,2017-08-02 10:48:37,2017-09-22 07:14:43
131, 智能指针的雏形-平台测试用实训,408,2,,2017-08-04 20:18:39,2017-09-30 23:31:06
132,Java语言之控制语句,31684,2,,2017-08-05 00:22:02,2017-08-28 16:20:09
133,Python 入门之字符串处理,101044,2,,2017-08-06 09:06:48,2017-09-21 17:09:10
137,HTML——基础,41695,2,,2017-08-07 13:15:21,2017-10-09 20:53:45
140, Python 入门之玩转列表,84087,2,,2017-08-07 21:20:41,2017-09-29 12:33:15
141,Java语言之数组,18338,2,,2017-08-09 09:01:58,2017-08-28 08:58:31
143, Python  入门之运算符的使用,61829,2,,2017-08-09 15:43:11,2017-10-09 13:56:14
144,Java语言之基本语法,53916,2,,2017-08-09 15:54:16,2017-08-23 11:28:03
145,Java语言之对象和类与接口,31792,2,,2017-08-09 22:00:04,2017-08-28 08:57:48
148,Numpy初体验,20244,2,,2017-08-10 13:31:08,2017-09-29 10:58:06
149,Java语言之异常处理类,17756,2,,2017-08-10 13:35:31,2018-01-19 10:04:15
152,Pandas初体验,17045,2,,2017-08-10 16:49:11,2017-09-29 10:58:08
153,Java语言之继承与多态,29510,2,,2017-08-10 16:55:52,2017-08-28 16:20:07
154,Python机器学习软件包Scikit-Learn的学习与运用,7738,2,,2017-08-10 17:12:44,2017-09-29 10:58:12
155,Java语言之文件目录操作,9355,2,,2017-08-11 16:18:37,2017-12-25 15:05:49
156,Java语言之文件操作,13318,2,,2017-08-12 15:23:36,2017-10-09 08:26:12
157, Python 入门之元组与字典,61199,2,,2017-08-13 09:20:14,2017-10-09 13:55:44
158,TensorFlow初体验,644,2,,2017-08-13 12:16:55,2017-12-21 17:18:19
159,Java语言之网络编程,5770,2,,2017-08-13 12:39:30,2017-11-02 16:05:54
161,Python 入门之控制结构 - 顺序与选择结构,55313,2,,2017-08-14 10:15:53,2017-10-09 13:56:09
164,Spark案例剖析 - 谷歌网页排名引擎PageRank实战,873,2,,2017-08-14 20:11:25,2018-03-09 14:01:38
166,Python 入门之控制结构 - 循环结构,62046,2,,2017-08-15 09:57:06,2017-10-09 13:55:59
167,Python 入门之函数结构,54331,2,,2017-08-15 10:00:46,2017-10-09 13:55:58
168,Python入门之函数调用,42725,2,,2017-08-15 10:01:46,2017-10-09 13:55:55
169,Python 入门之经典函数实例,23877,2,,2017-08-15 10:02:40,2017-10-09 13:55:54
170,Python入门之模块,27848,2,,2017-08-15 10:04:51,2017-10-09 13:55:52
171,Python 入门之类的基础语法,26457,2,,2017-08-15 10:06:35,2017-10-09 13:55:51
172,Python 入门之类的继承,15071,2,,2017-08-15 10:07:37,2017-10-09 13:55:50
173,Python 入门之类的其它特性,8571,2,,2017-08-15 10:08:45,2017-10-09 13:55:48
174,Python 计算思维训练——文件操作与异常处理,24255,2,,2017-08-15 10:09:36,2018-01-04 10:01:52
175,数据结构与算法 - 计算表达式,15362,2,,2017-08-15 14:08:29,2017-11-08 16:48:59
177,冯诺伊曼体系结构建模与模拟,13680,2,,2017-08-15 15:47:15,2017-09-23 10:15:53
178,图灵机建模与模拟,2326,2,,2017-08-16 22:16:55,2017-09-25 11:00:18
180,计算机问题求解之模拟壁球比赛,12226,2,,2017-08-17 11:57:59,2017-09-23 10:16:17
181,数值数据表示（一） ※,42979,2,,2017-08-17 20:08:32,2017-09-23 10:16:08
186,理解机器学习基本概念：从电影评分预测讲起,1966,2,,2017-08-25 18:07:41,2017-09-29 10:58:13
187,Docker基础实战教程一：入门,11490,2,,2017-08-28 14:41:48,2017-10-18 11:13:52
189,Docker基础实战教程二：镜像管理,6659,2,,2017-08-28 20:48:17,2017-10-18 11:13:53
190,Docker基础实战教程四：数据卷操作,4968,2,,2017-08-29 17:06:40,2017-10-18 11:13:56
192,数据结构与算法 - 字符串匹配,17279,2,,2017-08-30 10:30:50,2017-11-08 16:49:01
193,Docker基础实战教程三：Dockerfile,7042,2,,2017-08-30 10:50:39,2017-10-18 11:13:54
194,HTML——文本,29078,2,,2017-08-31 10:37:16,2017-10-09 20:53:30
196,Python 初体验—— Hello world,78299,2,,2017-08-31 22:32:22,2017-09-01 10:37:45
203,K-means聚类算法,2431,2,,2017-09-11 21:28:30,2017-09-29 10:58:00
206,数据结构与算法 - 排序,15757,2,,2017-09-12 15:41:00,2017-11-08 16:49:00
207,数据结构与算法 - 查找,17971,2,,2017-09-12 15:43:10,2017-11-08 16:48:57
208,数据结构与算法 - 树,24371,2,,2017-09-12 21:55:42,2017-11-08 16:48:56
209,数据结构与算法 - 图,27472,2,,2017-09-12 21:56:33,2017-11-08 16:48:54
213,大学计算机基础 - 基础知识,3265,2,,2017-09-17 21:41:38,2017-09-27 16:56:49
218,C语言中最基本的输入输出,62904,2,,2017-09-20 16:12:22,2017-09-25 19:52:54
221,网页爬取综合实例,15138,2,,2017-09-22 11:44:22,2017-11-14 16:42:03
222,MySQL开发技巧 - 批量数据入库及检索,15599,2,,2017-09-22 11:50:49,2017-12-21 17:18:19
223,Verilog初体验,27157,2,,2017-09-22 19:18:57,2017-09-25 08:10:06
224,Python中的表达式求解,6542,2,,2017-09-22 21:02:49,2021-03-22 12:48:21
229,python中的控制结构,7902,2,,2017-09-22 21:22:15,2017-10-23 15:20:32
231,C选择结构程序设计,46611,2,,2017-09-22 21:49:04,2017-10-10 22:21:41
232,C顺序结构程序设计,33543,2,,2017-09-22 21:50:45,2017-10-09 20:53:31
233,C循环结构程序设计,34036,2,,2017-09-22 21:52:28,2020-12-03 14:59:50
234,C数组,22141,2,,2017-09-22 22:05:52,2017-10-23 15:20:29
235,C函数,37531,2,,2017-09-22 22:06:54,2017-11-01 19:19:56
236,C指针,15423,2,,2017-09-22 22:07:31,2017-12-21 17:18:19
252,C语言基本输入输出实训,35032,2,60.0,2017-09-28 09:58:15,2017-10-10 22:21:37
256,Java语言之String类,14397,2,,2017-09-30 19:48:33,2017-10-09 08:26:15
273,PHP语言之基本语法,12949,2,,2017-10-02 21:07:29,2017-10-14 13:57:54
275,PHP语言之数组,7206,2,,2017-10-03 23:08:41,2017-10-14 22:10:18
277,PHP语言之流程控制,11186,2,,2017-10-05 15:52:52,2017-10-14 22:06:16
278,PHP语言之字符串与函数,7819,2,,2017-10-05 22:52:29,2017-10-14 22:06:15
279,CSS从入门到精通——基础知识,30662,2,,2017-10-07 10:48:46,2018-04-18 10:53:48
299,CSS从入门到精通——基础选择器,34605,2,,2017-10-09 20:12:25,2018-04-18 15:20:42
300,CSS从入门到精通——文本与字体样式,33661,2,,2017-10-09 20:14:49,2018-06-12 16:16:41
305,简单输入输出练习,13928,2,,2017-10-11 11:13:00,2017-10-14 13:57:56
307,PHP语言之表单基础,6986,2,,2017-10-11 20:18:13,2017-11-10 16:16:00
308,带符号数乘法器设计,3605,2,,2017-10-12 15:14:25,2020-10-30 09:52:23
309,算术逻辑运算alu的实现 ,6617,2,,2017-10-12 16:11:11,2017-11-01 19:19:10
312,PHP语言之面向对象编程,4454,2,,2017-10-15 21:00:48,2017-12-21 17:18:19
313,计算机网络基础,3752,2,,2017-10-16 09:59:56,2017-10-18 09:21:42
330,数据的存储与表示,9290,2,,2017-10-18 10:26:55,2017-10-19 06:16:57
341,Python-Turtle模块的应用,29689,2,,2017-10-23 22:16:52,2018-09-11 09:05:54
342,Android 之 Hello World!,13268,2,,2017-10-24 14:56:07,2017-12-21 17:18:19
344,运算符与表达式1,12703,2,330.0,2017-10-25 10:10:41,2017-10-26 06:18:22
346,Junit实训入门篇,10259,2,,2017-10-25 13:05:36,2017-10-31 11:16:21
347,Python-数字类型及表达式问题求解实训 ,10667,2,,2017-10-25 15:39:23,2017-10-30 06:38:23
352,Python--序列类型及运算,8577,2,,2017-10-27 21:08:57,2017-10-31 11:18:00
353,MySQL-数据库和表的基本操作,5383,2,,2017-10-27 21:46:25,2017-10-30 06:38:07
361,Junit实训进阶篇,5957,2,,2017-10-30 09:44:34,2017-10-31 11:30:23
368,MySQL开发技巧 - 查询、索引和完整性,8437,2,,2017-10-30 20:03:54,2017-11-14 06:40:07
375,运算符与表达式2,10006,2,,2017-10-31 15:35:46,2017-11-01 16:36:06
377,PHP语言之MySQL操作,6633,2,,2017-11-02 09:26:07,2017-11-10 16:15:56
379,C分支结构,7766,2,,2017-11-02 14:49:05,2017-11-08 09:42:53
382,PHP语言之表单进阶,4613,2,,2017-11-03 11:05:24,2017-11-10 16:15:58
387,Python入门之综合实训,8174,2,,2017-11-05 11:48:58,2017-11-08 14:20:47
393,MySQL-函数、触发器与安全性,59,2,,2017-11-06 10:53:11,2017-11-14 16:00:28
398,Go语言实训一：Go语言初识,975,2,,2017-11-06 15:45:21,2017-12-21 17:18:19
402,Hadoop云计算基础,1007,2,,2017-11-06 21:01:04,2017-12-21 17:18:19
405,C多重分支,13533,2,,2017-11-08 09:20:09,2017-11-09 14:47:35
408,Python—序列型数据操作实训,6230,2,,2017-11-08 17:18:21,2017-11-13 13:56:59
418,Java语言之对象和类,11696,2,416.0,2017-11-15 08:40:46,2017-11-15 09:52:39
421,C循环,21266,2,,2017-11-16 11:28:28,2017-12-21 17:18:19
425,Go语言实训二：Go语言基础知识,491,2,,2017-11-20 09:53:49,2017-12-21 17:18:19
427,Go语言实训四：Go语言数组和字符串,348,2,,2017-11-20 19:20:17,2017-12-21 17:18:19
428,Go语言实训三：Go语言控制语句,343,2,,2017-11-20 23:06:37,2017-12-21 17:18:19
436,Ｃ双重循环,14769,2,,2017-11-22 10:22:05,2017-12-21 17:18:19
440,HDFS和MapReduce综合实训,16070,2,,2017-11-24 12:41:42,2017-12-21 17:18:19
448,Go语言实训五：Go语言函数和方法,330,2,,2017-11-27 17:11:04,2017-12-21 17:18:19
453,Java语言之接口,5588,2,145.0,2017-11-29 10:34:39,2017-12-21 17:18:19
454,C数组,18991,2,,2017-11-29 10:43:09,2017-12-21 17:18:19
456,Go语言实训六：Go语言复合数据结构,274,2,,2017-11-30 19:37:59,2017-12-21 17:18:19
457,常用的组合电路及其设计,11492,2,,2017-11-30 21:03:39,2018-01-04 14:51:35
460,时序电路的设计,6270,2,,2017-12-01 11:39:11,2017-12-29 17:46:43
462,Go语言实训七：Go语言结构体和指针,264,2,,2017-12-02 23:16:33,2017-12-21 17:18:19
463,Go语言实训八：Go语言接口和反射,197,2,,2017-12-02 23:38:43,2017-12-21 17:18:19
465,Go语言实训九：语言Goroutine和Channel,184,2,,2017-12-03 18:42:30,2017-12-21 17:18:19
466,Go语言实训十：Go语言错误处理机制,183,2,,2017-12-03 20:21:27,2017-12-21 17:18:19
469,智取MATLAB——基本语法,13053,2,,2017-12-05 22:56:50,2017-12-21 17:18:19
474,智取MATLAB——矩阵进阶,9425,2,,2017-12-10 10:09:01,2017-12-21 17:18:19
476,智取MATLAB——程序控制结构,6064,2,,2017-12-10 22:46:18,2017-12-21 17:18:19
478,Android 综合实训之物联网移动应用开发 (1),10810,2,,2017-12-12 12:40:20,2017-12-21 17:18:19
481,C自定义函数,19946,2,,2017-12-13 14:09:50,2017-12-21 17:18:19
483,Android 综合实训之物联网移动应用开发 (2),4990,2,,2017-12-16 11:22:36,2017-12-21 17:18:19
485,Android 综合实训之物联网移动应用开发 (3) ,2954,2,,2017-12-18 00:36:41,2017-12-21 17:18:19
490,Android 综合实训之物联网移动应用开发 (4),5307,2,,2017-12-20 09:35:17,2017-12-25 09:08:26
494,2ASK数字带通传输系统仿真设计,744,2,,2017-12-21 14:51:34,2018-01-26 14:39:31
495,Android 综合实训之物联网移动应用开发 (5),1831,2,,2017-12-22 11:03:05,2017-12-27 17:07:18
497,Linux操作系统,94656,2,,2017-12-23 00:20:56,2020-12-23 16:45:23
498,Git入门之本地版本库,5561,2,,2017-12-23 14:00:11,2018-01-03 09:01:52
499,Git入门之远程版本库,4210,2,,2017-12-23 17:02:07,2018-01-04 09:36:06
503,Java数据结构-循环链表的设计与实现,6499,2,,2017-12-25 23:21:25,2018-01-30 15:31:36
504,Java数据结构-线性表的设计与实现,11105,2,,2017-12-26 14:53:42,2018-01-16 10:17:26
505,Ruby初体验,2275,2,,2017-12-26 18:35:30,2018-01-30 15:42:41
506,Linux之用户管理,48769,2,,2017-12-27 11:05:08,2018-01-04 11:11:19
515,Git入门之分支管理,3632,2,,2017-12-29 22:47:12,2018-01-22 14:19:39
522,Linux之用户高级管理,30699,2,,2018-01-04 21:19:15,2018-01-30 16:17:26
523,Git入门之日志和版本回退,3169,2,,2018-01-04 21:43:00,2018-01-22 14:34:33
524,Git入门之标签,2663,2,,2018-01-04 22:31:53,2018-01-30 16:05:15
526,Git进阶之冲突处理、忽略文件,2942,2,,2018-01-06 09:22:11,2018-01-30 16:05:12
527,Ruby数据类型,2852,2,,2018-01-06 10:47:06,2018-03-09 09:34:06
528,Git进阶之合并远程分支、rebase、储藏,2433,2,,2018-01-06 15:33:02,2018-01-30 16:05:13
534,JavaScript学习手册一：JS简介,41038,2,,2018-01-13 17:26:16,2018-03-06 16:52:37
535,Linux 文件/目录管理,45737,2,,2018-01-14 23:47:00,2018-01-30 16:17:25
536,Linux文件/目录高级管理一,32985,2,,2018-01-14 23:47:49,2018-03-21 14:27:44
543,Linux文件/目录高级管理二,27014,2,,2018-01-19 00:49:20,2018-03-21 14:27:46
548,Git进阶之搭建Git服务器,2386,2,,2018-01-20 17:15:07,2018-01-30 16:05:11
555,Linux文件高级控制,10520,2,,2018-01-25 19:39:42,2018-02-28 09:18:02
563,C#函数拓展,2609,2,,2018-01-26 12:30:33,2019-03-14 21:02:07
570,Java 数据结构之栈、队列,7953,2,,2018-01-26 12:49:26,2018-02-23 13:46:57
571,Java 数据结构之二叉树,5217,2,,2018-01-26 12:55:19,2018-03-12 15:04:55
572,Java 数据结构之二叉搜索树,2944,2,,2018-01-26 12:58:01,2018-03-27 14:08:03
573,Java 数据结构之排序,4049,2,,2018-01-26 13:01:08,2018-05-24 14:18:02
574,Java 数据结构之图,4739,2,,2018-01-26 13:03:24,2018-07-16 16:08:35
597,Pytorch 之Tensor 初探,1476,2,,2018-01-29 17:18:06,2018-04-10 09:32:04
603,Linux文件/目录高级管理三,17166,2,,2018-01-31 00:22:32,2018-03-21 14:27:49
606,Pytorch 之autograd,1065,2,,2018-01-31 11:52:47,2018-04-10 17:14:27
607,Pytorch 之torch.nn初探,1149,2,,2018-01-31 12:54:52,2018-04-18 14:20:40
608,Pytorch 之torch.nn进阶,964,2,,2018-01-31 13:02:34,2018-04-15 11:00:02
609,PyTorch之线性回归,1268,2,,2018-01-31 16:37:38,2018-05-02 16:13:47
611,Pytorch 之神经网络,1843,2,,2018-01-31 16:39:36,2018-05-04 09:59:21
613,MATLAB绘图,5348,2,,2018-01-31 17:04:57,2018-03-12 09:09:53
618,Ruby迭代器,1114,2,,2018-02-02 16:54:15,2018-04-13 10:52:55
619,Python之异常处理,2239,2,,2018-02-03 13:42:01,2018-03-09 15:56:18
620,Pytorch 之优化,863,2,,2018-02-04 10:15:44,2018-05-02 14:38:37
625,JavaScript 学习手册二：JS 数据类型,30850,2,,2018-02-06 01:12:36,2018-03-06 22:47:22
626,数字图像处理基础—空域处理,601,2,,2018-02-06 10:47:20,
627,MySQL-数据库管理,3987,2,,2018-02-07 12:11:14,2018-03-06 16:37:28
629,MATLAB数值计算与符号计算,5665,2,,2018-02-07 21:45:02,2020-10-30 10:08:31
633,Linux网络编程之阻塞与非阻塞,1160,2,,2018-02-10 21:57:47,2018-03-22 09:11:07
638,JavaScript学习手册三：JS运算符,29781,2,,2018-02-12 19:01:06,2018-03-16 14:21:16
641,JavaScript学习手册四：JS对象,24860,2,,2018-02-14 23:48:23,2018-03-26 10:21:27
642,Python之多线程编程,1374,2,,2018-02-18 09:57:20,2018-03-09 15:58:01
644,JavaScript学习手册五：JS数组,33214,2,,2018-02-18 21:05:11,2018-03-29 16:20:09
649,JavaScript学习手册六：JS条件语句,24204,2,,2018-02-21 11:05:25,2018-04-16 17:32:20
651,JavaScript学习手册七：JS循环语句,33025,2,,2018-02-23 09:07:32,2018-05-08 09:04:58
652,Linux I/O多路复用,1063,2,,2018-02-23 20:27:08,2018-03-22 09:11:05
659,Linux之文件/目录搜索,20105,2,,2018-02-27 22:58:03,2018-03-21 15:43:53
660,Linux之文件打包和解压缩,21312,2,,2018-02-27 23:00:27,2018-03-21 14:27:50
669,JavaScript学习手册八：JS函数,31583,2,,2018-03-01 17:41:26,2018-05-18 14:38:08
675,Linux串口通讯,2968,2,,2018-03-03 17:03:14,2018-03-22 09:11:09
677,Java入门 - Java初体验,196647,2,,2018-03-04 09:53:16,2018-03-16 10:41:52
678,SQLite3-数据库的基本操作,506,2,,2018-03-04 16:29:09,2018-03-15 13:51:46
692,Java入门 - 变量与数据类型,165688,2,,2018-03-05 10:22:39,2018-03-16 10:41:54
693,JavaScript学习手册九：字符串的常用方法,21562,2,,2018-03-06 11:48:53,2018-05-22 14:28:31
695,JavaScript学习手册十：正则表达式,15043,2,,2018-03-06 16:55:48,2018-06-08 15:34:27
700,JSP入门,26879,2,,2018-03-08 09:41:45,2018-03-20 09:17:52
717,程序设计二（面向对象）_实训1_封装,7680,2,,2018-03-15 08:42:28,2018-03-15 10:50:26
719,程序设计二（面向对象）_实训2_构造函数,12387,2,,2018-03-15 12:10:44,2018-03-16 09:22:11
720,程序设计二（面向对象）_实训4_对象与函数,9126,2,,2018-03-15 21:15:43,2018-03-16 17:06:56
721,Java入门 - 分支结构,105761,2,,2018-03-16 11:19:46,2018-03-22 15:38:44
722,程序设计二（面向对象）_实训5_算术运算符重载,7011,2,,2018-03-16 17:12:16,2018-03-18 09:35:36
723,程序设计二（面向对象）_实训3_类外定义成员函数,8802,2,,2018-03-16 17:46:29,2018-03-18 09:35:38
724,程序设计二（面向对象）_实训6_关系运算符重载,5540,2,,2018-03-16 21:50:38,2018-03-19 08:53:10
725,SQLite3-表的基本操作,633,2,,2018-03-17 11:08:33,2018-03-30 14:29:30
738,C语言基本语法入门练习题,42964,2,,2018-03-19 10:10:24,2018-04-02 17:35:49
739,C语言之运算符练习题,28796,2,,2018-03-19 10:17:45,2018-03-26 10:00:58
741,Linux vi/vim编辑器,36948,2,,2018-03-19 13:18:53,2018-03-26 08:39:53
743,C语言基本语法进阶练习题,52598,2,,2018-03-19 17:05:56,2020-11-27 09:48:44
744,C语言之条件语句练习题,32207,2,,2018-03-19 17:16:25,2018-04-03 13:55:13
746,Linux 信号,2522,2,,2018-03-20 13:51:16,2018-04-13 09:23:43
747,Java入门 - 运算符和表达式,123089,2,,2018-03-20 20:48:42,2018-04-02 09:28:43
748,C语言——数据的输入与输出,13531,2,,2018-03-20 21:31:08,2018-04-02 08:38:17
749,组合逻辑电路设计入门 ——Verilog HDL语言,13751,2,,2018-03-20 22:00:15,2018-04-28 14:44:04
750,Bootstrap入门,4928,2,,2018-03-21 10:31:46,2018-03-30 16:42:45
752,C语言之条件语句强化练习题,27484,2,,2018-03-21 10:49:54,2020-11-26 17:38:45
753,C语言循环语句入门练习题,30005,2,,2018-03-21 15:17:38,2018-04-03 14:14:26
756,C语言之数学运算练习题,8389,2,,2018-03-22 08:54:09,2018-04-12 14:58:13
757,C语言之数学运算强化练习题,13217,2,,2018-03-22 14:28:30,2018-04-09 10:45:29
759,C语言循环语句进阶练习题,17515,2,,2018-03-22 15:01:42,2018-04-03 16:45:44
760,Java入门 - 循环结构基础,89997,2,,2018-03-22 16:33:31,2018-03-28 15:58:43
761,C语言循环语句强化练习题,12941,2,,2018-03-22 16:38:19,2018-03-28 10:56:50
762,C语言之字符串强化练习题,7230,2,,2018-03-23 10:04:56,2018-04-09 10:30:37
763,程序设计二（面向对象）_实训7_赋值运算符重载,3866,2,,2018-03-23 18:58:09,2018-04-08 13:51:50
766,大数据系统及应用-HDFS实训,17830,2,,2018-03-25 09:04:45,2018-03-27 10:43:22
767,C语言之字符串练习题,10801,2,,2018-03-25 10:25:46,2018-04-09 10:52:09
769,C语言循环语句专项练习题,11129,2,,2018-03-26 09:40:36,2018-03-28 11:01:17
772,Bootstrap 基础组件,3959,2,,2018-03-26 15:33:16,2018-04-27 15:04:06
774,Java入门 - 方法的使用,118344,2,,2018-03-26 19:52:29,2018-05-04 09:51:53
776,C语言之数组练习题,48231,2,,2018-03-27 10:34:12,2018-04-12 14:34:53
778,C语言之指针练习题,12898,2,,2018-03-28 08:50:20,2018-04-09 14:10:32
782,Java入门 - 循环结构进阶,91600,2,,2018-03-28 14:11:09,2018-03-30 16:49:28
784,C语言之函数练习题,21712,2,,2018-03-28 16:47:58,2018-03-30 14:18:04
786,SQLite3-关系操作,2582,2,,2018-03-28 17:22:43,2018-04-18 16:52:14
793,C语言之链表练习题,16826,2,,2018-03-29 15:23:12,2018-04-13 09:55:30
794,C++之递归练习题,3165,2,,2018-03-29 16:51:26,2018-04-13 10:16:01
795,c++语言之数学运算练习题（三）,2833,2,,2018-03-30 09:52:57,2018-04-12 15:32:55
796,c++语言之数学运算练习题（一）,6195,2,,2018-03-30 14:42:14,2018-04-13 08:53:00
797,Java入门 - 数组基础,97405,2,,2018-03-30 15:39:32,2018-04-08 10:05:15
798,c++语言之判断练习题,4412,2,,2018-03-30 16:31:02,2018-04-28 15:19:58
799,JavaScript学习手册十一：JSON,10213,2,,2018-03-30 19:27:19,2018-06-19 09:45:11
800,c++语言之内置函数的使用练习题,5293,2,,2018-04-01 14:12:47,2018-04-17 11:13:06
802,Linux进程控制,8494,2,,2018-04-02 10:11:58,2018-04-12 09:07:31
803,c++语言之数学运算练习题（四）,4579,2,,2018-04-02 11:35:51,2018-04-17 11:13:04
805,C++之递归进阶练习题,2438,2,,2018-04-03 10:25:19,2018-04-13 14:22:28
809,Java入门 - 数组进阶,73158,2,,2018-04-04 15:11:01,2018-04-10 17:39:38
815,C++之二维数组练习题,7928,2,,2018-04-04 21:33:16,2018-04-13 14:15:49
816,MapReduce基础编程,11269,2,,2018-04-05 19:45:44,2018-04-10 16:49:26
818,程序设计二（面向对象）_实训8_完整的Int包装类,2828,2,,2018-04-06 09:45:52,2018-04-08 13:51:13
819,程序设计二（面向对象）_实训9_复杂类的实现_Array类的实现,4034,2,,2018-04-06 17:58:04,2018-04-23 14:30:50
822,JavaScript学习手册十二：Math、日期和异常处理,12663,2,,2018-04-07 14:47:10,2018-06-20 16:00:27
823,Lucene - 全文检索入门,1173,2,,2018-04-08 15:09:09,2018-04-11 22:54:22
827,R语言与数据分析实战1-基础,6248,2,,2018-04-09 15:56:19,2018-04-16 15:43:09
828,Linux高级进程通信,4317,2,,2018-04-09 17:27:04,2018-04-19 14:47:49
834,Ruby类与对象,1272,2,,2018-04-10 20:49:50,2018-04-13 14:20:59
836,c++语言之选择排序练习题,7468,2,,2018-04-11 14:48:49,2018-04-13 16:09:49
838,C++之二分查找算法,1044,2,,2018-04-11 16:27:36,2018-04-13 14:50:51
839,Ruby模块,806,2,,2018-04-11 23:11:41,2018-04-16 14:56:57
840,C++之函数练习题入门,4937,2,,2018-04-12 11:11:16,2018-04-24 11:12:55
841,Lucene - 索引库的维护与查询,853,2,,2018-04-12 13:19:14,2018-04-16 15:44:24
842,复杂网络入门01-网络的表示方法,962,2,,2018-04-12 15:46:53,2018-04-20 09:10:28
848,c++语言之数学运算练习题（二）,3666,2,796.0,2018-04-13 15:41:36,2018-04-28 15:17:07
850,Ruby文件操作与交互,1281,2,,2018-04-14 15:58:33,2018-04-19 11:09:04
867,Ruby异常处理,1288,2,,2018-04-16 16:41:40,2018-04-24 10:36:00
870,SQLite3-单表查询语法（一）,574,2,,2018-04-17 15:13:40,2018-05-31 15:37:54
871,Linux时间编程,2156,2,,2018-04-17 16:06:43,2018-04-23 16:56:13
875,Java类与对象练习题,16645,2,,2018-04-18 08:57:29,2018-04-19 15:04:39
876,C++之函数进阶练习题,2917,2,,2018-04-18 09:13:24,2018-04-24 15:00:51
877,C++之函数强化练习题,2020,2,,2018-04-18 14:53:22,2018-04-24 14:55:09
879,JavaScript学习手册十三：HTML DOM——文档元素的操作（一）,26466,2,,2018-04-18 22:50:27,2018-07-25 08:43:45
880,C++之基础语法入门练习题,12715,2,,2018-04-19 11:14:44,2018-04-27 15:05:59
881,jQuery 入门,15994,2,,2018-04-19 17:08:54,2018-05-18 15:24:08
882,Ruby语言特性,994,2,,2018-04-19 20:03:46,2018-04-25 16:12:15
883,数据结构-栈的应用,29876,2,,2018-04-19 23:56:52,2018-04-24 09:38:07
885,数据结构-十大经典排序算法,33929,2,,2018-04-20 17:13:16,2018-06-08 15:42:18
886,Linux网络实战（三）- Samba服务器搭建,15686,2,,2018-04-21 23:40:45,2020-12-07 20:19:15
887,Linux网络实战（一）- DNS配置,14632,2,,2018-04-21 23:50:37,2018-05-31 15:37:52
888,Linux网络实战（二）-  WWW服务器搭建,9802,2,,2018-04-21 23:57:36,2018-05-25 17:46:44
889,Linux网络实战（四）- FTP服务器搭建,16779,2,,2018-04-21 23:59:55,2018-05-18 17:14:51
890,Java高级特性 - 集合框架（1）,35738,2,,2018-04-22 14:38:10,2020-10-30 15:10:01
891,Java面向对象编程练习题,12445,2,,2018-04-23 10:17:20,2018-04-25 17:30:01
892,复杂网络入门02-邻接表与邻接矩阵的转换,351,2,,2018-04-24 01:54:44,2018-04-24 17:15:38
893,抽象类和接口练习题,19458,2,,2018-04-24 10:16:08,2018-04-26 14:19:14
895,Java之异常处理,8364,2,,2018-04-24 11:30:48,2018-04-27 11:09:35
897,C++之基础语法进阶练习题,3822,2,,2018-04-25 10:24:59,2018-04-27 15:11:15
899,复杂网络入门03-网络中的路径,280,2,,2018-04-26 03:26:44,2018-04-27 09:05:25
900,C++之结构体练习题,1667,2,,2018-04-26 09:28:15,2018-04-27 16:58:20
907,复杂网络入门04-网络连通性,302,2,,2018-04-26 21:00:45,2018-04-27 16:33:06
908,程序设计二（面向对象）_实训10_复杂类的实现_ArrayList类的实现,2650,2,,2018-04-27 10:36:57,2018-05-02 15:00:32
909,C++之链表练习题,1942,2,,2018-04-28 09:59:39,2018-05-04 10:19:55
910,组合逻辑电路设计进阶——Verilog HDL语言,12158,2,,2018-04-28 10:27:36,2018-05-17 14:57:49
911,时序逻辑电路设计入门——Verilog HDL语言,7970,2,,2018-04-28 10:44:53,2018-05-17 15:04:01
912,序列检测器设计——Verilog HDL语言,6297,2,,2018-04-28 10:54:48,2018-06-07 10:42:12
918,复杂网络入门05-关联矩阵,290,2,,2018-04-30 16:47:30,2018-05-03 09:57:28
919,复杂网络入门06-邻接矩阵与关联矩阵的转换（无向网络）,314,2,,2018-05-01 04:44:47,2018-05-03 09:57:29
920,复杂网络入门07-邻接矩阵与关联矩阵的转换（有向网络）,237,2,,2018-05-01 16:43:53,2018-05-04 10:08:05
922,C++之链表强化练习题,800,2,,2018-05-02 14:33:30,2018-05-04 10:14:44
924,复杂网络入门08-复杂网络中的树,213,2,,2018-05-02 22:31:26,2018-05-04 10:30:12
926,数据结构-二叉树及其应用,27320,2,,2018-05-03 15:35:18,2018-05-08 08:59:40
928,复杂网络入门09-权值矩阵与环（无向网络）,240,2,,2018-05-03 20:51:42,2018-05-09 10:02:52
929,程序设计二（面向对象）_实训11_复杂类的实现_LinkedList类的实现,2414,2,,2018-05-05 08:44:05,2018-05-09 09:31:49
930,html网页综合项目实战,20899,2,,2018-05-06 09:41:54,2018-05-17 08:20:57
931,C程序设计--一维数组的应用,8295,2,,2018-05-06 15:52:27,2018-05-15 09:09:04
933,复杂网络入门10-最小生成树,322,2,,2018-05-06 23:43:50,2018-05-09 10:02:50
934,Java面向对象 - 类与对象,180485,2,,2018-05-07 09:46:58,2018-05-10 15:48:34
937,MySQL数据库 - 初识MySQL,116165,2,,2018-05-09 08:48:14,2020-10-29 17:03:13
939,复杂网络入门11-二分网络,268,2,,2018-05-10 00:43:59,2018-05-11 10:06:48
946,程序设计二（面向对象）_实训12_公有继承,8889,2,,2018-05-11 17:13:56,2018-05-28 14:57:57
947,Linux Makefile编译基本模块进阶,1556,2,,2018-05-12 09:50:43,2018-05-18 14:52:32
950,Linux Makefile编译引用依赖库,2147,2,,2018-05-13 20:41:23,2018-05-24 09:39:06
951,灰度修正,1337,2,,2018-05-14 11:45:38,2018-05-31 15:45:48
952,BMP图像的读,2348,2,,2018-05-14 14:39:45,2018-05-24 16:09:02
953,BMP图像的写,1609,2,,2018-05-14 14:55:25,2018-05-25 14:16:23
954,离散傅里叶变换,1442,2,,2018-05-14 15:02:03,2018-06-04 11:09:56
955,空域的平滑,1132,2,,2018-05-14 15:07:40,2018-05-31 15:52:33
956,空域的锐化,1116,2,,2018-05-14 15:25:23,2018-05-31 15:57:15
957,频域的平滑,787,2,,2018-05-14 15:44:08,2018-05-31 15:59:40
958,频域的锐化,938,2,,2018-05-14 16:15:55,2018-05-31 16:03:58
959,颜色的空间表示及其转换,683,2,,2018-05-14 16:26:37,2018-05-31 16:08:12
960,彩色图像增强,794,2,,2018-05-14 16:38:55,2018-05-31 17:15:39
961,假彩色处理,610,2,,2018-05-14 16:44:07,2018-05-31 11:31:48
962,图像的阈值分割技术,862,2,,2018-05-14 16:50:58,2018-05-31 15:20:35
963,图像编解码,479,2,,2018-05-14 16:57:29,2018-05-31 11:22:28
965,复杂网络进阶1-连通分量算法,329,2,,2018-05-15 20:50:01,2018-05-18 09:33:03
968,复杂网络进阶2-连通片数目,203,2,,2018-05-17 17:11:57,2018-05-18 09:33:02
969,程序设计二（面向对象）_实训13_虚函数,6421,2,,2018-05-18 19:06:28,2018-06-07 10:40:57
970,JavaScript学习手册十四：HTML DOM——文档元素的操作（二）,15202,2,,2018-05-20 18:02:25,2018-08-08 09:30:48
971,C语言——选择结构if语句测试,4114,2,,2018-05-21 08:58:14,2018-05-28 11:05:19
972,C语言——选择结构switch语句测试,6911,2,,2018-05-21 09:10:58,2018-05-29 14:17:09
973,C语言——循环结构测试,2341,2,,2018-05-21 09:22:27,2018-05-23 16:24:00
974,C语言——单层循环测试,2268,2,,2018-05-21 09:34:52,2018-05-28 10:34:57
975,C语言——双层循环测试,2053,2,,2018-05-21 09:38:07,2018-05-28 10:18:05
980,C语言——数组测试,5748,2,,2018-05-21 17:18:24,2018-05-28 14:26:13
981,C语言——字符数组测试,1531,2,,2018-05-21 17:34:50,2018-05-28 09:32:32
982,C语言——函数入门练习,2241,2,,2018-05-21 17:47:10,2018-05-23 16:24:03
983,C语言——函数测试,2098,2,,2018-05-21 17:54:10,2018-05-28 14:22:37
984,用Rails搭建你的第一个Web应用,1904,2,,2018-05-22 11:57:02,2018-06-11 16:04:35
985,“绿盟杯”模拟赛第三阶段（Python）,1849,2,,2018-05-22 15:37:44,2018-05-26 11:01:02
988,复杂网络进阶3-二分网络匹配问题,353,2,,2018-05-22 21:40:24,2018-05-28 15:22:46
993,C语言——综合测试入门,3870,2,,2018-05-23 11:58:54,2018-06-05 10:37:54
994,“绿盟杯”模拟赛第三阶段（Java）,1558,2,,2018-05-23 15:04:16,2018-05-26 11:00:58
995,全国绿色计算大赛 模拟赛第一阶段（Java）,9230,2,,2018-05-23 16:41:37,2018-06-10 08:58:33
1001,“绿盟杯”模拟赛第三阶段（C++）,2081,2,,2018-05-24 11:12:35,2018-05-26 11:00:59
1006,R语言与数据分析实战2-数据输入与输出,2502,2,,2018-05-25 17:15:58,2018-05-30 15:01:54
1007,时序逻辑电路设计进阶——Verilog HDL语言,6187,2,,2018-05-26 15:09:16,2018-06-07 10:48:12
1008,R语言与数据分析实战3-运算符,1845,2,,2018-05-27 14:40:46,2018-05-31 15:18:53
1011,C语言——综合测试进阶,1994,2,,2018-05-28 09:36:28,2018-06-06 14:58:27
1012,C语言——综合测试强化,1606,2,,2018-05-28 09:39:39,2018-06-05 10:35:06
1014,SQLite3-单表查询语法（二）,691,2,,2018-05-28 20:55:59,2018-06-06 15:57:06
1015,R语言与数据分析实战4-变量的创建与修改,2042,2,,2018-05-28 22:30:41,2018-05-31 15:21:04
1022,数据结构-二叉查找树的应用,8661,2,,2018-05-30 20:19:43,2018-06-06 16:28:40
1023,R语言与数据分析实战5-缺失值,1995,2,,2018-05-30 20:40:58,2018-06-06 14:48:34
1025,数据结构-队列的应用,18755,2,,2018-05-31 19:43:08,2018-06-06 16:28:37
1026,R语言与数据分析实战6-日期值与时间值,1529,2,,2018-06-02 05:22:42,2018-06-06 14:48:31
1027,全国绿色计算大赛 模拟赛第三阶段（Python）,3789,2,,2018-06-04 10:02:45,2018-06-10 11:04:11
1029,R语言与数据分析实战7-时点类函数,902,2,,2018-06-04 14:46:50,2018-06-06 15:39:55
1030,全国绿色计算大赛 模拟赛第一阶段（C++）,13482,2,,2018-06-04 16:05:20,2018-06-10 08:58:37
1031,Rails 脚手架,1786,2,,2018-06-04 18:57:49,2018-07-06 14:17:38
1033,SQLite3-多表查询语法（一）,427,2,,2018-06-04 20:25:58,2018-06-14 10:43:39
1036,Linux 远程联机服务（一）- Telnet服务器,12774,2,,2018-06-05 09:56:39,2020-11-16 17:18:23
1037,Linux 远程联机服务（二）- Rsh服务器,5120,2,,2018-06-05 10:19:49,2020-11-23 15:30:16
1039,R语言与数据分析实战8-时段类函数,723,2,,2018-06-05 22:10:11,2018-06-08 17:15:48
1041,Rails 基本静态页面,1435,2,,2018-06-07 10:37:47,2018-07-10 11:00:24
1042,R语言与数据分析实战9-数据的合并,1722,2,,2018-06-07 21:39:23,2018-06-14 08:52:40
1044,R语言与数据分析实战10-数据的提取,1367,2,,2018-06-09 19:23:04,2018-06-12 17:02:28
1046,R语言与数据分析实战11-数据的删除,1484,2,,2018-06-11 15:45:40,2018-06-14 15:36:10
1047, SQLServer第一章 - 初识SQLServer,62767,2,,2018-06-12 09:08:08,2020-11-23 14:54:56
1049,R语言与数据分析实战12-选择观测,1384,2,,2018-06-13 04:46:19,2018-06-15 11:28:56
1050,SQLite3-多表查询语法（二）,355,2,,2018-06-13 11:45:37,2018-10-28 16:08:27
1051,博客系统  - 系统简介与首页设计,12235,2,,2018-06-14 14:18:39,2018-07-06 16:49:22
1052,大数据从入门到实战 - 第1章 开发环境搭建,41838,2,,2018-06-15 14:17:32,2018-07-05 15:23:48
1053,R语言与数据分析实战13-数学函数,1229,2,,2018-06-15 17:53:51,2018-06-20 16:26:19
1054,ZooKeeper入门-初体验,6230,2,,2018-06-17 09:22:05,2018-07-04 11:22:52
1055,R语言与数据分析实战14-统计函数一,1147,2,,2018-06-18 19:09:51,2018-06-22 16:05:24
1057,“绿盟杯”决赛第一阶段（Java）,1668,2,,2018-06-19 10:13:52,2018-07-15 08:33:13
1060,R语言与数据分析实战15-统计函数二,1198,2,,2018-06-19 15:39:41,2018-06-26 08:38:04
1061,算法与竞赛(第1章) - 入门指南,1550,2,,2018-06-20 00:53:50,2018-06-27 09:09:44
1063,R语言与数据分析实战16-字符处理函数一,1162,2,,2018-06-20 17:12:10,2018-06-26 08:38:05
1064,R语言与数据分析实战18-其他函数一,1114,2,,2018-06-21 05:56:07,2018-06-29 15:30:44
1065,R语言与数据分析实战17-字符处理函数二,1308,2,,2018-06-21 05:57:36,2018-06-27 09:24:57
1067,SQLite3-修改数据,238,2,,2018-06-21 19:13:16,2018-10-29 12:40:16
1075,JavaScript学习手册十五：事件处理,20541,2,,2018-06-23 20:50:49,2018-09-14 14:25:13
1080,算法与竞赛(第2章) - C++与算法基础一,2339,2,,2018-06-25 13:54:29,2018-07-10 10:43:23
1081,R语言与数据分析实战19-其他函数二,689,2,,2018-06-26 23:24:44,2018-07-04 14:20:41
1084,SQLServer第二章 - 数据的插入、删除、修改,20821,2,,2018-06-27 22:01:08,2020-11-26 15:00:59
1093,博客系统  - 登录注册界面,6935,2,,2018-07-01 10:24:41,2018-07-06 09:59:38
1096,ZooKeeper之节点基本操作（一）,3196,2,,2018-07-02 14:40:19,2018-07-20 16:55:56
1101,使用Rails搭建用户模型,1203,2,,2018-07-05 09:43:15,2018-07-12 14:34:07
1103,大数据从入门到实战 - 第2章 分布式文件系统HDFS,71567,2,,2018-07-06 14:27:23,2018-07-16 11:19:53
1104,Java面向对象 - 封装、继承和多态,147513,2,,2018-07-06 16:06:30,2018-07-23 14:46:49
1105,使用Rails实现用户注册功能,1416,2,,2018-07-07 10:22:19,2018-07-20 09:39:48
1106,算法与竞赛(第3章) - C++与算法基础二,1987,2,,2018-07-08 20:12:51,2018-07-23 08:57:46
1107,jQuery动画,7164,2,,2018-07-10 11:07:06,2018-07-17 08:59:54
1111,使用Rails实现用户登录功能,1275,2,,2018-07-13 08:13:19,2018-08-24 09:38:57
1112,Scrapy爬虫（二）热门网站数据爬取,3751,2,,2018-07-13 15:47:43,2018-08-03 11:04:20
1113,大数据从入门到实战 - 第3章 MapReduce基础实战,38566,2,,2018-07-13 16:02:00,2018-08-03 11:27:11
1116,jQuery DOM操作,10952,2,,2018-07-16 15:17:32,2018-07-20 11:21:48
1117,Java面向对象 -  封装、继承和多态的综合练习,80031,2,,2018-07-17 00:31:18,2018-08-02 09:15:43
1119,MySQL数据库 - 数据库和表的基本操作（一）,46280,2,,2018-07-19 03:09:53,2018-07-25 08:49:14
1122,SQLServer第三章 - 数据的查询（一）,17396,2,,2018-07-19 16:19:54,2020-11-25 16:59:04
1124,算法与竞赛(第4章) - C++与算法基础三,447,2,,2018-07-19 22:12:46,2018-07-24 09:53:03
1125,jQuery遍历,7544,2,,2018-07-20 09:58:47,2018-07-31 09:28:30
1127,ZooKeeper之节点基本操作（二）,2559,2,,2018-07-21 10:38:19,2018-08-17 15:33:04
1130,数据库设计 - 博客系统,8224,2,,2018-07-23 17:10:56,2018-08-07 09:32:16
1133,Python入门之基础语法,119052,2,,2018-07-24 10:17:08,2018-07-25 09:45:01
1134,Python堆栈与队列,7399,2,,2018-07-24 10:40:24,2018-08-01 08:55:30
1137,Python入门之collections模块,14174,2,,2018-07-25 14:41:17,2018-07-30 15:55:27
1139,Python--进程和线程,3811,2,,2018-07-25 22:58:02,2018-08-08 16:59:19
1140,算法与竞赛(第5章) - C++与STL基础一,2730,2,,2018-07-25 23:23:01,2018-08-31 08:59:56
1142,Java面向对象 - 常用类,57105,2,,2018-07-26 14:08:37,2018-08-30 14:38:59
1144,MySQL数据库 - 数据库和表的基本操作（二）,29134,2,,2018-07-27 17:04:42,2018-07-31 09:38:53
1145,Python 数据解析：JSON与XML,5073,2,,2018-07-27 21:16:57,2018-07-31 14:35:50
1147,SQL Server第四章-数据的查询（二）,11317,2,,2018-07-30 20:35:32,2018-08-10 11:07:17
1148,Bootstrap 基础组件（二）,2963,2,,2018-07-31 14:54:26,2018-08-03 16:08:34
1150,Python基础之综合练习一,13963,2,,2018-08-02 14:02:06,2018-08-07 14:46:04
1151,MongoDB 数据库基本操作,11812,2,,2018-08-02 17:01:46,2018-08-16 10:21:15
1155,博客系统 - 用户模块,3411,2,,2018-08-06 15:10:39,2018-08-20 10:32:19
1156,Python 迭代器与生成器,3049,2,,2018-08-07 15:41:42,2018-08-10 10:11:48
1157,Python基础之综合练习二,11141,2,,2018-08-09 15:24:59,2018-08-13 09:25:00
1159,MySQL数据库 - 单表查询（一）,31947,2,,2018-08-11 16:18:14,2020-10-30 15:03:13
1160,Scrapy爬虫之拉勾网招聘数据分析,2552,2,,2018-08-14 10:45:26,2018-08-22 17:22:46
1162,ZooKeeper之分布式环境搭建,6630,2,,2018-08-14 19:57:17,2020-10-29 17:12:12
1163,SQL Server第五章-聚合函数在查询中的使用,11830,2,,2018-08-15 15:57:43,2018-08-23 09:29:19
1166,Java高级特性 - 多线程基础（1）使用线程,22363,2,,2018-08-17 15:38:19,2020-10-29 17:18:30
1168,Java高级特性 - 多线程基础（2）常用函数,14217,2,,2018-08-21 10:36:50,2018-08-23 14:35:54
1169,使用Rails展示和操作用户,1062,2,,2018-08-22 09:08:07,2018-09-07 09:53:47
1170,Python 正则表达式,7672,2,,2018-08-22 14:43:42,2018-08-27 15:54:15
1171,Java面向对象 - String类,65248,2,256.0,2018-08-23 08:39:13,2018-08-23 14:30:48
1172,Java面向对象 - 包装类 ,33620,2,,2018-08-23 10:20:02,2018-08-27 10:11:55
1175,SQL Server第六章-多表连接查询,11644,2,,2018-08-23 15:16:03,2018-09-17 08:55:27
1176,MongoDB数据库安全,6945,2,,2018-08-24 16:29:11,2018-08-30 14:09:13
1177,HTML——基本标签,44999,2,,2018-08-26 10:31:49,2018-08-29 11:11:26
1178,Java面向对象 - Java中的异常,51466,2,,2018-08-26 11:23:51,2018-08-29 14:31:17
1180,Java高级特性 - IO流,37025,2,,2018-08-29 10:34:45,2020-10-29 17:16:14
1181,Java面向对象 - 文件类,28590,2,,2018-08-29 15:11:35,2018-08-30 14:23:53
1182,HTML——表单类的标签,61644,2,,2018-08-29 16:18:18,2018-09-07 17:08:08
1183,MongoDB 之滴滴、摩拜都在用的索引,6125,2,,2018-08-29 16:38:00,2018-09-07 16:47:45
1186,算法与竞赛(第6章) - C++与STL基础二：栈stack与前中后缀表达式的应用,1560,2,,2018-08-31 10:57:22,2018-09-12 17:26:06
1187,Java高级特性 - 多线程基础（3）线程同步,13727,2,,2018-08-31 14:30:53,2018-09-30 15:35:51
1188,Rails电子邮件功能,832,2,,2018-09-03 23:45:43,2018-10-13 10:16:46
1190,MongoDB 之聚合函数查询统计,8388,2,,2018-09-05 14:14:42,2018-09-28 14:36:35
1191,HTML——表格,33593,2,,2018-09-05 15:04:54,2018-09-14 09:23:39
1193,MongoDB 复制集 & 分片,5422,2,,2018-09-06 10:02:00,2018-09-21 09:14:57
1194,Java生成验证码,6796,2,,2018-09-06 15:55:52,2018-09-17 16:25:45
1198,jQuery - 制作验证码,3976,2,,2018-09-07 11:03:30,2018-09-10 14:28:11
1201,JavaScript学习手册十六：浏览器对象模型,16116,2,,2018-09-10 12:00:17,2018-09-17 16:32:36
1203,算法与竞赛(第7章) - C++与STL基础三：队列以及优先队列的应用,1852,2,,2018-09-14 10:16:33,2018-10-18 11:02:46
1208,MySQL数据库 - 单表查询（二）,25614,2,,2018-09-15 23:06:40,2018-09-20 16:19:59
1218,Python—分支程序,12622,2,,2018-09-19 11:14:12,2020-12-02 14:35:01
1219,Python—循环程序,6873,2,,2018-09-19 11:47:40,2018-11-14 09:59:36
1220,Python—函数的定义与应用,4494,2,,2018-09-19 16:37:51,2018-11-15 14:47:30
1221,MySQL数据库 - 单表查询（三）,22031,2,,2018-09-19 22:23:29,2019-03-05 13:51:44
1243,全国高校绿色计算大赛 预赛第三阶段（Python）,1959,2,,2018-09-21 16:50:41,2018-10-28 09:35:14
1244,CSS从入门到精通——背景样式,25336,2,,2018-09-22 10:38:04,2018-09-26 10:24:48
1250,Python初体验——Hello World,74349,2,340.0,2018-09-26 09:37:13,2020-11-23 10:12:39
1253,CSS入门到精通——表格样式,18307,2,,2018-09-26 16:52:53,2018-10-10 11:01:32
1277,Hello World!,3206,2,,2018-10-06 19:38:28,2018-10-08 09:47:25
1279,使用Rails搭建微博模型,835,2,,2018-10-07 20:26:23,2018-10-13 15:52:20
1287,Java高级特性 - 多线程练习题,13723,2,,2018-10-10 17:16:12,2018-10-11 16:15:49
1291,使用Rails实现关注用户,887,2,,2018-10-11 17:29:05,2018-10-18 15:03:16
1294,JDBC基础编程练习,13417,2,,2018-10-12 10:35:13,2018-10-15 09:41:28
1300,Python的几种数据结构,21933,2,,2018-10-13 20:44:21,2020-11-23 10:14:13
1301,算法与竞赛(第8章) - 数学基础之数值计算,204,2,,2018-10-14 13:49:55,2018-10-18 11:02:42
1305,Echarts开源库实现绘图,2623,2,,2018-10-16 16:52:37,2018-10-23 17:00:02
1308,Ruby on Rails 生成验证码,603,2,,2018-10-17 09:25:21,2018-10-29 15:30:18
1314,Spark的安装与使用,8514,2,,2018-10-17 23:29:16,2018-10-25 16:01:53
1318,机器学习实战练习——标签推荐,424,2,1027.0,2018-10-19 09:31:11,2018-10-21 09:35:12
1320,机器学习实战练习——次年购买车险概率预测,751,2,1078.0,2018-10-19 09:35:23,2018-10-21 09:35:17
1327,人脸识别系统 —— OpenCV人脸检测,4390,2,,2018-10-20 17:55:35,2018-10-26 10:57:18
1331,HBase的安装与简单操作,40670,2,,2018-10-21 11:28:32,2018-11-04 17:22:43
1333,Hive的安装与配置,25496,2,,2018-10-21 11:53:23,2020-11-12 18:13:46
1342,C语言运算符与表达式,16425,2,344.0,2018-10-21 12:59:37,2018-10-22 09:03:38
1350,亲和性分析——商品推荐,3867,2,,2018-10-21 14:21:25,2019-04-17 08:22:21
1352,数据清洗,622,2,,2018-10-21 14:27:27,
1370,C语言最基本的输入输出,3571,2,,2018-10-21 18:09:20,2018-10-22 09:03:49
1381,C++ 面向对象 - 类和对象的创建和使用,52980,2,,2018-10-24 19:52:38,2018-10-26 14:50:34
1383,人脸识别系统——Dlib人脸检测,2022,2,,2018-10-25 16:28:32,2018-11-08 09:18:21
1389,C语言程序设计基础实验-选择结构设计,1471,2,,2018-10-26 15:03:58,2018-10-29 10:32:54
1395,算法与竞赛(第9章) - 数学基础进阶：期望与概率,195,2,,2018-10-26 21:36:53,2018-11-08 15:48:33
1397,人脸识别系统——Dlib人脸特征提取,1429,2,,2018-10-27 19:38:30,2018-11-07 13:34:30
1398,C语言选择结构程序设计,7960,2,,2018-10-28 21:06:02,2018-10-29 10:02:57
1403,初识Redis,7032,2,,2018-10-29 16:12:17,2018-11-25 10:39:12
1404,Python基础数值运算、组合数据类型的基本操作,4865,2,,2018-10-29 18:53:53,2018-11-04 16:27:58
1405,算法与竞赛(第10章) - 数论基础,215,2,,2018-10-29 23:10:39,2018-11-13 10:45:55
1406,算法与竞赛(第11章) - 数论进阶,141,2,,2018-10-29 23:13:07,2018-11-13 11:17:51
1419,Redis基本命令,5620,2,,2018-10-31 15:54:00,2018-11-18 10:12:14
1423,C++ 面向对象 - 构造函数与析构函数,34305,2,,2018-11-01 13:50:59,2018-11-04 15:20:01
1452,Redis命令实践,3316,2,,2018-11-02 21:56:16,2018-11-19 16:13:39
1454,C++ 面向对象 - 类的继承与派生,24531,2,,2018-11-03 13:57:52,2020-10-30 09:48:14
1455,人脸识别系统——Dlib人脸识别,1310,2,,2018-11-03 16:39:53,2018-11-14 11:39:34
1456,人脸识别系统——Face recognition 人脸识别,9095,2,,2018-11-03 16:42:31,2018-11-16 15:59:50
1462,C语言循环结构程序设计,3154,2,,2018-11-04 20:06:16,2018-11-05 09:12:29
1466,基于MVC模式的用户登录,12541,2,,2018-11-05 09:48:20,2018-11-05 18:55:11
1467,C语言循环程序设计之嵌套循环,4072,2,,2018-11-05 13:31:04,2018-11-05 17:23:56
1470,第一届全国高校绿色计算大赛 决赛第三阶段（Java）,2339,2,,2018-11-06 08:48:24,2018-11-11 09:57:56
1472,HBase的安装与简单操作,11551,2,1331.0,2018-11-06 10:05:14,2020-11-12 18:10:02
1474,HBase 伪分布式环境搭建,21877,2,,2018-11-06 13:50:18,2018-11-07 08:38:17
1475,基于MVC模式的用户登录,8531,2,1466.0,2018-11-06 14:11:19,2018-11-07 14:33:39
1481,C++ 面向对象 - 类的多态性与虚函数,20877,2,,2018-11-06 19:02:20,2018-11-12 17:33:52
1488,全国高校绿色计算大赛 决赛第二阶段（Java）,4199,2,,2018-11-07 14:38:39,2018-11-11 09:57:49
1492,算法与竞赛(第12章) - 计数基础,128,2,,2018-11-07 23:10:02,2018-11-29 09:08:11
1493,算法与竞赛(第13章) - 计数进阶,124,2,,2018-11-07 23:12:18,2018-11-29 09:22:35
1495,C语言循环之穷举法和递推法,1608,2,,2018-11-08 10:04:30,2018-11-08 12:06:49
1497,Redis安全与性能,3196,2,,2018-11-08 13:45:32,2018-11-29 10:13:43
1501,Tensorflow入门--运算,1413,2,,2018-11-09 19:14:24,2018-11-20 16:20:47
1502,基于方法规格设计编写单元测试用例,679,2,,2018-11-10 14:51:03,2018-11-12 19:29:03
1503,基于类规格设计编写单元测试用例,418,2,,2018-11-10 16:13:51,2018-11-12 19:29:05
1504,C语言程序设计编辑与调试环境,308557,2,,2018-11-10 16:34:42,2020-10-29 18:31:46
1509,使用Redis构建支持程序,1753,2,,2018-11-12 17:15:13,2018-12-13 14:21:50
1515,顺序结构程序设计,243128,2,,2018-11-13 00:09:19,2018-11-21 12:26:27
1516,选择结构程序设计,192116,2,,2018-11-13 00:10:38,2020-11-17 09:57:04
1517,循环结构程序设计1,197175,2,,2018-11-13 00:11:48,2018-11-22 10:00:32
1518,循环结构程序设计2,170557,2,421.0,2018-11-13 00:27:56,2020-10-29 18:29:50
1519,C语言 函数程序设计,3041,2,,2018-11-13 11:51:37,2018-11-15 11:14:11
1522,C++ 面向对象 - 运算符重载与友元函数,23139,2,,2018-11-14 10:22:48,2018-11-18 14:53:27
1526,PostgreSQL-入门,607,2,,2018-11-14 19:26:15,2018-11-22 11:14:20
1527,C语言 函数程序设计之递归,2618,2,,2018-11-14 20:47:05,2018-11-15 14:47:15
1542,PostgreSQL-数据定义,392,2,,2018-11-17 13:52:58,2018-11-25 13:46:42
1547,MongoDB实验——数据库基本操作,15775,2,1151.0,2018-11-18 09:48:16,2018-11-23 15:41:25
1548,HBase 开发：使用Java操作HBase,21008,2,,2018-11-18 16:32:14,2020-11-09 11:23:02
1552,初识 MongoDB,23209,2,,2018-11-19 09:37:24,2018-11-22 09:47:47
1591,选择结构程序设计进阶,131217,2,,2018-11-21 13:24:11,2018-11-21 17:29:02
1594,HBase 开发：批量操作,7341,2,,2018-11-21 17:56:28,2018-11-26 13:52:10
1600,深度学习篇-Keras（初级）,1267,2,,2018-11-23 09:40:52,2019-03-01 08:47:14
1603,PostgreSQL-数据操作,341,2,,2018-11-23 12:09:25,2018-11-29 16:56:42
1604,C++ 面向对象 - STL 的应用,11720,2,,2018-11-23 12:13:04,2018-11-25 16:47:37
1605,PostgreSQL-查询理论,277,2,,2018-11-23 13:06:28,2018-12-10 09:04:09
1606,PostgreSQL-单表查询,165,2,,2018-11-23 13:07:05,2019-01-15 11:17:35
1607,PostgreSQL-多表查询,98,2,,2018-11-23 13:07:34,2019-01-15 14:28:45
1608,PostgreSQL-视图索引事务,79,2,,2018-11-23 13:10:53,2019-02-27 15:13:09
1609,PostgreSQL-数据库系统管理,80,2,,2018-11-23 13:12:01,2019-03-18 14:18:18
1621,算法与竞赛(第14章) - 矩阵基本运算,269,2,,2018-11-24 16:47:29,2018-11-29 10:27:44
1624,C语言 一维数组和函数综合练习,6717,2,,2018-11-25 18:39:21,2018-11-26 11:57:16
1625,C语言 二维数组和函数综合编程练习,2473,2,,2018-11-25 19:18:33,2018-11-26 08:47:16
1628,HBase开发：表的扫描与扫描的缓存和批量处理,6546,2,,2018-11-25 22:49:35,2018-11-26 21:59:11
1630,MongoDB 文档的高级查询操作,11206,2,,2018-11-26 11:14:42,2018-11-30 13:54:52
1631,C语言 字符数组和字符串,1296,2,,2018-11-26 13:11:08,2018-11-26 14:32:10
1632,HBase 开发：批量操作,2185,2,1594.0,2018-11-26 13:46:12,2018-11-26 21:59:07
1634,使用Redis构建自动补全组件,2078,2,,2018-11-26 16:22:02,2018-12-14 11:48:13
1635,基于JSP的网上商城,24315,2,,2018-11-26 16:59:13,2020-11-06 18:15:25
1642,HBase开发： Java API 管理表,9898,2,,2018-11-27 14:22:29,2018-12-03 17:35:33
1643,Java查找算法之折半查找,1791,2,,2018-11-27 14:49:07,2018-11-28 17:10:10
1650,分布式锁与信号量,2029,2,,2018-11-28 21:25:14,2019-01-03 14:43:44
1651,函数,170618,2,,2018-11-29 13:05:17,2018-12-04 11:01:48
1652,递归函数、嵌套函数,89190,2,,2018-11-29 13:15:07,2018-12-04 14:00:31
1653,一维数组和二维数组,184709,2,,2018-11-29 13:16:24,2020-11-12 18:25:45
1654,字符数组,143386,2,,2018-11-29 13:16:53,2020-10-30 09:47:06
1655,指针,71284,2,,2018-11-29 13:18:11,2018-12-05 10:14:46
1656,指针进阶,50545,2,,2018-11-29 13:18:37,2018-12-05 10:19:41
1657,结构体,79793,2,,2018-11-29 13:19:04,2018-12-05 10:35:53
1658,文件,36168,2,,2018-11-29 13:19:37,2018-12-05 16:23:14
1664,JSP基础之网站用户管理,23053,2,,2018-11-30 10:24:21,2019-01-22 15:10:54
1673,算法与竞赛(第15章) - 矩阵高级运算,145,2,,2018-11-30 20:36:33,2018-12-16 15:36:29
1674,C语言 指针,4853,2,,2018-12-01 20:51:44,2018-12-03 19:15:53
1675,C&C++ 面向过程编程综合练习,28361,2,,2018-12-02 10:59:25,2018-12-04 14:37:24
1685,HBase高级特性：过滤器（一）,6283,2,,2018-12-03 16:44:16,2018-12-05 20:49:05
1686,MongoDB 实验——数据备份和恢复,4989,2,,2018-12-04 09:46:25,2018-12-09 15:44:55
1687,MongoDB 实验——数据库优化,2823,2,,2018-12-04 09:48:40,2018-12-24 17:52:41
1688,指针应用,6044,2,,2018-12-04 11:22:25,2018-12-04 15:43:28
1690,Scala语言第一章,3771,2,,2018-12-04 16:30:03,2019-01-30 12:38:01
1693,算法设计与分析：大整数的加减乘除运算,6263,2,,2018-12-05 12:57:52,2018-12-08 14:27:22
1695,使用Redis构建任务队列,3244,2,,2018-12-05 15:17:24,2019-01-03 14:39:19
1697,HBase高级特性：过滤器（二）,5290,2,,2018-12-06 16:17:57,2018-12-11 20:37:27
1707,结构体,5044,2,,2018-12-08 17:19:13,2018-12-09 15:16:09
1708,算法设计与分析：枚举和递推的运用,3739,2,,2018-12-08 20:25:07,2018-12-09 09:52:13
1709,算法设计与分析：动态规划算法思想的应用,6208,2,,2018-12-09 19:08:18,2018-12-10 09:03:41
1713,算法设计与分析：贪心算法思想的应用,4459,2,,2018-12-10 19:42:49,2018-12-12 09:21:20
1715,算法设计与分析：回溯法算法思想的应用,5337,2,,2018-12-11 10:48:05,2018-12-12 09:24:07
1717,MongoDB 实验——java 和 MongoDB,6262,2,,2018-12-11 14:49:15,2018-12-27 16:46:02
1727,Python 计算思维训练——输入和错误处理,10931,2,,2018-12-12 19:49:33,2018-12-17 10:24:07
1729,Python 计算思维训练——公式编程,33696,2,,2018-12-12 22:59:41,2018-12-16 20:16:21
1744,Python 计算思维训练——循环与列表（二）,18169,2,,2018-12-15 14:16:30,2018-12-18 09:46:34
1745,Python 计算思维训练——循环与列表（一）,34961,2,,2018-12-15 16:33:04,2018-12-18 09:41:52
1746,Python 计算思维训练——循环与列表（三）,14286,2,,2018-12-16 09:44:39,2018-12-19 15:06:09
1754,C文件操作,10788,2,,2018-12-16 20:50:47,2018-12-17 14:28:26
1760,Python 计算思维训练——公式计算,19650,2,,2018-12-17 16:15:30,2018-12-21 16:13:49
1761,Keras应用第一章 — 手写数字数据预处理,440,2,,2018-12-17 18:08:50,2019-01-31 23:49:56
1762,Python 计算思维训练——字典和字符串（一）,11920,2,,2018-12-17 22:56:42,2018-12-23 15:40:44
1764,Python 计算思维训练——数组计算与曲线绘制,9274,2,,2018-12-18 13:07:13,2018-12-21 15:28:45
1765,Python 计算思维训练——字典和字符串（二）,6980,2,,2018-12-18 20:38:16,2018-12-23 16:00:08
1768,Python 计算思维训练——绘图进阶,11164,2,,2018-12-19 17:18:30,2018-12-29 10:08:00
1778,Java 字符串与集合练习——词频统计,17456,2,,2018-12-20 20:46:19,2020-10-29 17:14:01
1786,HBase综合测试,8171,2,,2018-12-21 17:51:29,2018-12-25 16:35:32
1792,Java算法与数据结构测试——插入排序,2217,2,,2018-12-23 11:37:56,2018-12-23 17:40:38
1793,Java算法与数据结构测试——选择排序,1847,2,,2018-12-23 14:24:49,2018-12-23 17:40:42
1796,Java算法与数据结构测试——二叉树,1882,2,,2018-12-23 15:13:41,2018-12-23 16:52:02
1805,Python基础之综合练习一,3398,2,1150.0,2018-12-25 22:29:32,2018-12-26 09:02:41
1807,Python 计算思维训练——绘图进阶,691,2,1768.0,2018-12-25 22:33:00,2018-12-26 09:02:36
1810,使用Redis进行搜索,1065,2,,2018-12-26 11:32:30,2019-01-13 16:13:06
1837,Python 计算思维训练——数组和曲线绘制练习（一）,12274,2,,2018-12-27 17:32:09,2018-12-29 17:02:17
1839,Python 计算思维训练——输入和错误处理练习（一）,10510,2,,2018-12-27 19:42:36,2019-01-02 11:36:33
1841,Python 计算思维训练——字典与字符串练习（一）,10166,2,,2018-12-28 10:33:42,2019-01-04 17:18:19
1844,Python 计算思维训练——字典与字符串练习（二）,11645,2,,2018-12-28 13:53:31,2019-01-13 17:25:51
1845,Python计算思维训练——数组和曲线绘制练习（二）,13070,2,,2018-12-28 16:54:26,2019-01-03 11:26:37
1846,Java高级特性 - Java反射,3911,2,,2018-12-28 19:22:10,2019-01-20 16:29:17
1848,Python 计算思维训练——输入和错误处理练习（二）,12350,2,,2018-12-29 16:11:45,2019-01-06 14:54:40
1850,Python计算思维训练——数组和曲线绘制练习（三）,13602,2,,2018-12-30 15:43:42,2019-01-14 16:54:46
1863,PHP语言之正则表达式,1487,2,,2019-01-03 16:52:06,2019-02-14 10:28:55
1867,使用Redis构建简单的社交网站,2712,2,,2019-01-05 13:14:18,2019-01-13 16:13:24
1869,Python 计算思维训练——密码破解与电子取证,743,2,,2019-01-05 16:30:28,2019-01-08 09:20:01
1880,Python 计算思维训练——SAR图像处理,846,2,,2019-01-09 14:18:24,2019-01-15 09:24:56
1891,旅游网站大数据分析 - 数据抓取,9187,2,,2019-01-13 16:09:30,2019-01-30 11:41:22
1894,旅游网站大数据分析 - 数据清洗,5062,2,,2019-01-15 18:38:36,2019-01-30 11:41:25
1895,TensorFlow入门--张量的定义与基本运算,926,2,,2019-01-15 19:33:05,2019-01-22 16:34:06
1905,Spring 之依赖注入,7257,2,,2019-01-21 20:34:05,2019-02-21 12:41:12
1906,Spark RDD编程初级实践,2987,2,,2019-01-22 13:54:31,2019-02-19 10:12:10
1913, TensorFlow入门--张量运算进阶,890,2,,2019-01-25 16:14:23,2019-01-28 15:36:40
1919,MySQL数据库 - 使用聚合函数查询,18353,2,,2019-01-31 10:41:06,2019-02-15 10:46:56
1923, TensorFlow入门--队列与TensorBoard操作,612,2,,2019-02-02 21:13:09,2019-02-12 13:12:18
1924,MySQL数据库 - 连接查询,23963,2,,2019-02-04 09:54:19,2019-02-18 10:18:04
1926,TensorFlow入门--构建神经网络,2278,2,,2019-02-11 12:52:11,2019-02-13 19:08:45
1931,旅游网站大数据分析 - 数据存储,6366,2,,2019-02-15 10:38:08,2019-02-22 09:26:12
1936,MySQL数据库 - 子查询,20691,2,,2019-02-18 09:55:37,2019-02-22 09:34:41
1943,Spring 获取对象原理,2293,2,,2019-02-20 14:54:12,2019-06-05 17:00:28
1946,汇编语言程序设计实验一：顺序结构,8302,2,,2019-02-21 11:12:21,2020-09-17 11:08:26
1948,旅游网站之数据分析,5721,2,,2019-02-21 15:44:37,2019-03-11 17:53:46
1950,人工智能之盲目搜索算法,4611,2,,2019-02-22 19:08:19,2019-02-25 19:10:48
1959,Java高级之面向对象（上）,24071,2,,2019-02-23 16:05:02,2019-02-24 15:38:44
1963,云计算与分布式系统练习——hadoop,875,2,,2019-02-23 19:03:10,2019-02-27 14:54:34
1970,人工智能之启发式搜索算法,4114,2,,2019-02-24 16:56:09,2019-03-05 17:27:50
1982,Hive表DDL操作（一）,12830,2,,2019-02-25 10:29:56,2019-03-06 14:54:33
1984,简单的C程序,43268,2,,2019-02-25 15:55:00,2019-02-27 14:14:17
1988,基本输入输出操作,53222,2,,2019-02-25 21:00:30,2019-02-27 14:15:23
1991,选择结构程序设计,27806,2,,2019-02-26 11:15:59,2019-02-27 14:15:58
1992,汇编语言程序设计实验二：分支结构,5203,2,,2019-02-26 12:47:27,2020-09-17 11:08:31
1994,汇编语言程序设计实验三：循环结构,4499,2,,2019-02-26 14:01:14,2020-09-17 11:08:33
1996,汇编语言程序设计实验四：综合,3868,2,,2019-02-26 15:19:05,2020-09-17 11:08:36
1999,三种循环语句的使用,52977,2,,2019-02-26 22:25:42,2020-12-03 14:57:28
2013,基于Keras的人脸识别,583,2,,2019-02-27 15:06:13,2019-03-04 15:27:23
2014,循环嵌套和流程转移控制,16046,2,,2019-02-27 15:46:31,2019-03-04 16:44:40
2015,数组及其应用,45680,2,,2019-02-27 17:31:35,2019-03-04 09:51:36
2024,字符数组及其字符串应用,25889,2,,2019-02-28 17:16:46,2019-03-04 16:43:26
2032,深入浅出 Python 机器学习：数据生成,1321,2,,2019-03-01 13:06:00,2019-03-05 14:38:22
2033,函数及其应用,20782,2,,2019-03-01 14:31:51,2019-03-04 14:56:13
2036,基于数组的工资处理系统,13520,2,,2019-03-01 19:48:10,2019-03-07 08:47:21
2037,指针及其应用,32943,2,,2019-03-01 19:56:42,2019-03-04 16:31:18
2045,Hive表DDL操作（二）,7959,2,,2019-03-04 10:25:36,2019-03-19 14:15:53
2050,C语言——运算符和表达式,4203,2,,2019-03-05 11:38:07,2019-03-13 09:23:52
2054,结构体与共用体,15505,2,,2019-03-05 22:20:53,2019-03-06 15:08:32
2068,Numpy进阶,8537,2,,2019-03-06 14:12:59,2019-03-14 15:56:03
2069,链表的基本操作,7335,2,,2019-03-06 14:32:34,2019-03-07 09:02:20
2072,文件及其应用,8083,2,,2019-03-06 20:15:53,2019-03-12 09:01:48
2075,基于结构体的学生信息管理系统,17306,2,,2019-03-07 16:54:23,2019-03-12 09:11:32
2096,神经网络,1002,2,,2019-03-08 14:27:04,2019-03-19 17:05:33
2101,深入浅出 Python 机器学习：数据可视化,2202,2,,2019-03-09 17:28:44,2019-03-28 09:44:53
2102,人工智能之MinMax算法,2374,2,,2019-03-09 22:04:39,2019-03-19 17:26:39
2103,人工智能之AlphaBeta剪枝算法,2403,2,,2019-03-10 10:10:18,2019-03-29 09:56:21
2107,用LEX(FLEX)生成PL语言的词法分析器,15843,2,,2019-03-11 12:57:19,2019-04-01 21:07:07
2109,用YACC(BISON)生成语法分析和翻译器,1957,2,,2019-03-11 13:02:09,2019-04-08 23:14:48
2110,PL语言编译程序扩充,2247,2,,2019-03-11 13:05:32,2019-04-08 23:23:48
2118,企业岗位需求决策（二）：数据清洗,336,2,,2019-03-12 08:26:14,2019-03-14 15:25:05
2120,企业岗位需求决策（三）：数据可视化,300,2,,2019-03-12 13:43:21,2019-03-21 11:35:39
2139,C#初体验,8206,2,553.0,2019-03-14 20:42:43,2019-03-14 20:43:05
2141,C#变量,4982,2,557.0,2019-03-14 20:53:43,2019-03-14 20:54:16
2142,C#变量拓展,6564,2,558.0,2019-03-14 20:55:38,2019-03-14 21:02:23
2143,C#程序流程控制（一）,2667,2,559.0,2019-03-14 20:57:00,2019-03-14 21:02:14
2144,C#程序流程控制（二）,2626,2,560.0,2019-03-14 20:57:46,2019-03-14 21:02:13
2145,C#循环语句,5673,2,561.0,2019-03-14 20:58:36,2019-03-14 21:02:12
2146,C#函数,5683,2,562.0,2019-03-14 20:59:38,2019-03-14 21:02:09
2147,C#异常处理,3981,2,564.0,2019-03-14 21:01:39,2019-03-14 21:02:05
2149,分类性能评价指标,974,2,,2019-03-15 09:53:54,2019-03-18 16:10:06
2159,RDD概述,2597,2,,2019-03-15 16:58:48,2019-04-27 09:29:43
2163,RDD的创建 -Scala,3792,2,,2019-03-16 10:46:02,2019-04-27 11:01:55
2169,聚类性能评估指标,306,2,,2019-03-18 09:08:25,2019-03-21 08:54:28
2173,kafka-入门篇,2548,2,,2019-03-18 16:01:45,2019-04-16 09:30:53
2180,算子概述,181,2,,2019-03-19 08:49:33,2019-05-30 10:02:23
2181,机器学习之随机森林,362,2,,2019-03-19 08:54:06,2019-03-21 09:38:37
2182,Spark算子--Scala版本,7236,2,,2019-03-19 09:01:31,2019-04-27 14:54:42
2190,Hive 表 DML 操作,10987,2,,2019-03-19 14:22:20,2019-04-01 11:17:00
2191,旅游网站之数据可视化,4553,2,2123.0,2019-03-19 14:32:22,2019-03-19 14:52:40
2198,Spark任务提交,4552,2,,2019-03-20 14:40:29,2019-04-27 10:05:23
2199,共享单车之数据存储,8221,2,,2019-03-20 16:04:49,2019-04-04 09:32:55
2202,Spark运行架构及流程,3336,2,,2019-03-20 16:38:12,2019-04-27 11:30:49
2206,SparkContext初始化--Scala篇,982,2,,2019-03-21 11:10:05,2019-04-27 11:32:45
2209,Jquery事件,8113,2,,2019-03-21 14:12:08,2019-03-26 10:20:02
2217,共享单车之数据分析,7676,2,,2019-03-22 15:17:24,2019-04-04 09:32:53
2222,人工智能之决策树算法,1147,2,,2019-03-23 15:18:13,2019-04-01 10:30:51
2225,C语言选择结构程序设计(公共C),2058,2,1398.0,2019-03-25 08:29:52,2019-03-26 09:00:00
2236,共享单车之数据可视化,4975,2,,2019-03-26 16:50:37,2019-04-04 09:32:58
2237,PostgreSQL-客户端编程,152,2,,2019-03-27 09:44:31,2019-04-01 10:13:44
2242,C语言——实验课大作业,12611,2,,2019-03-27 16:36:14,2019-05-17 15:46:30
2254,CNN图片分类基础,4087,2,,2019-03-28 19:05:55,2019-04-02 10:24:24
2255,深入浅出 Python 机器学习：K最近邻算法,1069,2,,2019-03-28 19:57:23,2019-04-08 15:55:21
2258,基于TCP协议的Client/Server程序开发实例,2004,2,,2019-03-28 21:19:36,2019-04-27 15:18:23
2265,C#顺序结构程序设计,6400,2,,2019-03-31 08:59:34,2019-04-10 15:26:26
2266,C#选择结构程序设计,9176,2,,2019-03-31 09:00:22,2019-04-10 15:11:03
2267,C#循环结构程序设计,8204,2,,2019-03-31 09:01:02,2019-04-09 08:45:20
2270,数据结构-稀疏矩阵的转置,3235,2,1937.0,2019-03-31 13:39:02,2019-04-02 14:11:22
2276,RNN快速入门,1236,2,,2019-04-02 11:48:26,2019-04-11 11:04:50
2288,C语言循环程序设计基础,469,2,,2019-04-03 11:51:23,2019-04-03 16:44:52
2293,switch结构应用——简单菜单设计,1924,2,,2019-04-04 13:20:46,2019-04-08 11:10:56
2303,第二届全国高校绿色计算大赛 预赛第一阶段（SQL）,2806,2,,2019-04-08 12:02:11,2019-07-27 09:00:56
2304,数据挖掘算法原理与实践：数据预处理,6923,2,,2019-04-08 14:33:07,2019-06-20 16:02:45
2306,NumPy基础及取值操作,16049,2,,2019-04-08 15:08:27,2019-04-12 09:05:09
2314,SparkSQL简单使用,3142,2,,2019-04-09 16:22:19,2019-05-22 15:01:39
2316,C语言循环结构程序设计基础II,1655,2,1518.0,2019-04-10 08:52:41,2019-04-10 10:28:33
2317,MySQL数据库 - 分组选择数据,11907,2,,2019-04-10 09:03:47,2019-04-15 09:29:07
2324,NumPy数组的高级操作,10424,2,,2019-04-11 08:54:04,2019-08-20 11:01:00
2333,C#循环程序设计2(多重循环),5164,2,,2019-04-11 11:15:18,2019-04-11 15:58:18
2338,数据库查询 - 选课系统,9702,2,,2019-04-11 15:35:56,2019-04-15 09:34:27
2341,机器学习 --- 线性回归,12321,2,,2019-04-12 09:35:00,2019-04-12 14:08:10
2342,机器学习 --- 逻辑回归,10900,2,,2019-04-12 09:35:55,2020-10-30 10:01:23
2343,机器学习 --- 模型评估、选择与验证,11042,2,,2019-04-12 11:05:02,2019-04-12 14:58:01
2344,机器学习 --- 绪论,8869,2,,2019-04-12 13:25:56,2019-04-12 15:06:51
2349,机器学习 --- 线性判别分析,2700,2,,2019-04-12 15:46:16,2019-04-13 16:09:12
2350,机器学习 --- 多分类学习,3014,2,,2019-04-12 15:48:03,2019-04-13 16:04:43
2356,用JAVACC生成并扩充C语言的语法分析器,3105,2,,2019-04-13 10:38:57,2019-04-14 12:05:47
2359,基于CRNN的文本识别,1425,2,,2019-04-13 13:40:28,2019-04-20 09:00:35
2361,深入浅出 Python 机器学习：广义线性模型,406,2,,2019-04-13 16:44:11,2019-04-22 16:58:18
2363,MySQL开发技巧 - 分页和索引,5376,2,,2019-04-14 20:47:54,2019-06-13 10:52:34
2366,Keras实战---猫狗大战,1204,2,2063.0,2019-04-15 09:03:56,2019-04-15 12:40:38
2367,机器学习 --- 感知机,3869,2,,2019-04-15 09:24:39,2019-04-15 13:59:12
2368,Java高级特性 - JDBC（上）,19138,2,,2019-04-15 11:27:06,2019-04-22 17:14:11
2370,Hadoop开发环境搭建,80575,2,1052.0,2019-04-15 12:42:08,2020-11-09 11:30:31
2371,深度学习中的正则化,617,2,,2019-04-15 13:53:58,2019-04-26 15:02:50
2372,机器学习 --- 神经网络,7073,2,,2019-04-15 13:57:51,2019-04-18 15:00:46
2373,机器学习 --- 决策树,10498,2,,2019-04-15 14:09:04,2019-04-17 15:17:11
2374,Spark算子 - JAVA版本,413,2,,2019-04-15 15:59:56,2019-04-19 10:47:54
2379,C语言 循环程序设计(三) 循环嵌套和流程控制,3683,2,2014.0,2019-04-16 16:43:20,2019-04-17 09:01:07
2380,Pandas进阶,5886,2,,2019-04-16 16:47:03,2019-04-22 14:32:04
2381,深度学习中的优化方法 ,260,2,,2019-04-16 17:02:21,2019-04-19 08:57:36
2388,机器学习 --- 朴素贝叶斯分类器,9669,2,,2019-04-18 08:43:29,2019-04-18 15:22:59
2396,Spring 入门,10234,2,,2019-04-18 15:42:54,2019-05-14 09:24:01
2397,Spark算子综合案例 - JAVA篇,201,2,,2019-04-18 16:21:23,2019-04-19 14:08:57
2404,Spark算子综合案例 - Scala篇,687,2,,2019-04-19 11:07:16,2019-04-27 11:19:22
2405,机器学习之支持向量回归(SVR),4622,2,,2019-04-19 11:24:11,2019-04-30 17:26:46
2406,共享单车之租赁需求预估,4911,2,,2019-04-19 14:18:44,2019-04-20 17:18:30
2407,SparkContext初始化--Java篇,790,2,,2019-04-19 15:23:52,2019-04-27 15:22:45
2408,RDD的创建 -Java,717,2,,2019-04-19 16:32:36,2019-04-27 10:24:55
2410,SparkStreaming--Java,270,2,,2019-04-20 10:45:05,2019-05-10 11:28:23
2412,神经风格迁移---让机器像艺术家一样作画,453,2,,2019-04-22 08:52:11,2019-04-26 09:41:34
2413,Java高级特性 - JDBC（下）,10879,2,,2019-04-22 14:16:37,2019-04-27 10:01:46
2416,DeepDream---让计算机成为抽象派画家,575,2,,2019-04-22 16:24:38,2019-04-25 09:41:53
2424,SparkStreaming--scala,2048,2,,2019-04-23 16:27:35,2019-05-10 11:28:27
2429,C语言循环程序设计(四）穷举与递推 (公共C),1242,2,,2019-04-24 08:46:28,2019-04-24 13:12:32
2441,kNN算法原理,862,2,,2019-04-25 09:00:25,2019-04-25 15:10:42
2442,sklearn中的kNN算法,832,2,,2019-04-25 10:15:32,2019-04-25 15:17:01
2443,使用kNN算法对红酒进行分类,2116,2,,2019-04-25 10:16:22,2019-04-25 15:20:20
2445,机器学习 --- EM算法,2032,2,,2019-04-26 09:03:50,2019-04-29 14:39:08
2448,SparkSQL数据源,1981,2,,2019-04-26 16:00:18,2019-05-22 10:42:13
2449,RDD的创建 - Python,4360,2,,2019-04-27 08:56:53,2019-04-27 14:52:55
2451,Spark算子 - Python,3998,2,,2019-04-27 10:41:25,2019-04-29 15:22:18
2455,理解GRU网络,132,2,,2019-04-28 08:57:06,2019-05-05 17:09:30
2459,spark算子简单案例 - Python,3509,2,,2019-04-29 10:23:17,2019-04-29 14:23:23
2464,机器学习 --- 高斯混合聚类,908,2,,2019-04-30 09:17:53,2019-05-09 15:36:04
2465,[YZNCXB] C函数，函数指针，函数指针数组,322,2,76.0,2019-04-30 09:51:00,2019-05-09 15:29:44
2471,机器学习 --- k-means,7729,2,,2019-05-04 18:02:19,2019-05-05 14:02:12
2473,机器学习之随机森林算法,3024,2,,2019-05-05 10:58:09,2019-05-05 16:21:16
2475,机器学习 --- DBSCAN,2313,2,,2019-05-05 11:06:49,2019-05-05 14:09:11
2476,机器学习 --- Adaboost,3288,2,,2019-05-05 14:06:24,2019-05-09 15:36:14
2477,机器学习 --- 聚类性能评估指标,1148,2,,2019-05-05 15:10:09,2019-05-05 17:00:46
2478,机器学习 --- AGNES,1072,2,,2019-05-05 16:38:24,2019-05-06 14:48:45
2483,Spring 的 Bean 管理,3335,2,,2019-05-06 09:12:06,2019-05-28 14:53:13
2495,PythonWeb框架 - 使用Flask框架操作数据库,2376,2,,2019-05-07 14:21:00,2019-05-12 00:08:51
2496,《深入理解计算机系统》Lab2:Bomb Lab,4077,2,1998.0,2019-05-07 15:03:25,2020-11-03 17:21:50
2499,机器学习 --- 多维缩放,1307,2,,2019-05-08 09:10:15,2019-05-09 15:36:10
2500,机器学习 --- 局部线性嵌入,1101,2,,2019-05-08 15:27:24,2019-05-14 15:25:33
2502,Spark GraphX—预测社交圈子,641,2,,2019-05-08 20:16:05,2019-06-03 11:24:20
2504,Spark GraphX—构建图及相关操作,1631,2,,2019-05-09 14:33:10,2019-06-03 11:24:07
2505,机器学习 --- kNN算法,4338,2,,2019-05-09 14:49:02,2020-12-02 14:37:05
2507,Spark GraphX—寻找社交媒体中的“影响力用户”,746,2,,2019-05-09 17:25:21,2019-06-03 11:27:13
2512,机器学习 --- 等度量映射,1178,2,,2019-05-10 12:23:59,2019-05-13 09:42:24
2514,程序设计部分 C 语言的基本成分 — 控制成分（一）,141,2,,2019-05-10 14:42:11,2019-05-14 14:07:50
2515,Spark Streaming ,787,2,,2019-05-10 14:42:12,2019-05-29 15:25:33
2516,Scala函数式编程,2300,2,,2019-05-11 13:22:46,2019-06-03 11:40:30
2519,程序设计部分 C 语言的基本成分 — 控制成分（二）,85,2,,2019-05-12 14:42:34,2019-05-24 15:46:21
2522,程序设计部分 C 语言的基本成分 — 控制成分习题,153,2,,2019-05-12 22:47:33,2019-05-16 09:33:19
2525,机器学习 --- PCA,2983,2,,2019-05-14 09:03:09,2019-05-14 17:34:00
2529,C#类（一）：类和对象,12154,2,565.0,2019-05-14 09:39:22,2019-05-14 11:09:24
2530,C#类（二）：继承和多态,5546,2,566.0,2019-05-14 09:40:40,2019-05-14 09:58:15
2541,Matlab典型随机信号模拟,1644,2,,2019-05-14 16:07:29,2019-05-17 18:50:39
2544,Hive基本查询操作（一）,10168,2,,2019-05-15 09:24:12,2019-05-20 11:01:46
2545,Hive基本查询操作（二）,8427,2,,2019-05-15 09:27:42,2020-11-09 11:27:51
2551,人工智能概述,4248,2,,2019-05-15 17:01:05,2019-05-22 16:35:05
2604,《深入理解计算机系统》Lab3:Buffer Lab,1810,2,2496.0,2019-05-17 10:48:45,2019-05-20 16:03:28
2607,程序设计部分 C 语言的基本成分——数据成分（一）,1343,2,,2019-05-18 10:06:19,2019-06-03 13:55:31
2609,程序设计部分 C 语言的基本成分 — 运算成分（一）,81,2,,2019-05-18 19:46:50,2019-05-30 16:12:23
2610,Spark SQL,1998,2,,2019-05-18 19:50:48,2019-06-03 14:11:24
2611,Spark机器学习,1659,2,,2019-05-18 20:27:48,2019-06-09 23:06:19
2612,程序设计部分 C 语言的基本成分 — 运算成分（二）,27,2,,2019-05-18 21:52:55,2019-05-30 16:13:53
2613,程序设计部分 C 语言的基本成分 — 运算成分练习题,112,2,,2019-05-18 22:40:59,2019-05-30 16:13:56
2614,Scala面向对象编程,2565,2,,2019-05-19 11:35:20,2019-06-13 10:01:26
2622,《深入理解计算机系统》Lab1:Data Lab（一）,7873,2,,2019-05-20 16:27:29,2019-06-03 14:19:50
2625,机器学习概述,1326,2,,2019-05-21 10:53:08,2019-05-22 09:31:11
2629,《深入理解计算机系统》Lab1:Data Lab（二）,3221,2,,2019-05-22 11:04:57,2019-06-03 14:04:41
2655,程序设计部分 C程序中的数组,1512,2,,2019-05-24 21:19:38,2019-06-20 16:49:28
2657,SQL Server 实验一 数据库的创建和使用,17465,2,,2019-05-25 14:00:02,2019-06-01 10:32:56
2661,程序设计部分 字符数组与字符串,455,2,,2019-05-25 17:23:48,2019-06-20 17:15:56
2662,程序设计部分 C程序中的数组习题,883,2,,2019-05-25 21:39:26,2019-06-24 15:15:22
2663,程序设计部分 字符数组与字符串习题,187,2,,2019-05-25 23:08:56,2019-06-17 09:25:03
2668,搜索问题与技术,5412,2,,2019-05-28 08:32:37,2019-05-31 13:59:01
2670,PHP语言设计模式之单例模式,1124,2,,2019-05-28 11:11:51,2019-05-29 14:54:31
2672,SpringBoot初体验,964,2,,2019-05-28 14:08:44,2019-06-12 14:40:03
2677,C语言 数组练习二（公共C）,2326,2,1631.0,2019-05-28 21:41:26,2019-05-29 09:06:31
2682,字符数组与字符串,9647,2,,2019-05-29 13:13:24,2019-05-29 22:54:53
2686,数据结构实训,198,2,,2019-05-29 22:02:53,2019-05-30 08:59:56
2688,程序设计部分 C 语言的基本成分——数据成分（二）,125,2,,2019-05-30 09:11:25,2019-06-03 11:07:38
2696,概念表示,4320,2,,2019-05-31 09:20:32,2019-05-31 15:09:49
2698,程序设计部分 C 语言的基本成分——数据成分习题,193,2,,2019-05-31 18:53:19,2019-06-03 13:56:12
2699,SQL Server 实验二  数据表和视图的创建及使用,13520,2,,2019-06-01 00:03:09,2019-07-15 10:43:45
2702,《深入理解计算机系统》Lab5:Malloc Lab,3349,2,,2019-06-01 14:59:45,2019-06-05 14:28:51
2703,程序设计部分 C程序中的函数,8447,2,,2019-06-01 15:39:28,2019-06-20 21:08:47
2704,程序设计部分 C程序中的函数 习题,2575,2,,2019-06-01 15:44:12,2019-06-21 13:46:02
2705,PHP语言设计模式之工厂模式,573,2,,2019-06-01 17:55:32,2019-06-05 09:56:22
2714,斐波那契数列计算,403,2,,2019-06-03 09:12:10,2019-06-10 10:17:49
2715,Hive综合应用案例 — 用户搜索日志分析,4047,2,,2019-06-03 09:22:19,2019-06-06 16:38:57
2716,深度学习初体验,5984,2,,2019-06-03 09:32:40,2019-06-17 17:08:57
2717,群体智能算法,1506,2,,2019-06-03 10:09:38,2019-06-06 10:48:03
2720,基于pytorch实现的语义分割 —— 语义分割数据预处理,201,2,,2019-06-04 10:43:07,2019-06-11 08:57:44
2724,Hive综合应用案例 — 学生成绩查询,5354,2,,2019-06-04 17:20:05,2019-06-11 09:44:46
2727,SQL Server 实验五  储存过程的创建与使用,7848,2,,2019-06-04 20:33:12,2019-06-06 14:01:05
2737,Phoenix-基于HBase的低延迟操作,2205,2,,2019-06-05 17:44:09,2019-06-19 10:35:22
2739,SQL Server 实验六  触发器的创建和使用,7468,2,,2019-06-06 00:15:21,2019-06-11 11:21:44
2750,C语言顺序结构程序设计,3138,2,2040.0,2019-06-06 19:16:37,2019-06-11 08:57:57
2755,程序设计部分 函数的递归,386,2,,2019-06-08 09:38:07,2019-06-21 17:24:05
2756,程序设计部分 函数的递归 习题,3570,2,,2019-06-08 09:39:49,2019-07-02 16:49:10
2757,程序设计部分 指针（一）,11085,2,,2019-06-08 09:52:06,2019-06-21 14:27:26
2758,程序设计部分 指针（一） 习题,342,2,,2019-06-08 09:55:15,2019-06-21 15:19:41
2760,Akari 问题求解,181,2,,2019-06-08 19:38:57,2019-06-18 09:10:23
2761,程序设计部分 指针（二）,4539,2,,2019-06-09 09:00:39,2019-06-22 09:52:30
2762,程序设计部分 指针（二） 习题,145,2,,2019-06-09 09:04:05,2019-06-22 10:05:46
2763,程序设计部分 指针（三）,3860,2,,2019-06-09 09:19:55,2019-07-02 14:18:20
2764,程序设计部分 指针（三） 习题,172,2,,2019-06-09 09:21:44,2019-06-24 15:26:55
2774,使用机器学习解决实际问题,3019,2,,2019-06-10 10:24:58,2019-06-11 10:52:52
2776,计算机视觉初窥,1051,2,,2019-06-10 17:06:18,2019-06-17 16:52:58
2777,Hive综合应用案例——用户学历查询,3656,2,,2019-06-10 17:10:45,2019-06-13 11:34:46
2779,企业spark案例 —— 出租车轨迹分析,505,2,,2019-06-11 08:46:16,2019-06-22 15:18:20
2780,斐波那契数列计算思考题,112,2,,2019-06-11 08:50:38,2019-06-17 13:43:18
2781,MySQL开发技巧 - 视图索引存储过程和事务,3799,2,,2019-06-11 11:28:13,2019-06-19 16:24:53
2784,企业spark案例 —— 出租车轨迹图表展示,267,2,,2019-06-11 16:57:50,2019-06-22 17:27:41
2788,《深入理解计算机系统》：Cache Lab,214,2,,2019-06-12 08:53:48,2019-06-14 10:07:06
2791,《深入理解计算机系统》: Shell Lab,2217,2,,2019-06-12 13:22:25,2019-06-19 10:57:51
2792,企业Spark案例--酒店数据分析实战,964,2,,2019-06-12 16:24:46,2019-06-20 11:08:56
2794,Akari回溯思考题（开放性实验）,90,2,,2019-06-13 08:47:00,2019-06-21 08:50:13
2800,企业spark案例 —— 出租车轨迹分析(Python),1845,2,,2019-06-13 14:57:08,2019-06-22 15:36:03
2806,Flink 安装配置到部署,883,2,,2019-06-14 10:18:23,2020-10-20 10:28:31
2807,Pandas安装与对象使用,3679,2,,2019-06-14 10:20:45,2019-06-17 14:51:27
2808,MySQL开发技巧 - 并发控制,5557,2,,2019-06-14 10:25:39,2019-06-21 08:35:20
2809,Flume入门,3726,2,,2019-06-14 16:25:14,2019-06-20 15:22:49
2813,Java循环与分支语句编程练习,43691,2,,2019-06-15 14:13:20,2019-06-19 09:45:28
2815,程序设计部分 结构体,2448,2,,2019-06-15 17:07:53,2019-06-24 15:09:31
2816,程序设计部分 结构体 习题,137,2,,2019-06-15 17:10:50,2019-06-24 15:14:15
2817,程序设计部分 链表,1860,2,,2019-06-15 17:14:34,2019-06-29 15:18:53
2818,程序设计部分 链表 习题,411,2,,2019-06-15 17:16:56,2019-06-24 15:58:03
2823,Pandas数据取值与选择,3543,2,,2019-06-17 08:55:23,2019-06-22 14:53:25
2825,Flink 实时计算 - 词频统计初体验,145,2,,2019-06-17 14:55:01,2019-06-20 14:31:11
2828,MapReduce综合应用案例 — 气象数据清洗,2354,2,,2019-06-18 09:30:56,2019-06-20 10:28:51
2836,Flink Transformation（数据转换入门篇）,157,2,,2019-06-19 09:22:37,2019-06-22 14:46:35
2838,Spark的机器学习-MLlib ,756,2,,2019-06-19 11:16:32,2019-06-28 08:57:51
2842,《深入理解计算机系统》 Proxy Lab,231,2,,2019-06-19 15:54:38,2019-06-22 15:09:42
2844,酒店智能推荐---智慧旅游,3195,2,,2019-06-20 08:54:34,2019-06-20 16:13:20
2846,Flink 实时计算 - 进阶篇（如何自定义 Data Source 与 Data Sink）,288,2,,2019-06-20 14:57:49,2019-06-26 17:07:19
2850,罗斯福国家森林树木类型识别,1443,2,,2019-06-21 16:39:52,2019-06-22 17:34:41
2854,MapReduce综合应用案例 — 电信数据清洗,3045,2,,2019-06-22 09:36:54,2019-06-22 10:54:09
2857,程序设计部分 探索式递归,106,2,,2019-06-23 14:11:11,2019-07-08 11:05:59
2858,程序设计部分 探索式递归 习题,126,2,,2019-06-23 14:14:10,2019-07-06 14:09:29
2859,程序设计部分 动态规划,1560,2,,2019-06-23 14:25:44,2019-07-10 10:02:32
2860,程序设计部分 动态规划 习题,2834,2,,2019-06-23 14:27:28,2019-07-08 14:34:38
2861,程序设计部分 认识C/C++程序语言,2602,2,,2019-06-23 14:50:50,2019-07-01 09:24:40
2862,程序设计部分 从现实问题到计算机程序,186,2,,2019-06-23 15:07:31,2019-07-02 14:09:12
2863,Hive期末测试题,1242,2,,2019-06-24 09:19:23,2019-06-27 09:38:55
2864,Flume进阶,1501,2,,2019-06-24 10:01:51,2019-07-09 10:15:43
2865,Pandas数值运算与缺失值处理,5127,2,,2019-06-24 10:24:22,2019-07-03 14:38:02
2867,数据挖掘算法原理与实践：k-近邻,5032,2,,2019-06-24 14:06:33,2019-06-24 16:28:46
2869,数据挖掘算法原理与实践：线性回归（房价预测）,5295,2,,2019-06-24 16:41:00,2019-06-25 11:28:16
2874,MySQL数据库 -  复杂查询（一）,14769,2,,2019-06-25 14:40:07,2019-06-28 17:16:57
2875,MySQL数据库 - 复杂查询（二）,11835,2,,2019-06-25 15:58:17,2019-06-28 17:21:27
2879,数据挖掘算法原理与实践：决策树,4953,2,,2019-06-26 15:24:41,2019-07-02 15:50:50
2883,美国教育数据分析,2790,2,,2019-06-27 10:52:03,2019-06-28 10:16:22
2884,经典CNN模型搭建,4648,2,,2019-06-27 13:58:18,2019-08-15 17:11:09
2893,第二届全国高校绿色计算大赛 决赛第一阶段（SQL）,4042,2,,2019-06-28 15:58:29,2019-08-17 08:36:52
2896,判决书推荐系统,408,2,,2019-06-29 10:17:22,2019-06-29 17:21:13
2897,数据挖掘算法原理与实践：k-均值,2809,2,,2019-06-29 14:27:42,2019-07-01 11:15:26
2898,Pandas层级索引,1067,2,,2019-06-29 15:22:07,2019-07-04 15:50:57
2899,数据结构与算法 - 线性表,4102,2,70.0,2019-06-30 11:29:41,2019-06-30 12:26:20
2900,数据结构与算法 - 队列,5072,2,103.0,2019-06-30 11:31:45,2019-06-30 12:26:18
2901,数据结构与算法 - 栈,8402,2,118.0,2019-06-30 11:32:30,2019-06-30 12:26:23
2902,数据结构与算法 - 计算表达式,1190,2,175.0,2019-06-30 11:33:03,2019-06-30 12:26:14
2903,数据结构与算法 - 字符串匹配,1067,2,192.0,2019-06-30 11:33:34,2019-06-30 12:26:17
2905,数据结构与算法 - 排序,4566,2,206.0,2019-06-30 11:34:11,2019-06-30 12:26:11
2906,数据结构与算法 - 查找,2643,2,207.0,2019-06-30 11:34:43,2019-06-30 12:26:07
2907,数据结构与算法 - 树,1253,2,208.0,2019-06-30 11:35:16,2019-06-30 12:26:10
2908,数据结构与算法 - 图,1161,2,209.0,2019-06-30 11:35:22,2019-06-30 12:26:04
2914,泰坦尼克号生还预测,3688,2,,2019-07-02 09:00:35,2021-04-02 18:01:22
2915,MySQL数据库 - 其他函数的使用,16293,2,,2019-07-02 10:47:00,2019-07-13 10:29:21
2917,MapReduce综合应用案例 — 招聘数据清洗,3105,2,,2019-07-02 13:44:55,2019-07-03 14:06:16
2918,数据挖掘算法原理与实践：基于矩阵分解的协同过滤算法,1579,2,,2019-07-02 15:25:55,2019-07-11 08:52:59
2932,Pandas合并数据集,3420,2,,2019-07-04 14:39:05,2019-08-02 11:25:20
2933,IPython入门使用,2357,2,,2019-07-04 17:06:55,2019-07-06 14:18:14
2934,NumPy数组排序及其结构化数组,2081,2,,2019-07-05 09:20:43,2019-08-03 09:33:21
2940,程序设计部分 复盘题（一）,306,2,,2019-07-05 22:10:08,2019-07-06 16:02:02
2941,程序设计部分 复盘题（二）,191,2,,2019-07-05 22:12:36,2019-07-06 15:42:48
2952,PHP语言面对对象编程之继承,1728,2,,2019-07-09 17:08:50,2019-07-13 13:55:13
2953,MySQL开发技巧 - 行列转换,1157,2,,2019-07-10 10:18:46,2019-07-13 14:32:51
2959,企业岗位需求决策（一）：数据采集,471,2,2115.0,2019-07-12 09:13:24,2019-07-12 09:19:36
2960,当HBase遇上MapReduce,3174,2,,2019-07-12 09:27:51,2019-07-13 14:33:04
2963,正则表达式入门,9378,2,,2019-07-12 14:34:08,2019-07-24 13:42:48
2967,Python正则表达式断言,951,2,,2019-07-12 15:55:24,2019-07-13 17:07:30
2971,IPython魔法命令,983,2,,2019-07-13 09:23:51,2019-07-15 11:17:03
2973,python正则表达式替换,1782,2,,2019-07-15 09:35:12,2019-07-24 13:50:57
2975,Python正则表达式分组,3338,2,,2019-07-15 09:51:52,2019-07-24 14:00:20
2979,Pandas分组聚合与透视表的创建,3346,2,2380.0,2019-07-15 17:23:30,2019-08-16 09:55:30
2981,python正则表达式标记,1747,2,,2019-07-16 08:23:29,2019-07-24 14:28:11
2987,python正则表达式编译,712,2,,2019-07-16 11:04:21,2019-09-17 09:23:43
2990,python正则表达式综合练习,3834,2,,2019-07-16 12:43:57,2019-07-24 14:34:16
2991,深度学习工具及实践,1557,2,,2019-07-16 13:45:21,2019-07-26 08:20:36
2998,Pandas高效化运算与时间序列处理,1718,2,,2019-07-16 16:17:45,2019-08-16 16:27:32
3001,邮件收发 ※,5916,2,220.0,2019-07-16 16:23:58,2019-08-02 11:34:42
3007,数字电路建模与模拟,758,2,176.0,2019-07-16 17:17:43,2019-07-25 14:26:22
3013,Python数据库编程练习 ※,16467,2,,2019-07-17 08:36:22,2019-08-02 10:03:07
3014,网页图片批量获取 ※,7465,2,,2019-07-17 13:51:10,2019-08-02 17:47:09
3016,MySQL开发技巧 - 删除重复数据,3539,2,,2019-07-17 15:01:37,2019-08-30 11:42:16
3018,Python控制结构（一）※,48536,2,69.0,2019-07-17 17:26:38,2019-08-02 11:06:23
3019,计算机问题求解之扩展训练 ※,2785,2,,2019-07-18 10:09:41,2019-08-02 11:06:22
3020,声音数字化入门 ※,9905,2,,2019-07-18 13:21:11,2019-08-02 17:35:58
3022,文件加解密 ※,1021,2,,2019-07-18 14:37:47,2019-08-02 10:57:39
3023,Python控制结构（三）※,25400,2,166.0,2019-07-18 17:06:59,2019-08-02 11:00:20
3024,第二届全国高校绿色计算大赛 预赛第二阶段（Python）,3334,2,,2019-07-19 09:48:13,2019-07-27 09:01:05
3026,Python列表入门,28442,2,140.0,2019-07-19 10:45:17,2019-08-02 11:00:36
3027,Python字符串处理入门,16405,2,133.0,2019-07-19 10:47:28,2019-08-02 11:06:11
3028,Python元组与字典入门,12756,2,157.0,2019-07-19 10:49:55,2019-08-02 11:30:27
3029,Python函数（一）※,30473,2,168.0,2019-07-19 11:00:54,2019-08-02 11:25:47
3031,Python面向对象编程-贷款,3625,2,122.0,2019-07-19 11:10:21,2019-08-02 15:08:06
3032,Python函数（二）※,23475,2,167.0,2019-07-19 11:11:37,2019-08-02 16:08:56
3050,Python入门,3339,2,,2019-07-21 10:22:24,2019-08-02 08:55:25
3051,图像数字化入门 ※,24146,2,,2019-07-22 09:02:42,2019-08-02 17:35:52
3099,Matplotlib子图与多子图,3487,2,,2019-07-23 15:06:25,2019-08-02 14:50:28
3117,Matplotlib接口和常用图形,7168,2,,2019-07-24 09:26:38,2019-08-02 14:50:14
3118,图形用户界面编程 ※,4706,2,,2019-07-24 09:27:33,2019-08-02 11:06:18
3119,Socket编程 ※,1282,2,2630.0,2019-05-22 11:57:25,2019-08-02 13:45:43
3136,Matplotlib图形配置,3774,2,,2019-07-24 16:05:19,2019-08-02 14:50:19
3149,Basemap和Seaborn,2343,2,,2019-07-25 14:35:26,2019-08-03 09:59:25
3151,三维图,1510,2,,2019-07-25 15:02:00,2019-08-03 09:17:54
3153,数值数据表示（二） ※,13003,2,,2019-07-25 15:29:35,2019-08-02 10:58:27
3164,操作系统之进程管理（二） ※,9952,2,,2019-07-26 10:17:11,2019-08-02 16:45:34
3168,操作系统之存储管理 ※,9302,2,,2019-07-26 12:20:23,2019-08-02 13:47:49
3169,第二届全国高校绿色计算大赛 决赛第二阶段（C++）,3733,2,,2019-07-26 14:44:05,2019-08-17 08:37:02
3172,操作系统之文件管理（二） ※,23056,2,,2019-07-26 16:15:23,2019-08-02 10:07:54
3190,论坛数据分析 ※,1723,2,,2019-07-27 16:18:45,2019-08-02 09:44:57
3191,HTML——基本标签 ※,13459,2,1177.0,2018-08-26 10:31:49,2019-08-02 10:57:07
3192,HTML——表格 ※,12333,2,1191.0,2018-09-05 15:04:54,2019-08-02 11:29:21
3194,警务大数据之关系数据库存储,535,2,,2019-07-29 09:11:53,2020-12-17 17:15:49
3195,警务大数据之交换配置,541,2,,2019-07-29 09:15:14,2019-08-31 16:32:14
3197,操作系统之文件管理（一）,27728,2,3004.0,2019-07-16 16:28:36,2019-08-02 15:24:51
3207,图像加解密 ※,1397,2,,2019-07-30 16:58:43,2019-08-02 11:21:58
3208,计算机问题求解之基础篇 ※,11832,2,77.0,2017-06-19 15:56:53,2019-08-02 11:06:15
3211,变量和数据类型,11050,2,,2019-07-31 09:35:30,2019-10-21 11:01:42
3212,网页抓取及信息提取 ※,22980,2,221.0,2017-09-22 11:44:22,2019-08-02 11:34:38
3213,列表和for循环,11072,2,,2019-07-31 09:39:37,2019-10-21 10:56:30
3215,字典,8073,2,,2019-07-31 09:41:00,2019-10-21 10:59:17
3216,函数基础,646,2,,2019-07-31 09:41:35,
3217,Jupyter Notebook的安装和学习,798,2,,2019-07-31 09:42:28,
3218,指导项目：App Store和谷歌应用商店的盈利应用画像,1452,2,,2019-07-31 09:47:37,
3226,计算机问题求解之模拟壁球比赛,2974,2,180.0,2017-08-17 11:57:59,2019-08-02 11:06:09
3227,证件照处理,5234,2,,2019-07-31 16:39:35,2019-08-02 11:05:46
3231,操作系统之进程管理（一）,21126,2,183.0,2017-08-21 15:29:24,2019-08-02 16:07:36
3233,《深入理解计算机系统》：Attack Lab,629,2,,2019-08-02 05:21:10,2019-08-06 09:27:49
3234, 警务大数据之大屏幕实时数据监控,872,2,,2019-08-02 14:00:45,2019-08-17 08:36:35
3240,Phoenix 入门,4230,2,,2019-08-03 10:13:48,2019-08-12 10:55:13
3263,冯诺伊曼体系结构建模与模拟 之P88模型机,2230,2,3221.0,2019-08-12 09:58:53,2019-08-12 15:01:47
3264,冯诺伊曼体系结构建模与模拟 之TOY模型机※,11446,2,3221.0,2019-08-12 10:06:29,2019-08-12 15:01:56
3265,警务大数据之酒店指标批处理,569,2,,2019-08-12 10:36:45,2019-09-02 08:41:20
3267,第一章 绪论,1282,2,,2019-08-12 16:33:48,2019-08-21 15:48:11
3268,警务大数据之表创建,1071,2,,2019-08-12 16:49:25,2019-08-31 16:31:49
3271, 警务大数据之慧搜,2105,2,,2019-08-13 11:04:47,2019-08-24 09:47:58
3272,第二章 智能Agent,803,2,,2019-08-13 14:15:15,2019-08-21 15:56:05
3274, 警务大数据之精准布控,1104,2,,2019-08-14 15:58:51,2019-08-31 16:37:38
3275,第三章 通过搜索进行问题求解,1204,2,,2019-08-14 16:19:31,2019-08-21 16:19:01
3276,警务大数据之离线存储,2142,2,,2019-08-15 08:51:38,2019-08-31 16:42:50
3277,泰坦尼克生还预测——可视化与探索性数据分析,3294,2,,2019-08-16 10:58:53,2019-09-07 17:43:58
3286,警务大数据之实时存储,464,2,,2019-08-19 10:29:41,2019-08-31 16:52:34
3287,警务大数据之上网相关指标批处理,633,2,,2019-08-19 10:34:12,2019-08-31 17:10:32
3292,Python数据分析基础,1834,2,,2019-08-20 09:44:41,2019-10-09 16:56:39
3293,Python面向对象,615,2,,2019-08-20 09:45:30,
3295,在Python中处理日期和时间,876,2,,2019-08-20 09:46:42,
3296,指导项目：探索Hacker News上的帖子,938,2,,2019-08-20 09:49:04,
3297,Numpy介绍,891,2,,2019-08-20 09:50:08,
3299,pandas介绍,6358,2,,2019-08-20 09:52:46,2019-10-21 10:55:08
3300,用pandas探索数据：基础,998,2,,2019-08-20 09:54:59,
3305,DHCP协议分析,304,2,,2019-08-20 11:19:57,2019-09-29 21:31:26
3307,科比投篮预测——数据处理与分析,2728,2,,2019-08-20 16:33:54,2019-09-08 11:25:06
3308,第四章  超越经典搜索,1067,2,,2019-08-20 16:35:48,2019-08-21 17:31:28
3310,第六章 约束满足问题,738,2,,2019-08-20 19:55:00,2019-08-22 15:53:08
3311,第七章 逻辑Agent,558,2,,2019-08-21 13:37:25,2019-08-22 16:03:54
3313,第八章 一阶逻辑,500,2,,2019-08-21 17:16:46,2019-08-22 16:18:41
3315,HBase 数据库设计之 RowKey,4673,2,,2019-08-21 17:26:50,2019-09-02 09:16:44
3316,第九章 一阶逻辑的推理,484,2,,2019-08-21 20:19:10,2019-08-22 16:34:04
3318,第十章  经典规划,369,2,,2019-08-22 14:24:13,2019-08-23 17:02:31
3320,科比投篮选择——数据采集,1326,2,,2019-08-22 15:24:51,2019-09-07 17:17:56
3322,第十一章 现实世界的规划和行动,319,2,,2019-08-22 20:02:20,2019-08-23 17:12:33
3323,第十二章 知识表示,328,2,,2019-08-22 21:03:13,2019-08-23 17:17:50
3395,MySQL数据库 - 授权与撤销授权,5127,2,,2019-08-23 10:33:10,2019-08-30 09:31:06
3396,MySQL开发技巧 - 视图,12779,2,2781.0,2019-08-23 13:57:49,2019-08-23 14:03:10
3397,MySQL开发技巧 - 索引,7314,2,2781.0,2019-08-23 14:00:11,2019-08-23 14:03:07
3398,MySQL开发技巧 - 存储过程,10254,2,2781.0,2019-08-23 14:00:56,2019-08-23 14:03:04
3399,MySQL开发技巧 - 事务,4437,2,2781.0,2019-08-23 14:01:43,2019-08-23 14:03:00
3402,警务大数据之布控,1576,2,,2019-08-23 17:23:20,2019-08-31 16:52:36
3410,数据科学导论——数据预处理,1655,2,,2019-08-24 13:56:06,2019-09-10 17:56:33
3412,第十三章 不确定性的量化,440,2,,2019-08-25 10:43:32,2019-08-27 10:32:21
3413,第十四章 概率推理,412,2,,2019-08-25 11:29:35,2019-08-27 10:44:10
3414,第十五章 时间上的概率推理,355,2,,2019-08-25 15:57:02,2019-08-27 13:57:03
3415,第十六章 制定简单决策,333,2,,2019-08-25 17:19:06,2019-08-27 14:03:17
3419,数据科学导论——数学基础之统计,1432,2,,2019-08-26 09:23:04,2019-09-10 17:56:56
3425,数据科学导论——数学基础之向量,2449,2,,2019-08-26 14:11:58,2019-09-10 17:57:04
3428,数据科学导论——分类的概念,972,2,,2019-08-26 15:54:58,2019-09-10 17:56:12
3430,第十七章 制定复杂决策,287,2,,2019-08-26 20:02:24,2019-08-27 14:12:18
3432,数据科学导论——K近邻,2168,2,,2019-08-26 22:14:49,2019-09-10 17:56:03
3438,数据科学导论——数学基础之矩阵,1306,2,,2019-08-27 11:19:36,2019-09-10 17:57:01
3439,Python计算思维训练——数组进阶之线性代数,4044,2,,2019-08-27 13:42:10,2019-08-30 15:44:18
3444,Python计算思维训练——数独游戏之图形界面与回溯搜索,929,2,,2019-08-27 15:57:39,2019-08-30 15:44:00
3447,数据科学导论——聚类的概念,852,2,,2019-08-27 16:22:12,2019-09-10 17:55:59
3448,第十八章 样例学习,306,2,,2019-08-27 17:06:20,2019-08-28 09:53:25
3449,第十九章 学习中的知识,303,2,,2019-08-27 20:03:27,2019-08-28 09:57:18
3452,ICMP协议,450,2,,2019-08-28 08:44:06,2019-09-29 22:12:04
3455,数据科学导论——问题分析与数据处理,1434,2,,2019-08-28 09:38:55,2019-09-10 17:56:13
3457,大学数据库查询测试,2636,2,,2019-08-28 10:00:33,2019-08-29 09:07:37
3458,数据科学导论——K均值,1434,2,,2019-08-28 10:43:46,2019-09-10 17:55:54
3466,第二十一章 强化学习,403,2,,2019-08-28 16:43:17,2019-08-29 10:54:05
3468,第二十二章 自然语言处理,417,2,,2019-08-28 20:52:31,2019-08-29 10:54:03
3469,第二十三章 用于通讯的自然语言,500,2,,2019-08-29 09:29:15,2019-09-18 18:08:33
3472,数据科学导论——数据采集基本概念,1616,2,,2019-08-29 10:15:07,2019-09-10 17:56:42
3476,数据科学导论——数据可视化进阶,2260,2,,2019-08-29 14:38:34,2019-09-10 17:56:21
3477,数据科学导论——数据采集实战,3429,2,,2019-08-29 15:34:36,2019-09-10 17:56:37
3485,数据科学导论——敢问路在何方,426,2,,2019-08-30 10:05:11,2019-09-10 17:55:51
3488,数据科学导论——回归进阶,2470,2,,2019-08-31 09:10:29,2019-09-11 08:48:00
3492,数据科学导论——数据科学认知,2665,2,,2019-08-31 13:48:06,2019-09-10 17:57:08
3496,Python 计算思维训练——地图模拟,2874,2,,2019-08-31 16:49:59,2019-09-03 20:49:50
3537,Spring 初体验,7200,2,,2019-09-05 18:49:33,2019-09-11 21:43:08
3540,编译课程实验-词法分析- VNC 界面,2521,2,,2019-09-06 10:27:31,2019-09-23 14:05:14
3541,路由器基本配置,1194,2,,2019-09-06 11:17:58,2019-09-29 14:53:40
3545,数据科学导论——数学基础之概率,1131,2,,2019-09-06 14:50:46,2019-09-10 17:56:52
3552,博客系统 - 博客发布,4352,2,,2019-09-07 14:03:44,2019-10-24 09:58:08
3555,数据科学导论——数据预处理进阶,999,2,,2019-09-07 18:18:02,2019-09-10 17:56:30
3559,Spring  IOC容器与 Bean 管理,9221,2,2483.0,2019-09-07 22:01:47,2019-09-12 08:50:38
3564,数据科学导论——数学基础之优化,1059,2,,2019-09-08 16:03:01,2019-09-10 17:56:47
3592,博客系统之初识MyBatis,9675,2,,2019-09-09 10:31:32,2019-09-30 09:31:57
3611,集合及其基本运算的实现,10071,2,,2019-09-10 22:26:23,
3615,自然数系统,4988,2,,2019-09-11 10:17:06,
3625,Java入门（第一章）- Java初体验,9387,2,677.0,2019-09-11 16:21:46,2019-09-16 14:30:45
3634,数据科学导论——回归的概念,833,2,3431.0,2019-09-12 10:37:20,2019-09-12 11:00:19
3640,SpringBoot + MyBatis 结合 MVC框架设计 ,7280,2,,2019-09-12 14:48:12,2019-10-11 09:22:53
3645,博客系统 - 注册功能 ,7441,2,,2019-09-12 15:47:41,2019-10-12 09:36:56
3646,博客系统 - 登录功能,3231,2,,2019-09-12 15:54:01,2019-10-24 09:58:05
3649,博客系统 - 博客管理,3734,2,,2019-09-12 17:16:30,2019-10-24 09:58:57
3653,关系基础,8061,2,,2019-09-13 09:31:20,
3700,爬虫实战——竞赛信息获取,506,2,,2019-09-17 10:55:40,2019-09-25 14:49:26
3709,博客系统 - 博客评论,2934,2,,2019-09-17 16:04:39,2019-10-24 09:58:40
3722,科学计算可视化,2999,2,,2019-09-18 14:52:37,2019-10-28 10:44:06
3726,爬虫实战——求是网周刊文章爬取,3932,2,,2019-09-18 17:21:10,2019-09-25 14:49:29
3730,Spring 面向切面编程,7188,2,3507.0,2019-09-19 09:40:48,2019-09-20 16:08:57
3733,SpringBoot初体验,10568,2,3642.0,2019-09-19 16:10:27,2019-09-20 18:40:28
3753,使用 HTML/CSS 实现 Educoder 顶部导航栏,26821,2,,2019-09-21 16:42:29,2019-10-16 14:28:59
3799,QPSK调制解调原理,956,2,,2019-09-23 22:12:00,2019-10-12 13:28:59
3801,爬虫实战——国防科技大学本科招生信息网爬取,3826,2,221.0,2019-09-24 09:02:57,2019-09-25 14:48:50
3804,Python与MySQL编程基础,515,2,2653.0,2019-09-24 11:03:39,2019-10-11 08:44:34
3814,基于矩阵分解的协同过滤算法,216,2,2918.0,2019-09-24 16:40:23,2019-10-11 14:03:50
3821,博客系统 - 数据库设计,9771,2,1130.0,2019-09-25 10:34:58,2020-10-30 15:04:09
3836,机器学习之kNN算法,3463,2,2441.0,2019-09-26 09:28:09,2019-09-28 11:57:20
3837,sklearn数据预处理,1266,2,2304.0,2019-09-26 10:01:12,2019-10-11 10:39:21
3850,科比投篮预测——可视化与探索性数据分析（二）,1904,2,3285.0,2019-09-27 10:56:59,2019-10-09 17:50:25
3874,科比投篮预测——可视化与探索性数据分析（一）,2243,2,3285.0,2019-09-30 10:49:16,2019-10-09 14:19:22
3881,简单关系数据库的实现,4701,2,,2019-10-02 14:48:52,
3888,生成真值表,5714,2,,2019-10-05 20:17:38,
3893,Matlab语言程序设计基础,3434,2,,2019-10-06 17:45:19,2019-10-22 15:12:25
3915,Python表达式问题求解（一）※,1282,2,61.0,2019-10-08 21:44:57,2019-10-12 09:09:20
3925,Python正则表达式进阶,2974,2,,2019-10-10 09:35:08,2019-10-14 08:20:43
3926,wireshark 基本使用,18068,2,,2019-10-10 10:07:07,2019-11-15 09:52:28
3974,Flask入门,1326,2,,2019-10-16 16:48:39,2019-11-21 10:14:26
3980,Flask 路由,965,2,,2019-10-17 10:09:05,2019-11-21 10:13:27
3988,ORM框架,1355,2,,2019-10-17 15:04:57,2019-11-21 15:07:44
3996,Flask - 模板渲染,553,2,,2019-10-18 10:50:03,2019-11-21 09:29:22
4021,python基础(4-1)程序控制-选择结构,5439,2,,2019-10-22 12:25:41,2019-10-24 16:47:41
4023,操作请求数据,530,2,,2019-10-22 12:47:30,2019-11-21 15:12:02
4024,数据科学导论——数据可视化,3354,2,3470.0,2019-10-22 14:16:22,2019-10-22 14:26:48
4034,Django - ORM,2890,2,,2019-10-23 08:57:50,2019-11-21 15:15:40
4036,自然推理系统,7441,2,,2019-10-23 09:32:23,
4057,初识Django,2837,2,,2019-10-25 15:56:18,2019-11-06 11:07:39
4063,图书管理系统,2434,2,,2019-10-26 15:04:12,2019-11-21 15:17:08
4066,C语言-函数与程序结构,14189,2,,2019-10-26 19:10:44,2019-10-29 15:25:03
4078,Django视图与URL,2260,2,,2019-10-28 09:12:31,2019-11-21 10:45:30
4079,Django 中间件,444,2,,2019-10-28 09:44:50,2019-11-07 10:19:09
4109,Django模板,1228,2,,2019-10-31 08:48:32,2019-11-21 10:45:27
4117,Java高级特性 - 多线程基础（2）常用函数,5505,2,1168.0,2019-10-31 15:49:30,2019-11-04 13:45:49
4159,军用大数据 - Spark机器学习,805,2,,2019-11-06 14:40:31,2019-12-05 14:21:09
4162,WEB服务器编程实现,6047,2,,2019-11-07 09:43:03,2020-02-10 14:56:43
4181,贪心算法与动态规划-第十周,2151,2,,2019-11-11 19:55:50,2019-11-15 13:53:55
4191,GNS3组建小型局域网,19477,2,,2019-11-14 09:12:25,
4198,Hadoop开发环境搭建,23236,2,2370.0,2019-11-14 16:57:12,2019-11-19 18:39:24
4215,Linux操作系统,2383,2,497.0,2019-11-15 14:37:29,2019-11-17 22:58:31
4219,Spark的安装与使用,8697,2,1314.0,2019-11-15 16:37:31,2019-11-15 19:37:48
4222,RDD的创建 - Python,172,2,2449.0,2019-11-15 16:40:31,2019-11-15 19:37:55
4223,Python 计算思维训练——公式编程,596,2,1729.0,2019-11-15 16:45:01,2019-11-15 19:37:47
4224,Python 计算思维训练——公式计算,651,2,1760.0,2019-11-15 16:45:03,2019-11-15 19:37:52
4225,Python 计算思维训练——循环与列表（一）,1679,2,1745.0,2019-11-15 16:45:06,2019-11-15 19:37:50
4226,Python 计算思维训练——循环与列表（二）,1376,2,1744.0,2019-11-15 16:45:08,2019-11-15 19:37:45
4228,机器学习之线性回归,2178,2,2341.0,2019-11-15 16:49:17,2019-11-15 19:37:57
4229,机器学习之逻辑回归,485,2,2342.0,2019-11-15 16:49:19,2019-11-15 19:37:42
4234,机器学习常用库Pandas安装与对象使用,455,2,2807.0,2019-11-15 23:13:17,2019-11-15 23:23:20
4321,军用大数据--Spark图数据计算与分析实战,639,2,,2019-11-18 09:59:46,2020-07-22 10:09:49
4371,Python初体验——Hello world,16900,2,,2017-08-31 22:32:22,2017-09-01 10:37:45
4372,Python入门之字符串处理,12034,2,,2017-08-06 09:06:48,2017-09-21 17:09:10
4373,Python入门之玩转列表,10252,2,,2017-08-07 21:20:41,2017-09-29 12:33:15
4374,Python入门之元组与字典,6513,2,,2017-08-13 09:20:14,2017-10-09 13:55:44
4375,Python入门之运算符的使用,4599,2,,2017-08-09 15:43:11,2017-10-09 13:56:14
4376,Python入门之控制结构 - 顺序与选择结构,5339,2,,2017-08-14 10:15:53,2017-10-09 13:56:09
4377,Python入门之控制结构 - 循环结构,13819,2,,2017-08-15 09:57:06,2017-10-09 13:55:59
4378,Python入门之函数结构,7437,2,,2017-08-15 10:00:46,2017-10-09 13:55:58
4379,Python入门之函数调用,7066,2,,2017-08-15 10:01:46,2017-10-09 13:55:55
4381,Python入门之经典函数实例,3467,2,,2017-08-15 10:02:40,2017-10-09 13:55:54
4383,Python入门之模块,2791,2,,2017-08-15 10:04:51,2017-10-09 13:55:52
4385,Python入门之类的基础语法,2505,2,,2017-08-15 10:06:35,2017-10-09 13:55:51
4387,Python入门之类的继承,1168,2,,2017-08-15 10:07:37,2017-10-09 13:55:50
4414,C指针,7920,2,,2017-09-22 22:07:31,2017-12-21 17:18:19
4596,Linux操作系统,4867,2,,2017-12-23 00:20:56,2018-01-02 17:03:17
4597,Linux之用户管理,3074,2,,2017-12-27 11:05:08,2018-01-04 11:11:19
4598,Linux之用户高级管理,1525,2,,2018-01-04 21:19:15,2018-01-30 16:17:26
4599,Linux 文件/目录管理,4643,2,,2018-01-14 23:47:00,2018-01-30 16:17:25
4600,Linux文件/目录高级管理一,4414,2,,2018-01-14 23:47:49,2018-03-21 14:27:44
4601,Linux文件/目录高级管理二,1136,2,,2018-01-19 00:49:20,2018-03-21 14:27:46
4602,Linux文件/目录高级管理三,523,2,,2018-01-31 00:22:32,2018-03-21 14:27:49
4603,Linux之文件打包和解压缩,862,2,,2018-02-27 23:00:27,2018-03-21 14:27:50
4604,Linux之文件/目录搜索,1142,2,,2018-02-27 22:58:03,2018-03-21 15:43:53
4606,Linux 远程联机服务（一）- Telnet服务器,2146,2,,2018-06-05 09:56:39,2018-06-08 16:40:35
4607,Linux 远程联机服务（二）- Rsh服务器,1249,2,,2018-06-05 10:19:49,2018-06-15 11:28:54
4608,Linux网络实战（一）- DNS配置,5459,2,,2018-04-21 23:50:37,2018-05-31 15:37:52
4609,Linux网络实战（二）-  WWW服务器搭建,6656,2,,2018-04-21 23:57:36,2018-05-25 17:46:44
4610,Linux网络实战（三）- Samba服务器搭建,786,2,,2018-04-21 23:40:45,2018-06-04 10:47:42
4611,Linux网络实战（四）- FTP服务器搭建,1009,2,,2018-04-21 23:59:55,2018-05-18 17:14:51
4708,2019年安康学院ACM程序设计大赛Java试题,5556,2,,2019-11-19 13:54:45,2019-11-21 15:34:39
4842,C语言中最基本的输入输出,13367,2,,2017-09-20 16:12:22,2017-09-25 19:52:54
4845,C顺序结构程序设计,7008,2,,2017-09-22 21:50:45,2017-10-09 20:53:31
4846,C选择结构程序设计,9498,2,,2017-09-22 21:49:04,2017-10-10 22:21:41
4849,C数组,4190,2,,2017-09-22 22:05:52,2017-10-23 15:20:29
4859,C语言 文件操作,1322,2,,2018-12-16 20:50:47,2018-12-17 14:28:26
4868,数据结构与算法 - 排序,3379,2,,2017-09-12 15:41:00,2017-11-08 16:49:00
4870,数据结构与算法 - 树,4631,2,,2017-09-12 21:55:42,2017-11-08 16:48:56
4871,数据结构与算法 - 图,5316,2,,2017-09-12 21:56:33,2017-11-08 16:48:54
4878,Python初体验——Hello world,16947,2,,2017-08-31 22:32:22,2017-09-01 10:37:45
4879,Python入门之字符串处理,11975,2,,2017-08-06 09:06:48,2017-09-21 17:09:10
4880,Python入门之玩转列表,10335,2,,2017-08-07 21:20:41,2017-09-29 12:33:15
4881,Python入门之元组与字典,7278,2,,2017-08-13 09:20:14,2017-10-09 13:55:44
4883,Python入门之控制结构 - 顺序与选择结构,5416,2,,2017-08-14 10:15:53,2017-10-09 13:56:09
4884,Python入门之控制结构 - 循环结构,13271,2,,2017-08-15 09:57:06,2017-10-09 13:55:59
4885,Python入门之函数结构,7433,2,,2017-08-15 10:00:46,2017-10-09 13:55:58
4886,Python入门之函数调用,6983,2,,2017-08-15 10:01:46,2017-10-09 13:55:55
4887,Python入门之经典函数实例,4505,2,,2017-08-15 10:02:40,2017-10-09 13:55:54
4888,Python入门之模块,3026,2,,2017-08-15 10:04:51,2017-10-09 13:55:52
4889,Python入门之类的基础语法,2462,2,,2017-08-15 10:06:35,2017-10-09 13:55:51
4891,Python入门之类的其它特性,1008,2,,2017-08-15 10:08:45,2017-10-09 13:55:48
5126,python基础(5-2)列表、元组、字典、集合——元组,9771,2,,2019-11-21 14:32:21,2019-11-22 08:08:15
5184,离散数学 - 集合和关系,1215,2,,2019-11-22 20:06:28,2019-12-05 14:55:00
5190,BPSK调制与解调,964,2,,2019-11-24 08:16:46,2019-11-29 14:58:06
5193,Java入门（第一章）- Java初体验,17734,2,,2018-03-04 09:53:16,2018-03-16 10:41:52
5194,Java入门（第二章）- 变量与数据类型,15593,2,,2018-03-05 10:22:39,2018-03-16 10:41:54
5195,Java入门（第三章）- 运算符和表达式,11410,2,,2018-03-20 20:48:42,2018-04-02 09:28:43
5196,Java入门（第四章）- 分支结构,12131,2,,2018-03-16 11:19:46,2018-03-22 15:38:44
5197,Java入门（第五章）- 循环结构基础,9228,2,,2018-03-22 16:33:31,2018-03-28 15:58:43
5198,Java入门（第六章）- 循环结构进阶,9432,2,,2018-03-28 14:11:09,2018-03-30 16:49:28
5199,Java循环与分支语句编程练习,2524,2,,2019-06-15 14:13:20,2019-06-19 09:45:28
5200,Java入门（第七章）- 数组基础,10808,2,,2018-03-30 15:39:32,2018-04-08 10:05:15
5201,Java入门（第八章）- 数组进阶,7685,2,,2018-04-04 15:11:01,2018-04-10 17:39:38
5202,Java入门（第九章）- 方法的使用,10508,2,,2018-03-26 19:52:29,2018-05-04 09:51:53
5204,Java面向对象（第一章） - 类与对象,15558,2,,2018-05-07 09:46:58,2018-05-10 15:48:34
5205,Java面向对象（第二章） - 封装、继承和多态,14977,2,,2018-07-06 16:06:30,2018-07-23 14:46:49
5206,Java面向对象（第三章）-  综合练习,6498,2,,2018-07-17 00:31:18,2018-08-02 09:15:43
5207,Java面向对象（第四章）- String类,7827,2,256.0,2018-08-23 08:39:13,2018-08-23 14:30:48
5208,Java面向对象（第五章）- 包装类 ,3259,2,,2018-08-23 10:20:02,2018-08-27 10:11:55
5209,Java面向对象（第六章）- 常用类,6713,2,,2018-07-26 14:08:37,2018-08-30 14:38:59
5210,Java面向对象（第七章） - Java中的异常,5293,2,,2018-08-26 11:23:51,2018-08-29 14:31:17
5211,Java面向对象（第八章） - 文件类,3006,2,,2018-08-29 15:11:35,2018-08-30 14:23:53
5212,Java高级特性 - IO流,4414,2,,2018-08-29 10:34:45,2018-09-11 14:09:49
5213,Java高级特性 - 集合框架（1）,4122,2,,2018-04-22 14:38:10,2018-04-25 13:10:18
5214,Java 字符串与集合练习——词频统计,1386,2,,2018-12-20 20:46:19,2018-12-23 19:11:24
5215,Java高级特性 - 多线程基础（1）使用线程,3652,2,,2018-08-17 15:38:19,2018-08-23 09:47:45
5216,Java高级特性 - 多线程基础（2）常用函数,3049,2,,2018-08-21 10:36:50,2018-08-23 14:35:54
5217,Java高级特性 - 多线程基础（3）线程同步,1756,2,,2018-08-31 14:30:53,2018-09-30 15:35:51
5218,Java高级特性 - 多线程练习题,3016,2,,2018-10-10 17:16:12,2018-10-11 16:15:49
5219,Java高级特性 - Java反射,750,2,,2018-12-28 19:22:10,2019-01-20 16:29:17
5220,Java高级特性 - JDBC（上）,702,2,,2019-04-15 11:27:06,2019-04-22 17:14:11
5221,Java高级特性 - JDBC（下）,323,2,,2019-04-22 14:16:37,2019-04-27 10:01:46
5222,JDBC基础编程练习,1288,2,,2018-10-12 10:35:13,2018-10-15 09:41:28
5289,Java面向对象（第一章） - 类与对象,15557,2,,2018-05-07 09:46:58,2018-05-10 15:48:34
5290,Java面向对象（第二章） - 封装、继承和多态,14978,2,,2018-07-06 16:06:30,2018-07-23 14:46:49
5452,Python初体验——Hello World,7775,2,340.0,2018-09-26 09:37:13,2018-09-27 09:38:10
5453,Python入门之基础语法,10074,2,,2018-07-24 10:17:08,2018-07-25 09:45:01
5454,Python入门之字符串处理,12242,2,,2017-08-06 09:06:48,2017-09-21 17:09:10
5455,Python入门之玩转列表,10129,2,,2017-08-07 21:20:41,2017-09-29 12:33:15
5456,Python入门之元组与字典,6616,2,,2017-08-13 09:20:14,2017-10-09 13:55:44
5457,Python入门之collections模块,1993,2,,2018-07-25 14:41:17,2018-07-30 15:55:27
5458,Python入门之函数结构,7537,2,,2017-08-15 10:00:46,2017-10-09 13:55:58
5459,Python入门之控制结构 - 循环结构,13337,2,,2017-08-15 09:57:06,2017-10-09 13:55:59
5460,Python入门之控制结构 - 顺序与选择结构,5431,2,,2017-08-14 10:15:53,2017-10-09 13:56:09
5461,Python入门之函数调用,7049,2,,2017-08-15 10:01:46,2017-10-09 13:55:55
5462,Python入门之模块,2946,2,,2017-08-15 10:04:51,2017-10-09 13:55:52
5463,Python入门之经典函数实例,3227,2,,2017-08-15 10:02:40,2017-10-09 13:55:54
5464,Python基础之综合练习一,2547,2,,2018-08-02 14:02:06,2018-08-07 14:46:04
5465,Python基础之综合练习二,1370,2,,2018-08-09 15:24:59,2018-08-13 09:25:00
5466,Python入门之类的基础语法,2258,2,,2017-08-15 10:06:35,2017-10-09 13:55:51
5467,Python入门之类的继承,1065,2,,2017-08-15 10:07:37,2017-10-09 13:55:50
5468,Python入门之类的其它特性,1000,2,,2017-08-15 10:08:45,2017-10-09 13:55:48
5469,Python面向对象编程实训,2652,2,,2017-08-02 10:48:37,2017-09-22 07:14:43
5470,Python面向对象编程综合运用,547,2,,2017-07-28 16:13:07,2017-12-28 11:09:30
5471,Python 正则表达式,960,2,,2018-08-22 14:43:42,2018-08-27 15:54:15
5472,Python计算思维训练——文件操作与异常处理,1771,2,,2017-08-15 10:09:36,2018-01-04 10:01:52
5473,Python初体验——Hello World,15641,2,340.0,2018-09-26 09:37:13,2018-09-27 09:38:10
5474,Python堆栈与队列,1283,2,,2018-07-24 10:40:24,2018-08-01 08:55:30
5475,Python入门之基础语法,16589,2,,2018-07-24 10:17:08,2018-07-25 09:45:01
5476,Python入门之字符串处理,17420,2,,2017-08-06 09:06:48,2017-09-21 17:09:10
5477,Python入门之玩转列表,16248,2,,2017-08-07 21:20:41,2017-09-29 12:33:15
5478,Python 迭代器与生成器,414,2,,2018-08-07 15:41:42,2018-08-10 10:11:48
5479,Python入门之元组与字典,11730,2,,2017-08-13 09:20:14,2017-10-09 13:55:44
5480,Python 数据解析：JSON与XML,555,2,,2018-07-27 21:16:57,2018-07-31 14:35:50
5481,Python入门之collections模块,3037,2,,2018-07-25 14:41:17,2018-07-30 15:55:27
5482,Python--进程和线程,1361,2,,2018-07-25 22:58:02,2018-08-08 16:59:19
5483,Python入门之函数结构,13016,2,,2017-08-15 10:00:46,2017-10-09 13:55:58
5484,Python入门之控制结构 - 循环结构,17809,2,,2017-08-15 09:57:06,2017-10-09 13:55:59
5485,MySQL数据库 - 初识MySQL,6604,2,,2018-05-09 08:48:14,2018-05-16 14:51:40
5486,Python入门之控制结构 - 顺序与选择结构,9063,2,,2017-08-14 10:15:53,2017-10-09 13:56:09
5487,Python入门之函数调用,8908,2,,2017-08-15 10:01:46,2017-10-09 13:55:55
5488,MySQL数据库 - 数据库和表的基本操作（一）,1500,2,,2018-07-19 03:09:53,2018-07-25 08:49:14
5489,Python入门之模块,3892,2,,2017-08-15 10:04:51,2017-10-09 13:55:52
5490,Python入门之经典函数实例,4504,2,,2017-08-15 10:02:40,2017-10-09 13:55:54
5491,MySQL数据库 - 数据库和表的基本操作（二）,1146,2,,2018-07-27 17:04:42,2018-07-31 09:38:53
5492,MySQL数据库 - 单表查询（一）,637,2,,2018-08-11 16:18:14,2018-08-16 09:10:32
5493,Python基础之综合练习一,3801,2,,2018-08-02 14:02:06,2018-08-07 14:46:04
5494,Python基础之综合练习二,1982,2,,2018-08-09 15:24:59,2018-08-13 09:25:00
5495,Python入门之类的基础语法,3071,2,,2017-08-15 10:06:35,2017-10-09 13:55:51
5496,批量数据入库及检索,5192,2,,2017-09-22 11:50:49,2017-12-21 17:18:19
5497,Python入门之类的继承,1793,2,,2017-08-15 10:07:37,2017-10-09 13:55:50
5498,Python入门之类的其它特性,1431,2,,2017-08-15 10:08:45,2017-10-09 13:55:48
5499,Python面向对象编程实训,3222,2,,2017-08-02 10:48:37,2017-09-22 07:14:43
5500,Python面向对象编程综合运用,1828,2,,2017-07-28 16:13:07,2017-12-28 11:09:30
5501,MongoDB数据库基本操作,913,2,,2018-08-02 17:01:46,2018-08-16 10:21:15
5502,Python 正则表达式,1043,2,,2018-08-22 14:43:42,2018-08-27 15:54:15
5504,Python计算思维训练——文件操作与异常处理,2120,2,,2017-08-15 10:09:36,2018-01-04 10:01:52
5505,Python堆栈与队列,1317,2,,2018-07-24 10:40:24,2018-08-01 08:55:30
5532,Python 迭代器与生成器,1712,2,,2018-08-07 15:41:42,2018-08-10 10:11:48
5533,Python 数据解析：JSON与XML,1069,2,,2018-07-27 21:16:57,2018-07-31 14:35:50
5534,Python--进程和线程,1398,2,,2018-07-25 22:58:02,2018-08-08 16:59:19
5535,MySQL数据库 - 初识MySQL,6647,2,,2018-05-09 08:48:14,2018-05-16 14:51:40
5536,MySQL数据库 - 数据库和表的基本操作（一）,1526,2,,2018-07-19 03:09:53,2018-07-25 08:49:14
5539,批量数据入库及检索,5225,2,,2017-09-22 11:50:49,2017-12-21 17:18:19
5541,Numpy初体验,4796,2,,2017-08-10 13:31:08,2017-09-29 10:58:06
5565,jQuery动画,596,2,,2018-07-10 11:07:06,2018-07-17 08:59:54
5568,离散数学 - 容斥原理,331,2,,2019-11-25 10:39:54,2019-12-06 18:45:51
5569,Hadoop开发环境搭建,3925,2,1052.0,2019-04-15 12:42:08,2019-04-15 12:43:37
5570,分布式文件系统HDFS,2774,2,,2018-07-06 14:27:23,2018-07-16 11:19:53
5571,分布式计算引擎MapReduce基础实战,2017,2,,2018-07-13 16:02:00,2018-08-03 11:27:11
5576,HBase的安装与简单操作,1251,2,,2018-10-21 11:28:32,2018-11-04 17:22:43
5599,Spark的安装与使用,657,2,,2018-10-17 23:29:16,2018-10-25 16:01:53
5623,MySQL数据库 - 初识MySQL,6614,2,,2018-05-09 08:48:14,2018-05-16 14:51:40
5624,MySQL数据库 - 数据库和表的基本操作（一）,1501,2,,2018-07-19 03:09:53,2018-07-25 08:49:14
5625,MySQL数据库 - 数据库和表的基本操作（二）,1146,2,,2018-07-27 17:04:42,2018-07-31 09:38:53
5626,MySQL数据库 - 单表查询（一）,639,2,,2018-08-11 16:18:14,2018-08-16 09:10:32
5627,MySQL数据库 - 单表查询（二）,655,2,,2018-09-15 23:06:40,2018-09-20 16:19:59
5628,MySQL数据库 - 单表查询（三）,471,2,,2018-09-19 22:23:29,2019-03-05 13:51:44
5629,MySQL开发技巧 - 使用聚合函数查询,491,2,,2019-01-31 10:41:06,2019-02-15 10:46:56
5630,MySQL开发技巧 - 连接查询,527,2,,2019-02-04 09:54:19,2019-02-18 10:18:04
5631,MySQL开发技巧 - 子查询,527,2,,2019-02-18 09:55:37,2019-02-22 09:34:41
5632,MySQL开发技巧 - 分组选择数据,610,2,,2019-04-10 09:03:47,2019-04-15 09:29:07
5634,MySQL开发技巧 - 视图,227,2,2781.0,2019-08-23 13:57:49,2019-08-23 14:03:10
5636,MySQL开发技巧 - 存储过程,174,2,2781.0,2019-08-23 14:00:56,2019-08-23 14:03:04
5642,博客系统 - 数据库设计,690,2,,2018-07-23 17:10:56,2018-08-07 09:32:16
5657,HTML——基本标签,7742,2,,2018-08-26 10:31:49,2018-08-29 11:11:26
5658,HTML——表单类的标签,9506,2,,2018-08-29 16:18:18,2018-09-07 17:08:08
5659,HTML——表格,7307,2,,2018-09-05 15:04:54,2018-09-14 09:23:39
5660,html网页综合项目实战,2917,2,,2018-05-06 09:41:54,2018-05-17 08:20:57
5661,CSS从入门到精通——基础知识,5425,2,,2017-10-07 10:48:46,2018-04-18 10:53:48
5662,CSS从入门到精通——基础选择器,5074,2,,2017-10-09 20:12:25,2018-04-18 15:20:42
5663,CSS从入门到精通——背景样式,3792,2,,2018-09-22 10:38:04,2018-09-26 10:24:48
5664,CSS入门到精通——表格样式,2122,2,,2018-09-26 16:52:53,2018-10-10 11:01:32
5665,使用 HTML/CSS 实现 Educoder 顶部导航栏,436,2,,2019-09-21 16:42:29,2019-10-16 14:28:59
5666,JavaScript学习手册一：JS简介,1917,2,,2018-01-13 17:26:16,2018-03-06 16:52:37
5667,JavaScript学习手册二：JS数据类型,1568,2,,2018-02-06 01:12:36,2018-03-06 22:47:22
5668,JavaScript学习手册三：JS运算符,1498,2,,2018-02-12 19:01:06,2018-03-16 14:21:16
6221,实验一 循环与递归,18777,2,,2019-11-26 21:22:26,2019-12-06 14:39:14
6227,实验二  信息数字化,4996,2,,2019-11-27 14:36:16,2019-12-06 14:34:45
6230,实验三 迭代法,5016,2,,2019-11-27 15:31:41,2019-12-06 14:33:40
6242,离散数学 - 逻辑与推理,1347,2,,2019-11-27 16:34:18,2019-12-09 09:46:34
6263,静态路由配置,20535,2,,2019-11-28 09:52:21,
6264,动态路由RIP与OSPF配置,10131,2,,2019-11-28 09:53:52,
6265,DNS协议分析,4650,2,,2019-11-28 09:55:50,
6275,自己动手画CPU,27133,2,,2019-11-28 11:02:05,2019-12-06 18:40:46
6461,UDP Ping程序实现,2827,2,,2019-11-28 14:49:04,2020-02-10 20:15:42
6462,ICMP Ping实现,3165,2,,2019-11-28 14:49:49,2020-02-10 20:58:42
6463,Python 计算思维训练——公式编程,5044,2,,2018-12-12 22:59:41,2018-12-16 20:16:21
6464,Python 计算思维训练——公式计算,4113,2,,2018-12-17 16:15:30,2018-12-21 16:13:49
6465,Python 计算思维训练——循环与列表（一）,7030,2,,2018-12-15 16:33:04,2018-12-18 09:41:52
6466,Python 计算思维训练——循环与列表（二）,3879,2,,2018-12-15 14:16:30,2018-12-18 09:46:34
6467,Python 计算思维训练——循环与列表（三）,3127,2,,2018-12-16 09:44:39,2018-12-19 15:06:09
6468,基于 Python 的计算思维训练——函数,6027,2,,2017-07-24 12:58:26,2017-09-18 15:48:41
6469,Python 计算思维训练——输入和错误处理,3065,2,,2018-12-12 19:49:33,2018-12-17 10:24:07
6470,Python 计算思维训练——文件操作与异常处理,2096,2,,2017-08-15 10:09:36,2018-01-04 10:01:52
6471,Python 计算思维训练——输入和错误处理练习（一）,1728,2,,2018-12-27 19:42:36,2019-01-02 11:36:33
6472,Python 计算思维训练——输入和错误处理练习（二）,1423,2,,2018-12-29 16:11:45,2019-01-06 14:54:40
6473,Python 计算思维训练——数组计算与曲线绘制,782,2,,2018-12-18 13:07:13,2018-12-21 15:28:45
6474,Python 计算思维训练——绘图进阶,677,2,,2018-12-19 17:18:30,2018-12-29 10:08:00
6475,Python计算思维训练——地图模拟,211,2,,2019-08-31 16:49:59,2019-09-03 20:49:50
6476,Python计算思维训练——数组进阶之线性代数,156,2,,2019-08-27 13:42:10,2019-08-30 15:44:18
6477,Python计算思维训练——数组和曲线绘制练习（一）,571,2,,2018-12-27 17:32:09,2018-12-29 17:02:17
6480,Python 计算思维训练——字典和字符串（一）,870,2,,2018-12-17 22:56:42,2018-12-23 15:40:44
6481,Python 计算思维训练——字典和字符串（二）,380,2,,2018-12-18 20:38:16,2018-12-23 16:00:08
6482,Python 计算思维训练——字典与字符串练习（一）,276,2,,2018-12-28 10:33:42,2019-01-04 17:18:19
6483,Python 计算思维训练——字典与字符串练习（二）,281,2,,2018-12-28 13:53:31,2019-01-13 17:25:51
6484,网页抓取及信息提取,7071,2,,2017-09-22 11:44:22,2017-11-14 16:42:03
6485,Python 计算思维训练——密码破解与电子取证,144,2,,2019-01-05 16:30:28,2019-01-08 09:20:01
6486,Python计算思维训练——数独游戏之图形界面与回溯搜索,252,2,,2019-08-27 15:57:39,2019-08-30 15:44:00
6487,Python 计算思维训练——SAR图像处理,190,2,,2019-01-09 14:18:24,2019-01-15 09:24:56
6488,数据科学导论——数据科学认知,326,2,,2019-08-31 13:48:06,2019-09-10 17:57:08
6489,数据科学导论——数学基础之向量,286,2,,2019-08-26 14:11:58,2019-09-10 17:57:04
6491,数据科学导论——数学基础之统计,438,2,,2019-08-26 09:23:04,2019-09-10 17:56:56
6492,数据科学导论——数学基础之概率,301,2,,2019-09-06 14:50:46,2019-09-10 17:56:52
6496,数据科学导论——数据预处理,179,2,,2019-08-24 13:56:06,2019-09-10 17:56:33
6511,离散数学 - 离散概率,395,2,,2019-11-28 16:36:11,2019-12-09 11:00:13
6520,实验四 蛮力法,6669,2,,2019-11-28 22:34:54,2019-12-06 13:52:49
6530,离散数学 - 图论,1400,2,,2019-11-29 10:20:14,2019-12-09 11:01:54
6559,Keras机器翻译实战,1270,2,,2019-11-30 11:10:12,2019-12-25 09:47:31
6665,实验五 分治法,5201,2,,2019-12-01 17:40:47,2019-12-06 13:45:45
6668,实验六 贪婪算法,7403,2,,2019-12-01 21:25:31,2019-12-06 13:44:37
6693,实验八  回溯法,4339,2,,2019-12-02 13:44:03,2019-12-06 11:59:54
6791,Java语言之基本语法,15917,2,,2017-08-09 15:54:16,2017-08-23 11:28:03
6796,Java语言之String类,3700,2,,2017-09-30 19:48:33,2017-10-09 08:26:15
6830,人脸识别系统 —— OpenCV人脸检测,1075,2,,2018-10-20 17:55:35,2018-10-26 10:57:18
6842,Hadoop开发环境搭建,4105,2,1052.0,2019-04-15 12:42:08,2019-04-15 12:43:37
6843,大数据从入门到实战 - 第2章 分布式文件系统HDFS,2862,2,,2018-07-06 14:27:23,2018-07-16 11:19:53
6870,军用大数据 - 结构化数据分析与处理,3246,2,4322.0,2019-12-05 17:56:39,2019-12-05 17:58:22
6879,人脸识别系统 —— OpenCV人脸检测,1447,2,,2018-10-20 17:55:35,2018-10-26 10:57:18
6934,单元测试,14806,2,,2019-12-06 21:22:57,2019-12-25 09:47:29
6976,计算机算法设计与分析：线性规划问题和单纯形算法,373,2,,2019-12-09 16:47:59,2019-12-10 16:54:25
6996,Hadoop综合测试,5377,2,,2019-12-10 16:16:23,2019-12-11 09:57:39
7004,HTTP协议分析,7424,2,,2019-12-11 11:03:16,
7012,图书管理数据库系统设计,5218,2,,2019-12-11 22:50:21,2019-12-13 09:01:38
7013,仓库管理数据库系统设计,5751,2,,2019-12-11 22:51:15,2020-10-30 11:03:54
7022,VLAN 间单臂路由配置,13878,2,,2019-12-13 14:54:24,
7023,DHCP 服务器配置,4106,2,,2019-12-13 14:55:37,
7133,"线性调频信号（Linear Frequency Modulation, LFM）的调制与解调",287,2,,2019-12-19 09:15:49,2020-07-22 10:15:56
7262,"BCH(15,5) 编码译码",316,2,,2019-12-25 11:34:37,2020-01-06 09:36:54
