challenge_id,creator_id
69,15712.0
70,15712.0
71,15712.0
72,15712.0
73,15712.0
74,15712.0
75,15712.0
80,6.0
81,6.0
82,6.0
90,6.0
91,6.0
92,6.0
97,6.0
98,6.0
99,6.0
100,6.0
101,6.0
102,6.0
103,6.0
104,6.0
105,6.0
106,6.0
107,6.0
108,6.0
109,6.0
114,2383.0
115,2383.0
116,2383.0
117,2383.0
118,3039.0
119,3039.0
120,3039.0
121,3039.0
135,2383.0
136,2383.0
137,2383.0
139,2383.0
140,3039.0
141,3039.0
142,3039.0
143,3039.0
144,662.0
145,2383.0
146,2383.0
159,2383.0
160,2383.0
161,2383.0
162,2383.0
166,3039.0
167,3039.0
168,3039.0
169,2383.0
170,2383.0
171,2383.0
172,2383.0
173,2383.0
174,2383.0
175,662.0
176,6.0
177,6.0
178,6.0
179,6.0
180,6.0
181,6.0
189,2383.0
190,2383.0
191,2383.0
192,2383.0
193,2383.0
194,2383.0
195,15715.0
196,6.0
197,6.0
198,6.0
199,6.0
200,6.0
201,6.0
202,6.0
203,6.0
204,6.0
205,6.0
207,6.0
208,6.0
209,6.0
210,6.0
211,6.0
212,6.0
213,6.0
214,6.0
215,6.0
216,6.0
217,6.0
218,6.0
219,6.0
220,6.0
221,6.0
222,6.0
223,6.0
228,662.0
229,662.0
230,2383.0
231,2383.0
232,2383.0
233,2383.0
234,2383.0
235,2383.0
243,2383.0
244,2383.0
245,2383.0
246,2383.0
257,15715.0
261,217.0
263,217.0
267,217.0
268,217.0
276,217.0
278,217.0
279,15715.0
280,6.0
281,6.0
282,24734.0
283,24734.0
284,24734.0
288,2383.0
289,2383.0
290,2383.0
291,2383.0
292,2383.0
293,2383.0
294,2383.0
295,2383.0
296,2383.0
297,2383.0
298,15715.0
299,15715.0
300,15715.0
301,15715.0
302,3039.0
303,217.0
304,3039.0
305,3039.0
306,3039.0
307,3039.0
308,3039.0
313,3039.0
314,3039.0
315,3039.0
316,3039.0
323,2383.0
324,2383.0
325,2383.0
326,2383.0
349,15582.0
350,15582.0
351,15582.0
356,24746.0
357,24746.0
358,24746.0
360,24746.0
361,217.0
362,24747.0
365,21345.0
368,24747.0
371,24747.0
374,18318.0
379,10.0
380,10.0
381,18318.0
382,10.0
383,24747.0
385,18318.0
386,24747.0
387,18318.0
389,15177.0
390,24746.0
391,24746.0
392,24746.0
399,18318.0
400,2528.0
401,11879.0
402,18318.0
403,18318.0
404,18318.0
406,24736.0
407,24736.0
409,24736.0
410,24736.0
412,24747.0
413,24747.0
414,24736.0
415,24736.0
416,10.0
417,24747.0
418,18318.0
419,18318.0
420,6.0
421,18318.0
422,21345.0
423,6.0
424,24736.0
425,24755.0
426,18318.0
427,15177.0
428,24755.0
429,24755.0
431,15177.0
432,15177.0
433,24736.0
434,18318.0
438,11.0
439,11.0
440,11.0
442,11.0
444,11.0
445,11.0
446,11.0
447,11.0
448,11.0
449,11.0
450,11.0
451,11.0
452,11.0
453,11.0
454,11.0
455,11.0
456,11.0
457,11.0
458,11.0
459,11.0
461,11.0
462,11.0
463,11.0
464,11.0
465,11.0
466,11.0
467,11.0
468,11.0
469,11.0
470,11.0
471,11.0
472,24747.0
473,662.0
474,662.0
475,24755.0
476,24755.0
477,2528.0
491,24755.0
492,11879.0
493,11879.0
494,6.0
495,6.0
496,6.0
497,6.0
498,6.0
499,6.0
501,6.0
502,6.0
503,6.0
504,6.0
505,6.0
506,6.0
507,6.0
509,24747.0
511,24755.0
512,24755.0
513,24755.0
514,24747.0
518,24747.0
519,24758.0
520,24758.0
521,24761.0
522,24761.0
523,24761.0
524,24761.0
525,24761.0
526,24761.0
527,24761.0
528,24761.0
529,24761.0
530,24761.0
531,24761.0
532,24758.0
533,24758.0
536,24761.0
537,24761.0
538,24761.0
539,24761.0
540,24761.0
547,24761.0
548,24761.0
549,24761.0
550,662.0
551,24761.0
552,662.0
553,24761.0
554,24761.0
562,21345.0
563,21345.0
564,21345.0
569,24747.0
573,24758.0
574,24758.0
578,15177.0
580,24758.0
581,24758.0
582,24758.0
583,24758.0
584,24758.0
588,2528.0
589,11879.0
591,2528.0
592,662.0
593,662.0
594,662.0
595,662.0
597,2528.0
598,2528.0
600,11879.0
601,2528.0
602,2528.0
607,2528.0
608,2528.0
610,2528.0
611,2528.0
612,11879.0
621,24807.0
623,217.0
629,24807.0
635,13484.0
636,13484.0
637,13484.0
638,15740.0
639,24850.0
650,24807.0
651,24807.0
653,24807.0
654,13484.0
658,24850.0
660,24850.0
661,24850.0
662,13484.0
663,13484.0
683,17858.0
684,17858.0
686,17907.0
687,17858.0
697,17907.0
698,17907.0
700,17858.0
705,13484.0
706,13484.0
707,9105.0
708,9105.0
710,9105.0
719,13484.0
722,18318.0
723,18318.0
773,13484.0
774,18318.0
775,13484.0
776,18318.0
779,13484.0
780,24759.0
781,24759.0
782,18318.0
784,13484.0
785,18318.0
791,18318.0
792,24759.0
793,24759.0
794,18318.0
795,18318.0
796,24759.0
801,18318.0
803,24807.0
805,13484.0
806,13484.0
854,21345.0
866,9105.0
867,24807.0
868,24832.0
869,24832.0
874,18318.0
875,24850.0
876,24850.0
878,13484.0
879,13484.0
880,13484.0
893,21904.0
929,21904.0
930,21904.0
932,21904.0
936,1.0
937,24832.0
938,24832.0
939,24701.0
940,24701.0
941,24701.0
942,21345.0
967,27967.0
968,27967.0
969,24798.0
972,9105.0
973,9105.0
975,9105.0
976,17859.0
977,24798.0
978,24798.0
979,13484.0
980,17859.0
982,13484.0
983,24798.0
989,24798.0
990,17859.0
991,17859.0
1012,24774.0
1013,8926.0
1014,8926.0
1015,8926.0
1016,8926.0
1017,24774.0
1018,24774.0
1023,24774.0
1043,17859.0
1047,17859.0
1048,17859.0
1049,17859.0
1061,24774.0
1082,24832.0
1083,24832.0
1087,18318.0
1088,24759.0
1094,24759.0
1095,24759.0
1096,18318.0
1097,24759.0
1098,24832.0
1099,24832.0
1105,18318.0
1106,24774.0
1107,24774.0
1108,24774.0
1113,18318.0
1114,18318.0
1115,18318.0
1118,18318.0
1125,26013.0
1126,26013.0
1127,25903.0
1128,25903.0
1129,25903.0
1130,25903.0
1131,25903.0
1132,25903.0
1133,25903.0
1158,24774.0
1163,17859.0
1176,24774.0
1177,24774.0
1178,24733.0
1179,24733.0
1181,24733.0
1182,24733.0
1193,24832.0
1198,24798.0
1199,24832.0
1200,24832.0
1201,24798.0
1202,24798.0
1203,17859.0
1204,17859.0
1235,15399.0
1236,15399.0
1242,24832.0
1243,24832.0
1244,24832.0
1245,24832.0
1246,24832.0
1257,17859.0
1259,17859.0
1260,17859.0
1261,17859.0
1294,13484.0
1301,17859.0
1303,17859.0
1304,17859.0
1305,24759.0
1306,24759.0
1312,24832.0
1313,24832.0
1314,24832.0
1315,24832.0
1316,17859.0
1317,18318.0
1328,13484.0
1329,13484.0
1330,13484.0
1331,13484.0
1336,17859.0
1338,17859.0
1351,15399.0
1352,15399.0
1353,24832.0
1354,24832.0
1355,24832.0
1356,24832.0
1357,24832.0
1359,17859.0
1361,17859.0
1362,24850.0
1369,24850.0
1371,24850.0
1373,17859.0
1374,17859.0
1375,17859.0
1376,17859.0
1382,17859.0
1383,17859.0
1384,17859.0
1385,17859.0
1386,17859.0
1396,29313.0
1399,29313.0
1400,29313.0
1401,27967.0
1402,17859.0
1406,29313.0
1407,29313.0
1408,29313.0
1410,29313.0
1411,29313.0
1412,29313.0
1416,27967.0
1417,27967.0
1418,27967.0
1425,24832.0
1426,24832.0
1427,24832.0
1428,24832.0
1429,24832.0
1440,27967.0
1441,27967.0
1447,27967.0
1448,27967.0
1449,27967.0
1457,27967.0
1458,27967.0
1462,27967.0
1464,27967.0
1465,27967.0
1467,29065.0
1472,29065.0
1474,15668.0
1475,15712.0
1476,15712.0
1477,15712.0
1478,15712.0
1479,15712.0
1480,15712.0
1481,15712.0
1482,15668.0
1483,15668.0
1495,27967.0
1497,29641.0
1498,27967.0
1500,29609.0
1501,27967.0
1502,15668.0
1503,15668.0
1504,15668.0
1505,27967.0
1526,15668.0
1527,15668.0
1528,15668.0
1529,15668.0
1531,29609.0
1541,24850.0
1543,15668.0
1544,15668.0
1545,15668.0
1546,15668.0
1547,15668.0
1548,15668.0
1549,15668.0
1550,15668.0
1551,15668.0
1552,15668.0
1553,15668.0
1555,15668.0
1556,15668.0
1557,15668.0
1558,15668.0
1559,15668.0
1560,15668.0
1561,15668.0
1562,29641.0
1563,29641.0
1564,29641.0
1566,29609.0
1577,15668.0
1578,15668.0
1579,15668.0
1580,15668.0
1581,15668.0
1586,29641.0
1587,29641.0
1588,29641.0
1599,29641.0
1602,15668.0
1603,15668.0
1604,15668.0
1605,15668.0
1613,15668.0
1614,15668.0
1615,15668.0
1619,30144.0
1663,30317.0
1664,30317.0
1665,30317.0
1687,29641.0
1688,29641.0
1689,29641.0
1690,29641.0
1692,29641.0
1694,29641.0
1695,29641.0
1697,29641.0
1698,29641.0
1699,29641.0
1700,29641.0
1701,29641.0
1702,29641.0
1703,29641.0
1704,29641.0
1705,29641.0
1707,29641.0
1708,29641.0
1710,29641.0
1714,30304.0
1716,30144.0
1765,30144.0
1778,24746.0
1782,24746.0
1783,24746.0
1784,24746.0
1788,29609.0
1790,15668.0
1791,15668.0
1793,15668.0
1794,15668.0
1795,15668.0
1798,24746.0
1799,24746.0
1800,24746.0
1801,24746.0
1802,24746.0
1803,24746.0
1804,24746.0
1807,24746.0
1808,24746.0
1809,24746.0
1812,30304.0
1813,30304.0
1816,29609.0
1817,24746.0
1822,29065.0
1823,24746.0
1830,24746.0
1832,24759.0
1833,24759.0
1834,24746.0
1835,24746.0
1837,24746.0
1838,24746.0
1839,24746.0
1840,24746.0
1841,24746.0
1842,24746.0
1843,24746.0
1844,24746.0
1845,24746.0
1846,24746.0
1861,30144.0
1862,29065.0
1864,30392.0
1867,30348.0
1868,29065.0
1869,29065.0
1870,29065.0
1872,30348.0
1873,30144.0
1879,30392.0
1880,30392.0
1881,30392.0
1904,30304.0
1907,30304.0
1908,30304.0
1914,30144.0
1919,30144.0
1926,30144.0
1928,30144.0
1932,30144.0
1935,30144.0
1936,30144.0
1937,24759.0
1939,29065.0
1940,30144.0
1944,30144.0
1946,30144.0
1947,30144.0
1952,30144.0
1953,24759.0
1962,30144.0
1963,30144.0
1964,30304.0
1965,30144.0
1967,30144.0
1972,30304.0
1975,30304.0
1979,21345.0
1980,21345.0
1981,21345.0
1983,30144.0
1986,15668.0
1987,15668.0
1988,15668.0
1989,15668.0
1990,15668.0
1991,15668.0
1998,30144.0
2012,30406.0
2017,30406.0
2018,30144.0
2042,30406.0
2043,30144.0
2044,30406.0
2045,30406.0
2046,30406.0
2047,30406.0
2048,30406.0
2049,30406.0
2051,30406.0
2058,30406.0
2059,30144.0
2061,30144.0
2062,30406.0
2064,15673.0
2065,15673.0
2066,15673.0
2068,30406.0
2069,30406.0
2070,30406.0
2072,21345.0
2074,30406.0
2086,30304.0
2087,30304.0
2090,30406.0
2092,30406.0
2093,30406.0
2094,30406.0
2100,13891.0
2102,13891.0
2103,13891.0
2104,13891.0
2105,13891.0
2106,13891.0
2107,13891.0
2110,13891.0
2113,30406.0
2114,13891.0
2115,13891.0
2116,13891.0
2117,13891.0
2118,13891.0
2119,13891.0
2120,13891.0
2121,13891.0
2122,15673.0
2123,15673.0
2124,15673.0
2128,30144.0
2139,13891.0
2140,30406.0
2141,30406.0
2144,21061.0
2146,15668.0
2148,15740.0
2149,15740.0
2150,15740.0
2151,15740.0
2153,21061.0
2155,21061.0
2156,21061.0
2157,15740.0
2158,15740.0
2159,15740.0
2160,15740.0
2161,15740.0
2162,15740.0
2165,21061.0
2166,21061.0
2167,21061.0
2168,21061.0
2169,21061.0
2170,30406.0
2171,15740.0
2172,30406.0
2173,30304.0
2175,31544.0
2176,13060.0
2177,13060.0
2178,13060.0
2179,13060.0
2180,13060.0
2181,13060.0
2184,28064.0
2185,21061.0
2186,21061.0
2187,21061.0
2188,21061.0
2189,28064.0
2190,21061.0
2191,1.0
2192,15740.0
2193,31544.0
2194,15740.0
2197,21345.0
2198,21345.0
2199,21061.0
2200,21061.0
2201,15740.0
2202,21061.0
2203,15740.0
2204,21061.0
2206,15740.0
2207,15740.0
2208,21061.0
2209,15740.0
2211,21061.0
2212,15740.0
2213,15740.0
2214,15740.0
2215,15740.0
2216,21061.0
2217,15740.0
2218,30406.0
2219,15740.0
2220,15740.0
2221,31544.0
2222,15740.0
2223,21061.0
2224,21061.0
2225,21061.0
2226,21061.0
2227,21061.0
2228,21061.0
2229,13891.0
2230,13891.0
2231,13891.0
2232,13891.0
2233,13891.0
2234,15668.0
2237,15668.0
2238,15668.0
2240,30406.0
2241,21061.0
2243,21061.0
2244,30406.0
2245,21061.0
2246,21061.0
2253,21061.0
2254,30406.0
2258,29609.0
2260,30406.0
2261,28064.0
2262,15740.0
2263,30406.0
2264,28064.0
2265,15740.0
2266,15740.0
2268,31544.0
2269,32076.0
2270,32076.0
2271,32076.0
2272,30406.0
2273,30144.0
2274,31544.0
2275,32076.0
2276,31544.0
2277,30406.0
2283,30406.0
2284,15740.0
2285,15740.0
2286,30406.0
2287,28064.0
2292,15740.0
2293,30406.0
2294,30406.0
2295,15740.0
2302,15740.0
2304,30406.0
2306,30406.0
2308,30406.0
2311,15740.0
2314,15673.0
2315,15673.0
2316,15673.0
2345,15740.0
2349,30406.0
2350,15740.0
2351,30144.0
2352,15740.0
2356,15740.0
2357,30406.0
2359,30406.0
2360,15740.0
2361,30144.0
2362,15740.0
2363,30144.0
2364,30406.0
2367,30406.0
2368,21061.0
2369,21061.0
2370,21061.0
2371,21061.0
2372,21061.0
2373,21061.0
2374,21061.0
2375,21061.0
2376,21061.0
2377,21061.0
2378,21061.0
2379,21061.0
2380,30144.0
2384,30304.0
2385,30304.0
2387,30144.0
2388,32076.0
2389,21061.0
2390,21061.0
2394,21061.0
2395,21061.0
2397,30406.0
2398,30304.0
2399,15740.0
2400,21061.0
2401,15740.0
2402,15740.0
2403,21061.0
2404,15740.0
2405,30406.0
2406,28064.0
2415,15740.0
2416,15740.0
2417,15740.0
2418,15740.0
2419,30406.0
2422,30406.0
2423,30406.0
2428,30406.0
2445,30406.0
2447,30406.0
2451,24733.0
2452,24733.0
2453,24733.0
2454,30304.0
2455,13891.0
2457,30304.0
2462,13891.0
2463,13891.0
2469,32076.0
2470,30144.0
2472,32076.0
2473,30144.0
2476,30406.0
2477,30144.0
2478,15740.0
2479,21061.0
2482,15740.0
2483,15740.0
2484,15740.0
2485,15740.0
2487,29609.0
2488,30406.0
2489,30406.0
2492,30406.0
2494,30144.0
2496,29609.0
2497,30406.0
2511,30304.0
2512,29609.0
2514,29609.0
2515,29609.0
2517,30406.0
2520,21061.0
2521,21061.0
2522,15740.0
2525,24727.0
2529,15740.0
2530,21061.0
2531,15740.0
2535,30406.0
2537,24727.0
2538,15740.0
2541,29609.0
2542,29609.0
2543,11642.0
2545,11642.0
2546,30406.0
2559,21061.0
2560,21061.0
2563,21061.0
2564,21061.0
2566,11642.0
2567,13891.0
2569,29609.0
2570,30304.0
2571,30304.0
2572,24727.0
2573,30406.0
2574,29609.0
2575,24727.0
2577,24727.0
2578,24727.0
2579,29609.0
2582,24727.0
2627,15740.0
2628,15740.0
2629,15740.0
2630,24746.0
2631,15673.0
2632,29609.0
2634,29609.0
2636,30304.0
2642,15740.0
2643,15740.0
2644,15740.0
2645,21061.0
2646,15740.0
2647,15740.0
2648,21061.0
2649,15740.0
2650,15740.0
2651,15740.0
2652,30304.0
2653,15740.0
2654,15740.0
2655,15740.0
2656,29609.0
2659,30144.0
2660,30304.0
2661,15740.0
2662,15740.0
2663,15740.0
2664,15740.0
2665,28064.0
2668,29609.0
2669,29609.0
2671,17883.0
2672,17883.0
2673,17883.0
2674,17883.0
2675,28064.0
2677,17883.0
2678,17883.0
2679,17883.0
2680,17883.0
2681,17883.0
2682,17883.0
2683,17883.0
2684,17883.0
2685,17883.0
2686,17883.0
2687,15668.0
2688,15668.0
2689,15668.0
2690,15668.0
2691,15668.0
2692,15668.0
2693,15668.0
2694,15668.0
2695,15668.0
2696,15668.0
2697,15668.0
2698,15668.0
2699,29609.0
2702,13891.0
2703,30406.0
2704,21061.0
2705,30406.0
2706,30406.0
2707,21061.0
2711,11642.0
2712,11642.0
2713,11642.0
2714,30406.0
2715,30406.0
2717,30406.0
2718,21061.0
2723,33906.0
2724,21061.0
2725,15740.0
2726,15740.0
2727,1.0
2728,15740.0
2729,15740.0
2733,33906.0
2735,11642.0
2736,11642.0
2737,11642.0
2738,15740.0
2739,15740.0
2745,15740.0
2758,15740.0
2759,15740.0
2760,11642.0
2761,32076.0
2762,11642.0
2764,11642.0
2765,13891.0
2768,13060.0
2769,28064.0
2770,13060.0
2771,13060.0
2772,28064.0
2773,13891.0
2774,13060.0
2775,13060.0
2776,13060.0
2777,13060.0
2778,15740.0
2779,13891.0
2780,15740.0
2792,30144.0
2793,30144.0
2794,30144.0
2795,11642.0
2797,11642.0
2798,11642.0
2800,13891.0
2801,11642.0
2802,11642.0
2803,11642.0
2806,11642.0
2807,11642.0
2808,11642.0
2809,15740.0
2810,15740.0
2811,15740.0
2812,15740.0
2813,15740.0
2814,15740.0
2815,15740.0
2816,15740.0
2817,11642.0
2819,11642.0
2822,11642.0
2823,17883.0
2824,17883.0
2825,17883.0
2826,17883.0
2827,17883.0
2828,11642.0
2829,11642.0
2831,11642.0
2832,13891.0
2833,28064.0
2834,15673.0
2835,15673.0
2837,13891.0
2838,13891.0
2839,11642.0
2840,30406.0
2841,28064.0
2843,11642.0
2844,11642.0
2845,28064.0
2847,28064.0
2848,30406.0
2849,30406.0
2850,30406.0
2851,30406.0
2852,30406.0
2853,28064.0
2855,28064.0
2856,30406.0
2857,13891.0
2858,13891.0
2859,30406.0
2863,30144.0
2865,11642.0
2866,11642.0
2867,11642.0
2870,8926.0
2871,30144.0
2873,8926.0
2874,8926.0
2875,8926.0
2876,8926.0
2879,13891.0
2880,30144.0
2881,30144.0
2882,13891.0
2883,30304.0
2884,30304.0
2885,13891.0
2886,30304.0
2888,30406.0
2889,30406.0
2892,7318.0
2893,7318.0
2894,7318.0
2895,30406.0
2896,7318.0
2897,7318.0
2898,7318.0
2899,7318.0
2900,7318.0
2901,7318.0
2902,7318.0
2903,7318.0
2904,7318.0
2905,7318.0
2906,7318.0
2907,7318.0
2908,7318.0
2909,7318.0
2910,7318.0
2911,7318.0
2912,7318.0
2913,7318.0
2914,7318.0
2915,7318.0
2916,7318.0
2917,7318.0
2918,7318.0
2919,7318.0
2920,7318.0
2921,30406.0
2922,7318.0
2923,7318.0
2925,30144.0
2926,30144.0
2928,15668.0
2930,11642.0
2931,30304.0
2933,30304.0
2934,11642.0
2941,30304.0
2942,11642.0
2944,30144.0
2945,30144.0
2946,30144.0
2948,11642.0
2949,11642.0
2951,30144.0
2952,11642.0
2958,13891.0
2959,13891.0
2961,30144.0
2962,30144.0
2963,30144.0
2964,30144.0
2965,13060.0
2966,13060.0
2967,13060.0
2968,13060.0
2969,13060.0
2970,13060.0
2971,13060.0
2972,13060.0
2973,13060.0
2974,13060.0
2980,13060.0
2981,13060.0
2982,13060.0
2983,13060.0
2984,13060.0
2985,13060.0
2986,13060.0
2987,13060.0
2988,30144.0
2989,29609.0
2990,30406.0
2993,11642.0
2998,11642.0
3000,13060.0
3001,13060.0
3002,11642.0
3003,30406.0
3004,30406.0
3005,30406.0
3013,30406.0
3015,30406.0
3016,29609.0
3019,13060.0
3023,11642.0
3024,11642.0
3025,11642.0
3027,13891.0
3030,11642.0
3034,30144.0
3035,30144.0
3036,11642.0
3037,13060.0
3038,13060.0
3039,13060.0
3040,13060.0
3041,11642.0
3044,13060.0
3046,15673.0
3047,15673.0
3048,15673.0
3049,11642.0
3050,11642.0
3051,11642.0
3053,15668.0
3059,15668.0
3063,11642.0
3070,17883.0
3071,17883.0
3072,17883.0
3073,11642.0
3076,11642.0
3077,11642.0
3078,30144.0
3079,11642.0
3081,17883.0
3082,11642.0
3083,17883.0
3084,30144.0
3085,30144.0
3089,24755.0
3091,11642.0
3092,15668.0
3093,15668.0
3094,15668.0
3095,11642.0
3096,29609.0
3097,29609.0
3105,15673.0
3106,15673.0
3107,15673.0
3109,11642.0
3110,15668.0
3111,15668.0
3113,15668.0
3114,15668.0
3115,15668.0
3116,15668.0
3117,11642.0
3118,11642.0
3122,11642.0
3123,11642.0
3124,29609.0
3128,11642.0
3129,11642.0
3131,11642.0
3132,11642.0
3133,11642.0
3134,30144.0
3140,11642.0
3141,11642.0
3142,11642.0
3143,30406.0
3144,30406.0
3145,30406.0
3149,30406.0
3150,30406.0
3151,15673.0
3152,15673.0
3154,11642.0
3155,28064.0
3156,11642.0
3157,11642.0
3158,30406.0
3159,30406.0
3161,11642.0
3162,11642.0
3163,11642.0
3164,11642.0
3165,11642.0
3166,35970.0
3167,11642.0
3169,11642.0
3170,35970.0
3171,35970.0
3172,11642.0
3173,11642.0
3176,28064.0
3177,30406.0
3178,11642.0
3179,11642.0
3180,11642.0
3181,11642.0
3182,30406.0
3183,30406.0
3185,17883.0
3189,17883.0
3190,17883.0
3191,17883.0
3192,11642.0
3193,30144.0
3194,30144.0
3197,30144.0
3200,11642.0
3204,11642.0
3205,11642.0
3206,28064.0
3210,11642.0
3211,11642.0
3215,11642.0
3216,24727.0
3217,24727.0
3223,11642.0
3224,11642.0
3232,28064.0
3234,28064.0
3235,29609.0
3237,35970.0
3238,35970.0
3239,35970.0
3241,17883.0
3246,29609.0
3249,29609.0
3252,17883.0
3253,30406.0
3254,29609.0
3255,29609.0
3257,29609.0
3258,36308.0
3260,17883.0
3261,29609.0
3262,30144.0
3263,30144.0
3264,30406.0
3265,30406.0
3266,30406.0
3267,30406.0
3268,28064.0
3269,28064.0
3272,17883.0
3273,17883.0
3275,29609.0
3276,28064.0
3279,28064.0
3281,29609.0
3283,36074.0
3284,36074.0
3285,36074.0
3287,36308.0
3288,36308.0
3289,36308.0
3291,36308.0
3293,17883.0
3294,17883.0
3300,28064.0
3301,36308.0
3302,36308.0
3303,36308.0
3311,28064.0
3312,28064.0
3313,28064.0
3314,11642.0
3321,11642.0
3322,17883.0
3324,17883.0
3325,17883.0
3326,17883.0
3327,17883.0
3328,28064.0
3329,35970.0
3330,35970.0
3331,35970.0
3332,24727.0
3334,24727.0
3335,24727.0
3336,30406.0
3337,24727.0
3339,24727.0
3342,28064.0
3343,28064.0
3344,34645.0
3345,28064.0
3346,34645.0
3347,34945.0
3349,34645.0
3350,34945.0
3351,34645.0
3352,34945.0
3353,34945.0
3354,24727.0
3355,34945.0
3356,34945.0
3357,34945.0
3358,34945.0
3362,36308.0
3363,34645.0
3365,36308.0
3368,34645.0
3369,34645.0
3370,34645.0
3371,17883.0
3372,17883.0
3373,17883.0
3374,17883.0
3375,17883.0
3376,17883.0
3378,34645.0
3379,36308.0
3382,36308.0
3385,36308.0
3386,34899.0
3389,24727.0
3392,24727.0
3393,34645.0
3394,34645.0
3395,34645.0
3396,34645.0
3397,34645.0
3398,24727.0
3399,36308.0
3400,36308.0
3401,36308.0
3402,36308.0
3403,28064.0
3404,24727.0
3405,30406.0
3408,28064.0
3409,28064.0
3410,1.0
3411,34945.0
3412,36074.0
3413,34945.0
3415,34899.0
3417,34945.0
3419,34899.0
3421,30406.0
3422,30406.0
3423,30406.0
3424,34899.0
3425,34899.0
3426,24727.0
3427,24727.0
3428,30406.0
3429,34645.0
3431,34645.0
3432,30144.0
3433,36074.0
3434,36074.0
3435,36074.0
3436,34945.0
3437,34945.0
3438,34945.0
3440,24727.0
3441,24727.0
3444,24727.0
3446,36074.0
3447,36074.0
3450,35970.0
3451,35970.0
3452,30144.0
3453,36074.0
3455,36074.0
3456,36074.0
3460,30406.0
3461,29609.0
3462,30406.0
3463,30144.0
3466,30406.0
3468,29609.0
3469,24727.0
3470,29609.0
3471,24727.0
3472,24727.0
3476,30406.0
3477,30406.0
3478,24727.0
3480,29609.0
3481,30406.0
3482,36074.0
3483,36074.0
3484,36074.0
3486,1.0
3487,1.0
3488,1.0
3489,1.0
3490,30406.0
3491,30406.0
3492,30406.0
3495,24727.0
3496,24727.0
3497,24727.0
3501,36074.0
3502,36074.0
3503,28064.0
3509,30406.0
3510,30406.0
3511,30406.0
3512,30406.0
3513,28064.0
3514,28064.0
3515,28064.0
3516,28064.0
3517,36074.0
3518,28064.0
3519,28064.0
3521,30406.0
3522,30406.0
3523,30406.0
3524,30406.0
3525,36074.0
3526,36074.0
3527,36074.0
3531,28064.0
3532,28064.0
3533,28064.0
3534,28064.0
3535,28064.0
3538,28064.0
3539,17883.0
3540,17883.0
3541,17883.0
3542,17883.0
3543,30406.0
3544,30406.0
3545,30406.0
3547,30406.0
3548,30406.0
3550,29609.0
3551,28064.0
3552,30406.0
3554,28064.0
3555,28064.0
3556,28064.0
3557,29609.0
3558,29609.0
3559,28064.0
3561,36074.0
3562,36074.0
3563,30406.0
3569,28064.0
3570,28064.0
3571,30144.0
3575,30144.0
3580,28064.0
3581,30144.0
3582,36074.0
3583,30406.0
3584,28064.0
3585,28064.0
3586,28064.0
3587,28064.0
3588,30406.0
3589,30144.0
3590,28064.0
3591,28064.0
3592,28064.0
3593,28064.0
3596,30144.0
3598,17883.0
3599,17883.0
3600,17883.0
3601,30406.0
3611,30144.0
3612,30144.0
3613,30406.0
3624,24727.0
3625,36074.0
3626,24727.0
3641,13060.0
3642,13060.0
3643,13060.0
3644,13060.0
3645,13060.0
3647,13060.0
3648,13060.0
3649,36074.0
3650,13060.0
3651,24727.0
3653,24727.0
3678,30406.0
3683,21345.0
3689,21345.0
3692,21345.0
3693,9105.0
3695,9105.0
3696,36074.0
3702,9105.0
3718,21345.0
3719,21345.0
3772,35133.0
3775,35133.0
3776,29609.0
3786,35133.0
3796,29609.0
3797,29609.0
3801,30406.0
3802,29609.0
3804,30406.0
3819,37656.0
3820,37656.0
3825,29609.0
3834,8825.0
3835,17883.0
3836,17883.0
3837,17883.0
3842,29609.0
3843,8825.0
3846,29609.0
3847,8825.0
3848,36074.0
3849,8825.0
3859,29609.0
3861,29609.0
3872,29609.0
3874,1.0
3875,1.0
3876,36074.0
3877,36074.0
3895,35133.0
3896,35133.0
3898,35133.0
3899,35133.0
3900,35133.0
3906,35133.0
3907,35133.0
3908,35133.0
3909,35133.0
3910,35133.0
3929,21345.0
3939,15673.0
3940,30406.0
3941,30406.0
3942,21345.0
3943,21345.0
3945,34645.0
3946,21345.0
3947,34645.0
3948,21345.0
3955,15673.0
3956,15673.0
3958,34645.0
3963,37656.0
3964,37656.0
3972,17883.0
3973,17883.0
3974,17883.0
3977,21345.0
3978,21345.0
3980,35133.0
3981,35133.0
3982,35133.0
3983,35133.0
3987,21345.0
3988,21345.0
3989,17883.0
3990,17883.0
3991,17883.0
3992,17883.0
3993,17883.0
3994,21345.0
3995,17883.0
3996,29609.0
4008,29609.0
4014,36895.0
4015,36074.0
4024,1.0
4025,29609.0
4030,36895.0
4035,36895.0
4038,34645.0
4042,29609.0
4045,34645.0
4057,29609.0
4067,34645.0
4074,29609.0
4075,1.0
4077,29609.0
4078,34645.0
4079,1.0
4080,34645.0
4081,1.0
4082,21345.0
4083,34645.0
4084,29609.0
4086,34645.0
4088,29609.0
4089,21345.0
4090,21345.0
4091,21345.0
4107,21345.0
4108,21345.0
4112,35133.0
4113,35133.0
4115,35133.0
4116,13060.0
4117,13060.0
4119,35133.0
4120,35133.0
4126,37656.0
4127,35133.0
4128,35133.0
4129,35133.0
4132,37656.0
4138,30406.0
4139,50066.0
4140,50066.0
4141,50066.0
4143,1.0
4145,30406.0
4152,1.0
4153,1.0
4154,1.0
4163,34645.0
4166,34645.0
4173,30406.0
4176,30406.0
4178,30406.0
4181,35133.0
4182,35133.0
4183,35133.0
4185,35133.0
4193,34645.0
4194,17883.0
4195,17883.0
4196,17883.0
4200,17883.0
4201,17883.0
4202,17883.0
4205,29609.0
4208,15712.0
4209,15712.0
4210,15712.0
4211,12397.0
4213,12397.0
4214,17859.0
4215,29609.0
4222,29609.0
4227,29609.0
4228,17859.0
4233,12397.0
4234,12397.0
4235,12397.0
4236,12397.0
4237,12397.0
4238,12397.0
4239,12397.0
4240,17859.0
4241,35133.0
4244,34645.0
4248,29609.0
4249,36074.0
4250,36074.0
4251,36074.0
4253,35133.0
4254,35133.0
4255,35133.0
4256,35133.0
4257,35133.0
4259,35133.0
4267,15673.0
4276,15673.0
4277,15673.0
4278,29609.0
4279,34645.0
4288,15673.0
4289,15673.0
4290,15673.0
4297,36074.0
4298,36074.0
4299,36074.0
4300,36074.0
4302,34645.0
4309,30406.0
4314,36074.0
4332,12397.0
4333,12397.0
4334,12397.0
4335,36074.0
4336,36074.0
4337,12397.0
4338,12397.0
4339,12397.0
4347,12397.0
4348,12397.0
4361,30406.0
4362,30406.0
4364,30406.0
4393,15673.0
4394,36074.0
4401,12397.0
4402,12397.0
4403,12397.0
4404,12397.0
4407,12397.0
4408,12397.0
4409,12397.0
4415,12397.0
4416,12397.0
4417,12397.0
4418,12397.0
4419,12397.0
4424,12397.0
4434,36074.0
4439,30406.0
4443,30406.0
4444,30406.0
4451,29609.0
4466,2528.0
4467,34645.0
4468,15673.0
4469,15673.0
4470,15673.0
4472,34645.0
4479,34645.0
4480,2528.0
4481,2528.0
4483,35133.0
4484,35133.0
4485,35133.0
4486,35133.0
4487,35133.0
4488,35133.0
4489,17883.0
4490,35133.0
4491,17883.0
4492,17883.0
4497,30406.0
4498,30406.0
4510,36074.0
4511,35133.0
4512,35133.0
4513,35133.0
4514,35133.0
4515,50066.0
4516,50066.0
4517,50066.0
4521,36074.0
4522,36074.0
4523,36074.0
4524,30406.0
4537,1.0
4542,30406.0
4543,29609.0
4547,29609.0
4555,30406.0
4556,30406.0
4557,29609.0
4558,30406.0
4559,29609.0
4560,1.0
4561,29609.0
4562,12397.0
4563,15673.0
4564,1.0
4565,15673.0
4566,12397.0
4567,12397.0
4568,12397.0
4569,12397.0
4576,15673.0
4577,1.0
4578,12397.0
4579,1.0
4580,1.0
4581,1.0
4589,29609.0
4596,12397.0
4600,12397.0
4601,12397.0
4602,29609.0
4603,12397.0
4614,15715.0
4615,30406.0
4616,30406.0
4624,17883.0
4625,17883.0
4626,17883.0
4627,35133.0
4628,35133.0
4629,34645.0
4636,34645.0
4637,35133.0
4638,34645.0
4639,35133.0
4640,34645.0
4653,12397.0
4654,12397.0
4655,12397.0
4656,12397.0
4657,12397.0
4658,12397.0
4659,12397.0
4660,15673.0
4661,15673.0
4662,15673.0
4663,15673.0
4664,15673.0
4665,30406.0
4666,35133.0
4667,12397.0
4668,12397.0
4669,12397.0
4670,12397.0
4671,35133.0
4672,35133.0
4673,12397.0
4677,35133.0
4678,12397.0
4679,35133.0
4680,12397.0
4681,12397.0
4682,12397.0
4683,12397.0
4684,12397.0
4685,12397.0
4686,12397.0
4687,36074.0
4688,36074.0
4689,12397.0
4690,12397.0
4691,12397.0
4692,12397.0
4693,30406.0
4695,1.0
4697,12397.0
4699,12397.0
4701,12397.0
4702,12397.0
4703,1.0
4704,30406.0
4705,17883.0
4706,36074.0
4707,36074.0
4712,30406.0
4713,36074.0
4728,17883.0
4729,35133.0
4730,35133.0
4731,35133.0
4733,1.0
4734,30406.0
4735,17883.0
4738,30406.0
4750,17883.0
4756,17883.0
4766,8825.0
4775,11879.0
4776,29609.0
4777,8825.0
4778,11879.0
4780,11879.0
4782,36074.0
4783,8825.0
4784,8825.0
4785,11879.0
4821,29609.0
4822,34645.0
4823,11879.0
4824,34645.0
4825,34645.0
4826,11879.0
4827,34645.0
4832,11879.0
4833,34645.0
4835,34645.0
4838,35133.0
4843,11879.0
4844,35133.0
4845,11879.0
4846,35133.0
4858,34901.0
4860,34901.0
4863,34901.0
4866,29609.0
4870,11879.0
4874,34645.0
4875,11879.0
4876,34645.0
4881,34645.0
4882,11879.0
4883,34645.0
4884,34645.0
4889,11879.0
4894,11879.0
4899,11879.0
4908,11879.0
4909,11642.0
4910,11879.0
4911,56823.0
4939,11879.0
4940,56823.0
4941,30406.0
4942,30406.0
4943,30406.0
4944,30406.0
4945,56823.0
4948,56823.0
4949,56823.0
4950,30406.0
4958,36074.0
4990,39364.0
4991,39364.0
4992,39364.0
4996,39364.0
4997,39364.0
4998,39364.0
4999,39364.0
5113,15715.0
5114,15715.0
5116,34945.0
5117,34945.0
5118,34645.0
5119,34945.0
5120,34645.0
5121,34645.0
5122,34645.0
5128,8825.0
5129,8825.0
5130,34945.0
5131,8825.0
5132,8825.0
5133,8825.0
5134,8825.0
5135,8825.0
5136,8825.0
5137,8825.0
5138,8825.0
5139,8825.0
5141,34945.0
5142,34945.0
5143,34945.0
5144,29609.0
5145,34945.0
5147,34997.0
5148,34645.0
5149,34945.0
5150,34945.0
5151,34645.0
5152,34997.0
5153,34945.0
5154,34645.0
5155,34645.0
5156,34645.0
5157,34945.0
5159,34997.0
5160,34945.0
5161,34945.0
5162,34997.0
5216,34945.0
5217,34945.0
5218,34945.0
5219,34945.0
5227,26886.0
5231,29609.0
5246,26886.0
5247,26886.0
5248,29609.0
5252,34645.0
5253,29609.0
5254,34645.0
5255,29609.0
5256,29609.0
5257,34645.0
5259,11642.0
5274,11642.0
5306,34645.0
5307,34645.0
5314,34645.0
5315,15673.0
5316,15673.0
5317,34645.0
5340,15673.0
5341,30406.0
5343,56823.0
5344,15673.0
5351,38528.0
5352,56823.0
5353,56823.0
5356,56823.0
5357,15715.0
5358,56823.0
5374,38528.0
5375,38528.0
5378,56823.0
5380,56823.0
5382,30721.0
5386,56823.0
5388,56823.0
5391,30721.0
5398,30721.0
5399,38528.0
5403,38528.0
5404,38528.0
5408,11642.0
5417,1.0
5418,1.0
5422,1.0
5423,1.0
5424,1.0
5429,38528.0
5430,38528.0
5431,38528.0
5432,56823.0
5433,38528.0
5434,38528.0
5435,38528.0
5443,1.0
5450,1.0
5458,37656.0
5459,37656.0
5461,1.0
5462,56823.0
5483,56823.0
5486,34645.0
5488,37656.0
5489,1.0
5491,17883.0
5492,17883.0
5504,53393.0
5508,58388.0
5510,53393.0
5519,53393.0
5528,53393.0
5536,53393.0
5542,53393.0
5543,53393.0
5553,17883.0
5616,36074.0
5617,36074.0
5618,36074.0
5624,8825.0
5627,8825.0
5628,8825.0
5630,8825.0
5631,8825.0
5632,8825.0
5633,8825.0
5639,34645.0
5640,8825.0
5641,8825.0
5646,34645.0
5647,34645.0
5648,8825.0
5649,34645.0
5650,34645.0
5651,15673.0
5652,36074.0
5655,34645.0
5656,34645.0
5664,8825.0
5665,8825.0
5666,8825.0
5667,8825.0
5668,8825.0
5703,15673.0
5716,11642.0
5718,8825.0
5719,8825.0
5720,8825.0
5721,8825.0
5722,8825.0
5723,8825.0
5724,8825.0
5765,11642.0
5766,11642.0
5767,11642.0
5768,56823.0
5773,56823.0
5774,8825.0
5775,8825.0
5776,8825.0
5777,8825.0
5778,8825.0
5783,8825.0
5813,8825.0
5814,8825.0
5815,8825.0
5816,8825.0
5825,15673.0
5826,15673.0
5827,38528.0
5828,8825.0
5829,8825.0
5830,8825.0
5831,8825.0
5832,38528.0
5833,38528.0
5834,38528.0
5859,36074.0
5860,36074.0
5865,8825.0
5866,8825.0
5872,13060.0
5873,13060.0
5877,8825.0
5879,8825.0
5880,8825.0
5881,8825.0
5903,8825.0
5904,8825.0
5905,8825.0
5916,57844.0
5917,1.0
5919,8825.0
5920,8825.0
5921,8825.0
5925,57844.0
5934,8825.0
5958,57278.0
5962,57278.0
5964,57278.0
5975,57278.0
5976,57278.0
5977,38528.0
5978,38528.0
5979,38528.0
5990,17883.0
6002,1.0
6008,62963.0
6012,62963.0
6014,62963.0
6023,62963.0
6024,62963.0
6025,57844.0
6062,62963.0
6063,62963.0
6077,57278.0
6078,62963.0
6092,1.0
6093,1.0
6094,1.0
6098,1.0
6099,1.0
6100,1.0
6101,1.0
6102,1.0
6103,1.0
6104,1.0
6105,1.0
6106,1.0
6107,1.0
6108,1.0
6109,1.0
6110,1.0
6111,1.0
6112,1.0
6113,1.0
6114,1.0
6115,1.0
6116,1.0
6117,1.0
6118,1.0
6119,1.0
6120,1.0
6121,1.0
6122,1.0
6123,1.0
6132,57267.0
6133,57267.0
6136,57267.0
6143,64991.0
6149,57267.0
6150,57267.0
6151,64991.0
6152,64991.0
6159,53502.0
6165,15673.0
6166,57267.0
6176,57267.0
6183,62963.0
6188,62963.0
6191,57267.0
6205,57872.0
6206,57872.0
6208,57267.0
6225,36074.0
6227,56823.0
6228,56823.0
6229,56823.0
6232,62963.0
6233,62963.0
6234,57267.0
6243,57267.0
6252,56823.0
6259,57872.0
6277,57872.0
6290,1.0
6292,1.0
6293,1.0
6294,36074.0
6295,36074.0
6296,36074.0
6314,1.0
6315,37656.0
6316,37656.0
6317,37656.0
6318,37656.0
6319,37656.0
6332,17883.0
6338,17883.0
6339,35133.0
6340,35133.0
6343,35133.0
6345,35133.0
6349,35133.0
6350,35133.0
6352,53502.0
6354,1.0
6356,9380.0
6371,1.0
6393,15673.0
6394,13060.0
6395,13060.0
6403,13060.0
6404,13060.0
6405,13060.0
6408,15673.0
6409,15673.0
6416,9380.0
6417,53502.0
6418,13060.0
6443,13060.0
6444,13060.0
6445,13060.0
6446,13060.0
6452,9380.0
6460,69673.0
6465,15668.0
6467,15668.0
6470,69673.0
6471,69673.0
6478,69673.0
6479,1.0
6486,39876.0
6487,39876.0
6506,12397.0
6536,71169.0
6543,35133.0
6544,35133.0
6545,35133.0
6546,35133.0
6548,70691.0
6549,38528.0
6550,38528.0
6551,38528.0
6555,12397.0
6556,12397.0
6557,12397.0
6558,12397.0
6559,12397.0
6560,12397.0
6561,12397.0
6562,35133.0
6563,12397.0
6564,12397.0
6565,12397.0
6566,35133.0
6567,12397.0
6568,12397.0
6569,12397.0
6570,12397.0
6571,12397.0
6572,12397.0
6573,71169.0
6577,70691.0
6591,71169.0
6630,57278.0
6631,57278.0
6633,57278.0
6634,57278.0
6636,57278.0
6637,57278.0
6638,57267.0
6639,57267.0
6641,57267.0
6642,57267.0
6643,57267.0
6663,37656.0
6669,35133.0
6670,35133.0
6671,35133.0
6675,56823.0
6676,56823.0
6686,35133.0
6710,57267.0
6711,57267.0
6712,57267.0
6713,57267.0
6750,12397.0
6760,12397.0
6761,12397.0
6762,12397.0
6771,56823.0
6772,56823.0
6773,56823.0
6774,56823.0
6780,57278.0
6781,57278.0
6782,57278.0
6783,57267.0
6784,57278.0
6785,57267.0
6786,57267.0
6787,57267.0
6788,57267.0
6789,57278.0
6790,57278.0
6791,57278.0
6792,57278.0
6793,57278.0
6794,57267.0
6795,57267.0
6796,57267.0
6797,57267.0
6798,57267.0
6799,57278.0
6800,57278.0
6801,57278.0
6808,57267.0
6809,57267.0
6822,53502.0
6823,53502.0
6824,53502.0
6825,57278.0
6834,57278.0
6835,71989.0
6837,38528.0
6838,38528.0
6839,38528.0
6847,72610.0
6848,71989.0
6849,1.0
6850,1.0
6851,1.0
6852,1.0
6853,57278.0
6854,57278.0
6855,56823.0
6857,1.0
6858,1.0
6860,38716.0
6861,57267.0
6862,57267.0
6863,57278.0
6864,57278.0
6865,57267.0
6866,57278.0
6867,57267.0
6868,57872.0
6870,71989.0
6871,71989.0
6872,57872.0
6873,57267.0
6874,57872.0
6879,57267.0
6880,57872.0
6881,62963.0
6882,35133.0
6885,35133.0
6886,69673.0
6887,35133.0
6888,56823.0
6889,38716.0
6890,38716.0
6891,57267.0
6892,62963.0
6893,62963.0
6894,62963.0
6895,62963.0
6896,62963.0
6897,64991.0
6898,57872.0
6899,1.0
6900,69673.0
6901,69673.0
6903,62963.0
6904,69673.0
6906,62963.0
6913,38716.0
6914,38716.0
6915,57267.0
6916,57267.0
6917,57267.0
6918,57278.0
6919,57267.0
6920,57267.0
6950,56823.0
6951,62963.0
6952,62963.0
6953,1.0
6961,57844.0
6964,64991.0
6965,57267.0
6966,57267.0
6967,57267.0
6968,64991.0
6969,57872.0
6970,1.0
6972,64991.0
6973,64991.0
6976,62963.0
6977,64991.0
6978,57844.0
6979,62963.0
6980,64991.0
6981,57278.0
6989,56823.0
6990,56823.0
6991,57267.0
6992,57267.0
6993,57267.0
7002,57278.0
7007,57872.0
7008,37656.0
7014,35133.0
7015,35133.0
7016,35133.0
7017,57278.0
7019,37656.0
7021,62963.0
7023,62963.0
7050,1.0
7051,57267.0
7052,57267.0
7053,64991.0
7054,1.0
7055,1.0
7056,1.0
7057,57267.0
7058,57278.0
7062,57267.0
7063,57267.0
7064,37656.0
7065,62963.0
7066,62963.0
7070,62963.0
7074,62963.0
7075,62963.0
7076,62963.0
7077,62963.0
7078,62963.0
7079,62963.0
7080,62963.0
7081,62963.0
7082,62963.0
7094,57278.0
7095,57278.0
7096,57278.0
7097,57278.0
7098,62963.0
7099,62963.0
7100,69673.0
7101,69673.0
7102,69673.0
7103,69673.0
7106,37656.0
7113,57267.0
7116,65360.0
7120,65360.0
7127,57267.0
7130,57278.0
7131,57278.0
7134,57278.0
7135,57278.0
7137,57267.0
7139,57278.0
7142,57278.0
7147,57278.0
7149,57278.0
7151,57267.0
7152,57267.0
7153,57267.0
7154,57278.0
7155,57278.0
7156,57267.0
7157,57267.0
7158,57267.0
7159,57267.0
7163,56823.0
7164,56823.0
7165,57267.0
7186,57267.0
7200,36074.0
7201,36074.0
7202,36074.0
7203,36074.0
7204,36074.0
7205,36074.0
7206,36074.0
7211,57844.0
7216,65360.0
7217,65360.0
7218,57278.0
7219,57278.0
7220,57278.0
7222,77213.0
7225,77617.0
7228,77213.0
7229,77213.0
7230,77213.0
7231,77213.0
7235,57278.0
7236,57278.0
7240,77650.0
7241,56823.0
7242,56823.0
7243,56823.0
7244,57844.0
7245,57844.0
7246,57844.0
7247,37656.0
7248,57267.0
7249,76132.0
7256,34645.0
7257,34645.0
7258,34645.0
7259,34645.0
7260,34645.0
7261,34645.0
7263,57278.0
7264,57267.0
7265,57267.0
7275,57267.0
7276,12397.0
7277,12397.0
7278,12397.0
7279,12397.0
7280,12397.0
7281,12397.0
7282,12397.0
7283,12397.0
7284,12397.0
7315,37656.0
7318,57267.0
7323,11602.0
7324,11602.0
7326,11602.0
7327,11602.0
7329,57872.0
7335,57872.0
7339,64991.0
7345,57267.0
7352,77617.0
7356,64991.0
7373,57872.0
7381,57267.0
7385,64991.0
7410,36074.0
7411,36074.0
7412,36074.0
7413,36074.0
7414,36074.0
7418,57267.0
7419,34645.0
7420,34645.0
7426,34645.0
7428,76828.0
7429,76132.0
7430,34645.0
7431,75739.0
7432,75739.0
7433,34645.0
7434,75739.0
7435,75739.0
7436,75739.0
7437,34645.0
7438,34645.0
7439,34645.0
7440,34645.0
7441,34645.0
7442,34645.0
7443,34645.0
7444,34645.0
7446,76132.0
7465,57278.0
7466,57278.0
7467,57278.0
7468,57278.0
7475,57267.0
7476,36074.0
7477,36074.0
7478,36074.0
7479,36074.0
7480,36074.0
7481,36074.0
7482,36074.0
7483,36074.0
7484,36074.0
7485,36074.0
7486,36074.0
7487,36074.0
7488,36074.0
7489,36074.0
7490,36074.0
7503,76132.0
7566,34645.0
7578,34645.0
7579,34645.0
7581,34645.0
7583,34645.0
7585,34645.0
7586,34645.0
7587,34645.0
7588,34645.0
7589,34645.0
7591,34645.0
7592,34645.0
7593,34645.0
7600,34645.0
7605,29641.0
7618,57267.0
7619,57267.0
7620,79307.0
7621,30144.0
7622,79307.0
7626,79307.0
7637,35133.0
7638,35133.0
7642,29641.0
7643,35133.0
7644,57267.0
7647,36549.0
7648,36549.0
7651,36549.0
7652,36549.0
7653,36549.0
7657,30224.0
7658,30224.0
7670,57267.0
7673,57267.0
7674,57267.0
7675,57267.0
7676,57267.0
7684,34645.0
7686,34645.0
7687,34645.0
7689,34645.0
7691,34645.0
7705,36074.0
7720,8825.0
7721,57278.0
7722,57278.0
7723,79307.0
7725,57267.0
7726,79307.0
7727,79307.0
7729,8825.0
7735,57278.0
7737,30459.0
7738,64991.0
7739,30459.0
7742,30459.0
7747,8825.0
7749,8825.0
7750,8825.0
7751,57278.0
7752,57278.0
7753,64991.0
7754,30459.0
7755,64991.0
7765,29641.0
7780,30144.0
7781,72610.0
7782,72610.0
7786,64991.0
7787,64991.0
7789,64991.0
7790,64991.0
7815,37656.0
7816,60750.0
7817,60750.0
7818,60750.0
7819,60750.0
7828,29641.0
7834,34645.0
7835,34645.0
7836,34645.0
7837,34645.0
7839,34645.0
7840,34645.0
7841,34645.0
7842,34899.0
7880,57278.0
7881,57278.0
7883,57278.0
7884,57278.0
7885,57278.0
7891,57278.0
7892,57278.0
7894,57278.0
7896,57278.0
7898,57278.0
7899,57872.0
7900,57278.0
7901,62963.0
7902,29641.0
7903,57872.0
7904,57267.0
7905,57872.0
7906,57267.0
7907,57267.0
7908,57267.0
7909,62963.0
7910,56823.0
7912,57278.0
7929,70692.0
7930,62963.0
7933,70692.0
7934,56823.0
7936,57872.0
7937,56823.0
7938,57267.0
7939,57267.0
7940,57267.0
7941,57267.0
7946,70692.0
7947,34899.0
7948,34899.0
7951,57267.0
7952,57872.0
7953,62963.0
7955,57872.0
7956,57872.0
7957,62963.0
7963,24850.0
7966,62963.0
7967,57844.0
7968,56823.0
7969,57267.0
7970,57267.0
7971,57844.0
7972,70692.0
7973,70692.0
7974,70692.0
7975,70692.0
7977,57872.0
7978,57267.0
7979,57844.0
7983,57844.0
7984,37656.0
7986,80369.0
7987,37656.0
7988,34645.0
7989,34645.0
7990,34645.0
7991,34645.0
7992,34645.0
7993,34645.0
7994,34645.0
7995,34645.0
7997,80369.0
7998,70692.0
7999,70692.0
8000,70692.0
8001,70692.0
8002,70692.0
8008,70692.0
8009,70692.0
8011,70692.0
8012,70692.0
8013,70692.0
8014,70692.0
8019,56823.0
8020,37656.0
8021,57844.0
8023,80369.0
8024,80369.0
8025,57872.0
8029,56823.0
8031,62963.0
8032,34645.0
8033,34645.0
8034,34645.0
8035,34645.0
8037,56823.0
8040,64991.0
8045,57844.0
8050,34645.0
8051,34645.0
8054,34645.0
8055,34645.0
8062,62963.0
8074,34645.0
8075,34645.0
8076,34645.0
8081,34645.0
8082,34645.0
8083,34645.0
8093,70692.0
8094,70692.0
8095,70692.0
8101,57267.0
8103,57267.0
8106,62963.0
8109,62963.0
8110,62963.0
8112,62963.0
8113,62963.0
8114,57267.0
8115,57267.0
8117,57267.0
8121,37656.0
8122,64991.0
8123,34645.0
8124,34645.0
8125,34645.0
8126,34645.0
8128,34645.0
8129,34645.0
8130,34645.0
8132,34645.0
8133,34645.0
8134,34645.0
8135,64991.0
8138,57278.0
8139,37656.0
8140,34645.0
8141,34645.0
8142,34645.0
8143,34645.0
8145,57278.0
8146,57278.0
8147,57844.0
8154,57278.0
8155,64991.0
8156,64991.0
8161,56823.0
8162,64991.0
8167,64991.0
8168,57872.0
8169,56823.0
8170,56823.0
8173,57278.0
8178,57278.0
8179,56823.0
8180,57278.0
8184,57844.0
8185,57278.0
8186,56823.0
8187,57278.0
8188,56823.0
8189,81602.0
8190,56823.0
8191,56823.0
8192,56823.0
8193,56823.0
8194,57278.0
8195,37656.0
8204,62963.0
8205,81602.0
8208,57267.0
8209,57267.0
8210,57278.0
8211,57267.0
8212,57267.0
8213,57267.0
8214,57844.0
8215,34645.0
8216,34645.0
8217,34645.0
8218,57844.0
8219,81602.0
8220,81602.0
8221,11.0
8222,11.0
8223,11.0
8224,11.0
8225,11.0
8226,11.0
8227,11.0
8228,11.0
8229,11.0
8230,11.0
8233,11.0
8234,11.0
8235,11.0
8236,11.0
8237,11.0
8238,11.0
8239,11.0
8240,11.0
8245,57278.0
8257,81602.0
8258,57267.0
8259,57267.0
8260,56823.0
8261,56823.0
8262,56823.0
8263,56823.0
8269,64991.0
8270,57267.0
8272,57278.0
8273,81602.0
8274,57844.0
8286,57278.0
8327,57844.0
8331,34645.0
8332,34645.0
8333,34645.0
8334,34645.0
8335,57872.0
8336,64991.0
8341,81602.0
8342,57844.0
8343,81602.0
8345,34645.0
8346,34645.0
8347,34645.0
8348,34645.0
8349,34645.0
8350,34645.0
8351,34645.0
8352,34645.0
8353,34645.0
8354,34645.0
8355,34645.0
8359,34645.0
8360,34645.0
8361,34645.0
8362,34645.0
8363,34645.0
8364,34645.0
8365,57844.0
8366,36479.0
8369,57844.0
8370,81602.0
8379,56823.0
8382,56823.0
8383,56823.0
8388,79307.0
8389,79307.0
8390,79307.0
8394,62963.0
8398,37656.0
8399,37656.0
8404,80349.0
8405,57844.0
8407,57844.0
8415,57844.0
8416,80349.0
8418,81602.0
8422,80349.0
8425,80349.0
8426,36480.0
8427,36481.0
8428,80349.0
8430,80349.0
8431,80349.0
8434,57844.0
8435,57844.0
8442,80349.0
8446,80349.0
8447,36481.0
8449,36480.0
8450,36481.0
8455,57278.0
8461,36479.0
8478,62963.0
8479,62963.0
8480,62963.0
8491,36479.0
8502,62963.0
8503,62963.0
8504,62963.0
8505,62963.0
8506,62963.0
8518,57278.0
8522,62963.0
8524,36481.0
8525,36480.0
8526,62963.0
8527,62963.0
8528,57278.0
8530,62963.0
8531,62963.0
8532,56823.0
8534,56823.0
8536,62963.0
8537,62963.0
8542,62963.0
8544,80349.0
8545,80349.0
8548,57844.0
8549,62963.0
8550,36480.0
8554,36481.0
8555,62963.0
8556,80349.0
8557,80349.0
8558,80349.0
8559,80349.0
8562,80349.0
8563,36481.0
8565,36481.0
8566,80349.0
8567,80349.0
8568,80349.0
8569,80349.0
8570,80349.0
8571,80349.0
8572,80349.0
8573,80349.0
8574,80349.0
8575,80349.0
8576,80349.0
8578,36481.0
8579,80349.0
8580,80349.0
8581,80349.0
8584,80349.0
8585,80349.0
8586,80349.0
8587,80349.0
8588,80349.0
8589,80349.0
8590,57844.0
8592,36480.0
8593,57844.0
8658,83330.0
8660,36481.0
8670,36481.0
8676,36481.0
8681,80349.0
8694,80349.0
8700,36479.0
8708,36479.0
8713,36479.0
8721,36481.0
8727,36479.0
8729,36480.0
8730,36479.0
8731,36479.0
8736,36479.0
8737,80349.0
8738,80349.0
8741,36481.0
8745,36479.0
8746,36480.0
8799,36479.0
8805,36480.0
8813,36479.0
8814,36479.0
8840,36479.0
8841,36480.0
8842,36479.0
8847,36479.0
8848,36479.0
8861,36480.0
8862,36479.0
8863,36479.0
8890,36480.0
8891,36481.0
8893,36481.0
8894,62963.0
8897,50861.0
8900,50861.0
8903,36481.0
8916,36481.0
8927,36481.0
8929,80349.0
8932,80349.0
8933,80349.0
8934,80349.0
8935,80349.0
8936,80349.0
8937,80349.0
8938,80349.0
8939,80349.0
8940,80349.0
8941,80349.0
8942,80349.0
8943,80349.0
8944,80349.0
8945,80349.0
8946,80349.0
8947,36481.0
8948,36480.0
8957,80349.0
8958,80349.0
8960,36480.0
8977,36480.0
8979,36480.0
8980,80349.0
8981,80349.0
8982,80349.0
8983,36480.0
8984,57844.0
8985,83330.0
8989,80349.0
8990,80349.0
8991,80349.0
9007,83870.0
9012,83870.0
9013,83870.0
9014,83870.0
9015,83870.0
9017,57844.0
9018,36481.0
9019,83870.0
9020,83870.0
9021,83870.0
9022,83870.0
9023,83870.0
9024,36481.0
9031,80349.0
9032,80349.0
9033,80349.0
9035,36481.0
9036,36480.0
9037,83865.0
9038,83865.0
9039,36480.0
9040,83865.0
9042,83865.0
9043,83865.0
9050,80349.0
9051,80349.0
9052,80349.0
9055,83865.0
9056,83865.0
9057,83865.0
9058,83865.0
9059,83865.0
9060,83865.0
9063,83870.0
9064,62963.0
9074,83865.0
9075,83865.0
9078,83865.0
9081,70692.0
9082,70692.0
9083,70692.0
9084,70692.0
9085,70692.0
9094,83870.0
9120,30406.0
9125,30406.0
9190,62963.0
9208,83865.0
9213,80349.0
9214,80349.0
9215,80349.0
9219,83870.0
9220,57872.0
9227,81508.0
9229,83870.0
9232,37656.0
9236,62963.0
9241,81508.0
9250,83870.0
9264,62963.0
9265,62963.0
9266,62963.0
9267,81508.0
9268,83870.0
9269,64991.0
9275,83870.0
9276,36479.0
9277,36479.0
9283,57844.0
9292,37656.0
9295,37656.0
9300,57844.0
9303,64991.0
9304,57872.0
9305,57872.0
9306,57872.0
9328,83870.0
9329,36480.0
9330,83870.0
9337,36480.0
9340,83870.0
9342,83870.0
9343,81508.0
9344,36480.0
9345,36479.0
9346,81508.0
9347,57844.0
9348,83870.0
9351,83870.0
9352,83870.0
9357,83870.0
9358,36479.0
9360,83865.0
9362,83865.0
9363,83865.0
9364,83865.0
9368,83865.0
9369,83865.0
9374,83865.0
9375,81508.0
9376,37656.0
9377,37656.0
9379,81508.0
9380,81508.0
9385,62963.0
9387,62963.0
9390,36479.0
9391,57844.0
9392,83865.0
9393,83865.0
9394,57844.0
9395,83865.0
9397,83865.0
9398,81508.0
9401,81508.0
9402,81508.0
9405,64991.0
9680,56823.0
9682,56823.0
9687,56823.0
9692,56823.0
9697,56823.0
9707,64991.0
9720,83870.0
9722,36479.0
9723,36479.0
9724,83865.0
9725,36479.0
9726,36479.0
9729,83865.0
9730,83865.0
9731,83865.0
9732,81508.0
9733,81508.0
9734,83865.0
9735,83865.0
9736,81508.0
9738,81508.0
9743,83870.0
9749,83870.0
9752,83870.0
9762,57844.0
9765,79796.0
9766,36479.0
9767,83870.0
9768,83870.0
9770,57844.0
9771,81508.0
9773,79796.0
9775,83870.0
9776,83870.0
9777,36479.0
9787,70692.0
9790,70692.0
9804,57844.0
9808,79796.0
9809,70692.0
9812,57844.0
9814,81508.0
9815,81508.0
9821,36480.0
9822,91490.0
9824,56823.0
9827,79796.0
9833,36480.0
9835,56823.0
9836,56823.0
9837,56823.0
9838,56823.0
9839,56823.0
9840,56823.0
9841,56823.0
9851,70692.0
9857,81508.0
9858,81508.0
9859,83865.0
9860,36480.0
9872,57844.0
9874,81508.0
9880,57844.0
9881,36479.0
9887,36479.0
9890,57844.0
9892,57844.0
9894,57844.0
9895,83865.0
9899,83865.0
9900,36479.0
9903,36479.0
9904,36479.0
9905,36479.0
9906,36479.0
9907,36479.0
9910,83865.0
9912,83865.0
9913,83865.0
9914,57844.0
9915,83865.0
9921,57844.0
9922,83865.0
9923,57844.0
9924,57844.0
9925,83865.0
9926,57844.0
9928,57844.0
9929,57844.0
9933,36481.0
9934,57844.0
9936,83865.0
9937,83865.0
9963,83173.0
9970,83173.0
9973,83173.0
10000,83173.0
10002,83870.0
10004,83870.0
10005,83173.0
10007,83173.0
10008,83870.0
10012,83870.0
10017,83173.0
10018,83173.0
10019,83173.0
10020,83870.0
10021,83173.0
10022,83870.0
10030,83870.0
10088,56823.0
10089,56823.0
10100,81361.0
10107,57844.0
10108,91490.0
10118,80349.0
10119,36479.0
10120,36479.0
10148,62963.0
10150,57844.0
10153,57844.0
10154,57844.0
10155,36479.0
10172,57872.0
10173,57872.0
10174,57844.0
10175,57872.0
10176,57844.0
10177,57844.0
10183,57844.0
10184,57844.0
10186,83865.0
10187,36479.0
10188,83865.0
10189,83865.0
10205,83865.0
10209,83865.0
10210,83865.0
10211,83865.0
10269,57844.0
10290,64991.0
10294,57844.0
10306,64991.0
10309,64991.0
10323,3039.0
10332,62963.0
10333,3039.0
10334,62963.0
10339,64991.0
10340,3039.0
10343,57872.0
10358,62963.0
10361,62963.0
10378,29263.0
10379,29263.0
10380,29263.0
10382,29263.0
10383,29263.0
10384,29263.0
10385,29263.0
10404,3039.0
10426,57844.0
10427,57844.0
10458,64991.0
10463,37656.0
10465,37656.0
10466,37656.0
10467,37656.0
10468,37656.0
10469,37656.0
10470,37656.0
10471,37656.0
10487,83865.0
10498,3039.0
10533,83865.0
10534,83865.0
10536,83865.0
10538,83865.0
10603,64991.0
10626,64991.0
10632,62963.0
10670,62963.0
10672,57844.0
10675,57844.0
10710,34441.0
10715,57844.0
10736,57872.0
10737,57872.0
10738,57872.0
10741,57872.0
10754,57844.0
10755,57872.0
10756,57872.0
10757,57872.0
10982,100155.0
10983,30406.0
10984,57844.0
10985,57844.0
10986,57844.0
10997,659.0
10998,659.0
10999,659.0
11000,659.0
11001,659.0
11002,659.0
11017,36481.0
11018,36481.0
11031,62963.0
11032,62963.0
11033,62963.0
11065,57872.0
11067,57872.0
11068,57872.0
11069,57872.0
11070,57872.0
11071,57872.0
11074,36481.0
11075,36481.0
11076,36481.0
11077,36481.0
11078,36481.0
11079,36481.0
11132,36479.0
11133,36479.0
11135,36479.0
11137,57844.0
11138,57844.0
11179,100155.0
11191,57844.0
11192,57844.0
11194,57844.0
11217,3039.0
11220,3039.0
11221,3039.0
11222,3039.0
11223,3039.0
11253,36479.0
11254,36479.0
11255,36479.0
11261,20574.0
11294,11602.0
11302,57844.0
11303,83907.0
11304,83907.0
11305,83907.0
11314,83907.0
11316,85606.0
11317,85606.0
11318,85606.0
11319,85606.0
11342,108455.0
11343,57844.0
11344,57844.0
11345,57844.0
11346,57844.0
11347,57844.0
11406,100155.0
11435,62963.0
11436,62963.0
11449,62963.0
11451,62963.0
11452,62963.0
11453,62963.0
11461,36481.0
11464,62963.0
11466,36481.0
11470,62963.0
11481,62963.0
11482,36481.0
11497,36481.0
11512,20574.0
11513,20574.0
11519,20574.0
11520,20574.0
11542,36481.0
11548,57844.0
11549,57844.0
11551,57844.0
11552,57844.0
11553,57844.0
11557,36481.0
11576,62963.0
11578,36481.0
11579,3039.0
11580,36481.0
11581,36481.0
11582,62963.0
11583,62963.0
11599,97913.0
11600,97913.0
11606,97913.0
11651,111494.0
11652,111494.0
11662,111494.0
11669,83181.0
11671,83181.0
11672,83181.0
11673,83181.0
11674,83181.0
11687,62963.0
11688,64991.0
11689,83181.0
11703,62963.0
11775,64991.0
11790,95074.0
11791,95074.0
11792,95074.0
11810,108455.0
11877,62963.0
11883,108455.0
11892,3039.0
11897,3039.0
11938,97072.0
11941,3039.0
11942,3039.0
11943,97072.0
11958,97072.0
11979,108455.0
12004,3039.0
12007,81376.0
12008,81376.0
12057,82323.0
12058,82323.0
12059,82323.0
12071,121811.0
12072,121811.0
12076,121811.0
12078,121811.0
12079,121811.0
12080,121811.0
12081,121811.0
12082,121811.0
12083,121811.0
12084,121811.0
12085,121811.0
12086,121811.0
12087,121811.0
12088,121811.0
12090,121811.0
12091,121811.0
12092,121811.0
12096,121811.0
12097,121811.0
12098,121811.0
12099,121811.0
12100,121811.0
12101,121811.0
12102,121811.0
12103,121811.0
12124,121811.0
12125,121811.0
12126,121811.0
12127,121811.0
12467,36481.0
12485,79550.0
12486,79550.0
12487,79550.0
12488,79550.0
12489,79550.0
12490,79550.0
12491,79550.0
12492,79550.0
12493,79550.0
12494,79550.0
12495,79550.0
12496,79550.0
12497,79550.0
12498,79550.0
12499,79550.0
12500,79550.0
12501,79550.0
12502,79550.0
12503,79550.0
12504,79550.0
12505,79550.0
12506,79550.0
12507,79550.0
12508,79550.0
12509,79550.0
12510,79550.0
12511,79550.0
12512,79550.0
12513,79550.0
12514,79550.0
12515,79550.0
12517,79550.0
12518,79550.0
12519,79550.0
12522,79550.0
12524,79550.0
12526,79550.0
12528,79550.0
12530,79550.0
12532,79550.0
12533,79550.0
12535,79550.0
12537,79550.0
12539,79550.0
12619,79550.0
12620,79550.0
13346,1.0
13347,1.0
13348,1.0
13349,1.0
13350,1.0
13351,1.0
13352,1.0
13353,1.0
13354,1.0
13355,1.0
13356,1.0
13357,1.0
13358,1.0
13359,1.0
13360,1.0
13361,1.0
13362,1.0
13363,1.0
13364,1.0
13365,1.0
13366,1.0
13367,1.0
13368,1.0
13369,1.0
13370,1.0
13371,1.0
13372,1.0
13373,1.0
13374,1.0
13375,1.0
13379,1.0
13380,1.0
13381,1.0
13382,1.0
13383,1.0
13384,1.0
13385,1.0
13386,1.0
13387,1.0
13388,1.0
13389,1.0
13390,1.0
13391,1.0
13392,1.0
13393,1.0
13394,1.0
13395,1.0
13396,1.0
13397,1.0
13398,1.0
13399,1.0
14093,37656.0
14094,37656.0
14099,37656.0
14100,37656.0
14101,37656.0
14102,37656.0
14189,37656.0
14190,37656.0
14191,37656.0
14216,37656.0
14236,79550.0
14238,79550.0
14240,79550.0
14241,79550.0
14243,79550.0
14245,79550.0
14249,79550.0
14250,79550.0
14251,79550.0
14259,79550.0
14260,79550.0
14262,79550.0
14284,79550.0
14303,79550.0
14304,79550.0
14307,79550.0
14308,79550.0
14309,79550.0
14310,79550.0
14337,79550.0
14338,79550.0
14339,79550.0
14340,79550.0
14341,79550.0
14342,79550.0
14343,79550.0
14344,79550.0
14345,79550.0
14346,79550.0
14347,79550.0
14348,79550.0
14355,79550.0
14356,79550.0
14357,79550.0
14358,79550.0
14359,79550.0
14360,79550.0
14361,79550.0
14362,79550.0
14363,79550.0
14364,79550.0
14365,79550.0
14366,79550.0
14367,79550.0
14368,79550.0
14369,79550.0
14370,79550.0
14371,79550.0
14372,79550.0
14373,79550.0
14374,79550.0
14375,79550.0
14376,79550.0
14377,79550.0
14382,79550.0
14383,79550.0
15163,108455.0
15257,97913.0
15259,97913.0
15261,97913.0
15262,108455.0
15263,108455.0
15264,108455.0
15265,108455.0
15266,108455.0
15267,97913.0
15410,8825.0
15418,29519.0
15419,8825.0
15420,8825.0
15422,121811.0
15423,121811.0
15424,121811.0
15425,121811.0
15426,121811.0
15427,121811.0
15428,121811.0
15429,121811.0
15430,121811.0
15431,121811.0
15432,121811.0
15433,121811.0
15434,121811.0
15435,121811.0
15436,121811.0
15437,121811.0
15438,121811.0
15439,121811.0
15440,121811.0
15441,121811.0
15442,121811.0
15443,121811.0
15444,121811.0
15445,121811.0
15446,121811.0
15447,121811.0
15448,121811.0
15449,121811.0
15450,121811.0
15451,121811.0
15452,121811.0
15453,121811.0
15454,121811.0
15455,121811.0
15456,121811.0
15457,121811.0
15458,121811.0
15459,121811.0
15460,121811.0
15461,121811.0
15462,121811.0
15463,121811.0
15464,121811.0
15465,121811.0
15466,121811.0
15467,121811.0
15468,121811.0
15469,121811.0
15470,121811.0
15471,121811.0
15472,121811.0
15473,121811.0
15474,121811.0
15475,121811.0
15476,121811.0
15477,121811.0
15478,121811.0
15479,121811.0
15480,121811.0
15481,121811.0
15482,121811.0
15483,121811.0
15485,121811.0
15487,121811.0
15488,121811.0
15489,121811.0
15490,121811.0
15491,121811.0
15492,121811.0
15493,121811.0
15494,121811.0
15495,121811.0
15496,121811.0
15497,121811.0
15498,121811.0
15499,121811.0
15500,121811.0
15501,121811.0
15502,121811.0
15503,121811.0
15504,121811.0
15505,121811.0
15506,121811.0
15507,121811.0
15508,121811.0
15509,121811.0
15510,121811.0
15511,121811.0
15512,121811.0
15513,121811.0
15514,121811.0
15515,121811.0
15516,121811.0
15517,121811.0
15518,121811.0
15519,121811.0
15520,121811.0
15521,121811.0
15522,121811.0
15523,121811.0
15524,121811.0
15525,121811.0
15526,121811.0
15527,121811.0
15528,121811.0
15529,121811.0
15530,121811.0
15531,121811.0
15532,121811.0
15533,121811.0
15534,121811.0
15535,121811.0
15536,121811.0
15537,121811.0
15538,121811.0
15539,121811.0
15540,121811.0
15541,121811.0
15542,121811.0
15543,121811.0
15544,121811.0
15545,121811.0
15546,121811.0
15547,121811.0
15548,121811.0
15549,121811.0
15550,121811.0
15551,121811.0
15552,121811.0
15553,121811.0
15554,121811.0
15555,121811.0
15556,121811.0
15557,121811.0
15558,121811.0
15559,121811.0
15560,121811.0
15834,121811.0
15835,121811.0
15836,121811.0
15837,121811.0
15838,121811.0
15839,121811.0
15840,121811.0
15841,121811.0
15842,121811.0
16469,121811.0
16470,121811.0
16471,121811.0
16472,121811.0
16473,121811.0
16474,121811.0
16475,121811.0
16476,121811.0
16477,121811.0
16478,121811.0
16479,121811.0
16480,121811.0
16481,121811.0
16482,121811.0
16483,121811.0
16484,121811.0
16485,121811.0
16486,121811.0
16487,121811.0
16488,121811.0
16489,121811.0
16490,121811.0
16491,121811.0
16492,121811.0
16493,121811.0
16494,121811.0
16495,121811.0
16496,121811.0
16497,121811.0
16498,121811.0
16499,121811.0
16500,121811.0
16501,121811.0
16502,121811.0
16503,121811.0
16504,121811.0
16505,121811.0
16506,121811.0
16507,121811.0
16508,121811.0
16509,121811.0
16510,121811.0
16511,121811.0
16512,121811.0
16513,121811.0
16514,121811.0
16515,121811.0
16516,121811.0
16517,121811.0
16518,121811.0
16519,121811.0
16520,121811.0
16521,121811.0
16522,121811.0
16523,121811.0
16524,121811.0
16525,121811.0
16526,121811.0
16527,121811.0
16528,121811.0
16529,121811.0
16530,121811.0
16531,121811.0
16532,121811.0
16533,121811.0
16534,121811.0
16535,121811.0
16536,121811.0
16537,121811.0
16538,121811.0
16539,121811.0
16540,121811.0
16541,121811.0
16542,121811.0
16543,121811.0
16544,121811.0
16545,121811.0
16546,121811.0
16547,121811.0
16548,121811.0
16549,121811.0
16550,121811.0
16551,121811.0
16552,121811.0
16553,121811.0
16554,121811.0
16555,121811.0
16556,121811.0
16557,121811.0
16558,121811.0
16559,121811.0
16560,121811.0
16561,121811.0
16562,121811.0
16563,121811.0
16564,121811.0
16565,121811.0
16566,121811.0
16567,121811.0
16568,121811.0
16569,121811.0
16570,121811.0
16571,121811.0
16572,121811.0
16573,121811.0
16574,121811.0
16575,121811.0
16576,121811.0
16577,121811.0
16578,121811.0
16579,121811.0
16580,121811.0
16581,121811.0
16582,121811.0
16583,121811.0
16584,121811.0
16585,121811.0
16586,121811.0
16587,121811.0
16588,121811.0
16591,121811.0
16592,121811.0
16593,121811.0
16596,121811.0
16597,121811.0
16598,121811.0
16599,121811.0
16602,121811.0
16603,121811.0
16604,121811.0
16605,121811.0
16606,121811.0
16608,121811.0
16609,121811.0
16610,121811.0
16611,121811.0
16612,121811.0
16613,121811.0
16614,121811.0
16615,121811.0
16616,121811.0
16617,121811.0
16618,121811.0
16619,121811.0
16621,121811.0
16622,121811.0
16623,121811.0
16624,121811.0
16625,121811.0
16626,121811.0
16627,121811.0
16628,121811.0
16629,121811.0
16630,121811.0
16631,121811.0
16632,121811.0
16633,121811.0
16634,121811.0
16635,121811.0
16636,121811.0
16637,121811.0
16638,121811.0
16641,121811.0
16644,121811.0
16645,121811.0
16647,121811.0
16649,121811.0
16650,121811.0
16651,121811.0
16653,121811.0
16655,121811.0
16659,121811.0
16660,121811.0
16661,121811.0
16662,121811.0
16781,121811.0
16782,121811.0
16783,121811.0
16784,121811.0
16785,121811.0
16786,121811.0
16787,121811.0
16788,121811.0
16789,121811.0
16790,121811.0
16791,121811.0
16792,121811.0
16793,121811.0
16798,121811.0
16799,121811.0
16800,121811.0
16809,121811.0
16810,121811.0
16811,121811.0
16812,121811.0
16817,121811.0
16919,121811.0
16937,8825.0
16938,121811.0
16939,121811.0
16940,121811.0
16944,121811.0
16953,121811.0
16954,121811.0
17019,121811.0
17089,8825.0
17090,121811.0
17091,121811.0
17092,121811.0
17093,121811.0
17094,121811.0
17095,121811.0
17096,121811.0
17097,121811.0
17098,121811.0
17099,121811.0
17100,121811.0
17101,121811.0
17102,121811.0
17103,121811.0
17104,121811.0
17105,121811.0
17106,121811.0
17107,121811.0
17108,121811.0
17109,121811.0
17110,121811.0
17111,121811.0
17112,121811.0
17113,121811.0
17114,121811.0
17115,121811.0
17116,121811.0
17117,121811.0
17118,121811.0
17119,121811.0
17120,121811.0
17121,121811.0
17122,121811.0
17123,121811.0
17127,121811.0
17129,121811.0
17143,121811.0
17160,8825.0
17193,121811.0
17194,121811.0
17195,121811.0
17196,121811.0
17197,121811.0
17198,121811.0
17199,121811.0
17200,121811.0
17201,121811.0
17202,121811.0
17203,121811.0
17204,121811.0
17205,121811.0
17206,121811.0
17207,121811.0
17208,121811.0
17209,121811.0
17210,121811.0
17211,121811.0
17212,121811.0
17213,121811.0
17214,121811.0
17215,121811.0
17216,121811.0
17217,121811.0
17218,121811.0
17219,121811.0
17220,121811.0
17221,121811.0
17222,121811.0
17223,121811.0
17224,121811.0
17225,121811.0
17226,121811.0
17227,121811.0
17228,121811.0
17229,121811.0
17230,121811.0
17231,121811.0
17232,121811.0
17233,121811.0
17234,121811.0
17235,121811.0
17236,121811.0
17239,121811.0
17240,121811.0
17241,121811.0
17242,121811.0
17243,121811.0
17244,121811.0
18412,8825.0
19284,29519.0
19285,56823.0
19286,56823.0
19287,56823.0
19288,56823.0
19297,56823.0
19299,56823.0
19301,56823.0
19302,56823.0
19311,8825.0
19312,8825.0
19313,8825.0
19314,8825.0
19349,36481.0
19837,121811.0
19838,121811.0
19839,121811.0
19840,121811.0
19841,121811.0
19842,121811.0
19843,121811.0
19844,121811.0
19845,121811.0
19846,121811.0
19847,121811.0
19848,121811.0
19849,121811.0
19850,121811.0
19851,121811.0
19852,121811.0
19853,121811.0
19854,121811.0
19855,121811.0
19856,121811.0
19857,121811.0
19858,121811.0
19859,121811.0
19860,121811.0
19861,121811.0
19862,121811.0
19863,121811.0
19864,121811.0
19865,121811.0
19866,121811.0
19867,121811.0
19868,121811.0
19869,121811.0
19870,121811.0
19871,121811.0
19872,121811.0
19873,121811.0
19874,121811.0
19875,121811.0
19876,121811.0
19877,121811.0
19878,121811.0
19879,121811.0
19880,121811.0
19881,121811.0
19882,121811.0
19883,121811.0
19884,121811.0
19885,121811.0
19886,121811.0
19887,121811.0
19888,121811.0
19889,121811.0
19890,121811.0
19893,121811.0
19911,121811.0
19912,121811.0
19913,121811.0
19914,121811.0
19915,121811.0
19916,121811.0
19917,121811.0
19919,121811.0
19920,121811.0
19921,121811.0
19927,121811.0
19928,121811.0
19929,121811.0
19930,121811.0
19931,121811.0
19932,121811.0
19933,121811.0
19934,121811.0
19935,121811.0
19936,121811.0
19937,121811.0
19938,121811.0
19944,121811.0
19949,121811.0
19951,121811.0
19961,121811.0
20004,108455.0
20005,108455.0
20007,108455.0
20048,8825.0
20049,8825.0
20050,8825.0
20052,56823.0
20053,56823.0
20054,56823.0
20105,8825.0
20177,8825.0
20178,8825.0
20538,56823.0
20567,56823.0
20568,56823.0
20569,56823.0
20570,56823.0
20571,56823.0
20618,56823.0
20626,108455.0
20627,108455.0
20629,108455.0
20649,57267.0
20652,99031.0
20917,28637.0
20935,28637.0
20936,28637.0
21034,28637.0
21065,99031.0
21067,28637.0
21069,28637.0
21109,99031.0
21110,99031.0
21111,108455.0
21112,108455.0
21113,108455.0
21114,99031.0
21115,108455.0
21121,108455.0
21124,99031.0
21128,99031.0
21133,57872.0
21134,57872.0
21136,99031.0
21157,99031.0
21158,99031.0
21159,99031.0
21166,30406.0
21167,30406.0
21364,57267.0
21500,83892.0
21501,57267.0
21508,57872.0
21509,57872.0
21518,57872.0
21523,108455.0
21526,108455.0
21527,108455.0
21528,108455.0
21544,56823.0
21545,56823.0
21552,56823.0
21556,108455.0
21560,56823.0
21573,108455.0
21580,108455.0
21788,29519.0
21795,108455.0
21797,108455.0
21804,29519.0
21978,129425.0
21984,129425.0
