course_id,sub_discipline_id,created_at
196,5,2021-04-02 18:24:58
1133,5,2021-04-02 18:24:58
133,5,2021-04-02 18:24:58
1300,5,2021-04-02 18:24:58
1404,5,2021-04-02 18:24:58
171,5,2021-04-02 18:24:58
172,5,2021-04-02 18:24:58
173,5,2021-04-02 18:24:58
122,5,2021-04-02 18:24:58
119,5,2021-04-02 18:24:58
174,5,2021-04-02 18:24:58
1839,5,2021-04-02 18:24:58
1848,5,2021-04-02 18:24:58
1139,5,2021-04-02 18:24:58
642,5,2021-04-02 18:24:58
1170,5,2021-04-02 18:24:58
161,5,2021-04-02 18:24:58
166,5,2021-04-02 18:24:58
167,5,2021-04-02 18:24:58
168,5,2021-04-02 18:24:58
169,5,2021-04-02 18:24:58
170,5,2021-04-02 18:24:58
1134,5,2021-04-02 18:24:58
148,5,2021-04-02 18:24:58
2068,5,2021-04-02 18:24:58
152,5,2021-04-02 18:24:58
154,5,2021-04-02 18:24:58
221,5,2021-04-02 18:24:58
1160,5,2021-04-02 18:24:58
503,7,2021-04-02 18:24:58
504,7,2021-04-02 18:24:58
570,7,2021-04-02 18:24:58
572,7,2021-04-02 18:24:58
571,7,2021-04-02 18:24:58
1796,7,2021-04-02 18:24:58
1643,7,2021-04-02 18:24:58
573,7,2021-04-02 18:24:58
574,7,2021-04-02 18:24:58
717,4,2021-04-02 18:24:58
719,4,2021-04-02 18:24:58
723,4,2021-04-02 18:24:58
720,4,2021-04-02 18:24:58
722,4,2021-04-02 18:24:58
724,4,2021-04-02 18:24:58
763,4,2021-04-02 18:24:58
946,4,2021-04-02 18:24:58
969,4,2021-04-02 18:24:58
818,4,2021-04-02 18:24:58
819,4,2021-04-02 18:24:58
908,4,2021-04-02 18:24:58
929,4,2021-04-02 18:24:58
60,4,2021-04-02 18:24:58
67,4,2021-04-02 18:24:58
71,4,2021-04-02 18:24:58
76,4,2021-04-02 18:24:58
80,4,2021-04-02 18:24:58
99,4,2021-04-02 18:24:58
100,4,2021-04-02 18:24:58
101,4,2021-04-02 18:24:58
102,4,2021-04-02 18:24:58
677,2,2021-04-02 18:24:58
692,2,2021-04-02 18:24:58
747,2,2021-04-02 18:24:58
721,2,2021-04-02 18:24:58
760,2,2021-04-02 18:24:58
782,2,2021-04-02 18:24:58
797,2,2021-04-02 18:24:58
809,2,2021-04-02 18:24:58
774,2,2021-04-02 18:24:58
934,2,2021-04-02 18:24:58
1104,2,2021-04-02 18:24:58
1117,2,2021-04-02 18:24:58
1171,2,2021-04-02 18:24:58
1172,2,2021-04-02 18:24:58
1142,2,2021-04-02 18:24:58
1178,2,2021-04-02 18:24:58
1181,2,2021-04-02 18:24:58
1548,47,2021-04-02 18:24:58
1594,47,2021-04-02 18:24:58
1628,47,2021-04-02 18:24:58
1642,47,2021-04-02 18:24:58
1685,47,2021-04-02 18:24:58
1697,47,2021-04-02 18:24:58
1786,47,2021-04-02 18:24:58
2960,47,2021-04-02 18:24:58
3240,47,2021-04-02 18:24:58
2737,47,2021-04-02 18:24:58
3315,47,2021-04-02 18:24:58
1331,47,2021-04-02 18:24:58
1474,47,2021-04-02 18:24:58
3492,49,2021-04-02 18:24:58
3472,49,2021-04-02 18:24:58
3477,49,2021-04-02 18:24:58
3410,49,2021-04-02 18:24:58
3555,49,2021-04-02 18:24:58
4024,49,2021-04-02 18:24:58
3476,49,2021-04-02 18:24:58
3634,49,2021-04-02 18:24:58
3455,49,2021-04-02 18:24:58
3488,49,2021-04-02 18:24:58
3428,49,2021-04-02 18:24:58
3432,49,2021-04-02 18:24:58
3447,49,2021-04-02 18:24:58
3458,49,2021-04-02 18:24:58
3425,49,2021-04-02 18:24:58
3438,49,2021-04-02 18:24:58
3419,49,2021-04-02 18:24:58
3545,49,2021-04-02 18:24:58
3564,49,2021-04-02 18:24:58
2341,33,2021-04-02 18:24:58
2342,33,2021-04-02 18:24:58
2367,33,2021-04-02 18:24:58
2349,33,2021-04-02 18:24:58
2350,33,2021-04-02 18:24:58
2505,33,2021-04-02 18:24:58
2373,33,2021-04-02 18:24:58
2388,33,2021-04-02 18:24:58
2372,33,2021-04-02 18:24:58
2405,33,2021-04-02 18:24:58
2471,33,2021-04-02 18:24:58
2475,33,2021-04-02 18:24:58
2478,33,2021-04-02 18:24:58
2445,33,2021-04-02 18:24:58
2464,33,2021-04-02 18:24:58
2477,33,2021-04-02 18:24:58
2476,33,2021-04-02 18:24:58
2473,33,2021-04-02 18:24:58
2525,33,2021-04-02 18:24:58
2499,33,2021-04-02 18:24:58
2512,33,2021-04-02 18:24:58
2500,33,2021-04-02 18:24:58
2344,33,2021-04-02 18:24:58
2343,33,2021-04-02 18:24:58
2668,32,2021-04-02 18:24:58
1970,32,2021-04-02 18:24:58
1950,32,2021-04-02 18:24:58
2102,32,2021-04-02 18:24:58
2103,32,2021-04-02 18:24:58
2696,32,2021-04-02 18:24:58
70,8,2021-04-02 18:24:58
103,8,2021-04-02 18:24:58
118,8,2021-04-02 18:24:58
175,8,2021-04-02 18:24:59
192,8,2021-04-02 18:24:59
206,8,2021-04-02 18:24:59
207,8,2021-04-02 18:24:59
208,8,2021-04-02 18:24:59
209,8,2021-04-02 18:24:59
677,2,2021-04-02 18:24:59
692,2,2021-04-02 18:24:59
747,2,2021-04-02 18:24:59
721,2,2021-04-02 18:24:59
760,2,2021-04-02 18:24:59
782,2,2021-04-02 18:24:59
797,2,2021-04-02 18:24:59
809,2,2021-04-02 18:24:59
934,2,2021-04-02 18:24:59
1104,2,2021-04-02 18:24:59
1117,2,2021-04-02 18:24:59
774,2,2021-04-02 18:24:59
1171,2,2021-04-02 18:24:59
1172,2,2021-04-02 18:24:59
1142,2,2021-04-02 18:24:59
1178,2,2021-04-02 18:24:59
1181,2,2021-04-02 18:24:59
60,4,2021-04-02 18:24:59
67,4,2021-04-02 18:24:59
71,4,2021-04-02 18:24:59
76,4,2021-04-02 18:24:59
80,4,2021-04-02 18:24:59
99,4,2021-04-02 18:24:59
100,4,2021-04-02 18:24:59
101,4,2021-04-02 18:24:59
1381,4,2021-04-02 18:24:59
1423,4,2021-04-02 18:24:59
1454,4,2021-04-02 18:24:59
1481,4,2021-04-02 18:24:59
1675,4,2021-04-02 18:24:59
133,5,2021-04-02 18:24:59
140,5,2021-04-02 18:24:59
157,5,2021-04-02 18:24:59
143,5,2021-04-02 18:24:59
161,5,2021-04-02 18:24:59
166,5,2021-04-02 18:24:59
167,5,2021-04-02 18:24:59
168,5,2021-04-02 18:24:59
169,5,2021-04-02 18:24:59
170,5,2021-04-02 18:24:59
171,5,2021-04-02 18:24:59
172,5,2021-04-02 18:24:59
173,5,2021-04-02 18:24:59
196,5,2021-04-02 18:24:59
1193,27,2021-04-02 18:24:59
1552,27,2021-04-02 18:24:59
1151,27,2021-04-02 18:24:59
1176,27,2021-04-02 18:24:59
1190,27,2021-04-02 18:24:59
1183,27,2021-04-02 18:24:59
1630,27,2021-04-02 18:24:59
1686,27,2021-04-02 18:24:59
1687,27,2021-04-02 18:24:59
1717,27,2021-04-02 18:24:59
1403,28,2021-04-02 18:24:59
1419,28,2021-04-02 18:24:59
1497,28,2021-04-02 18:24:59
1650,28,2021-04-02 18:24:59
1452,28,2021-04-02 18:24:59
1509,28,2021-04-02 18:24:59
1634,28,2021-04-02 18:24:59
1695,28,2021-04-02 18:24:59
1810,28,2021-04-02 18:24:59
1867,28,2021-04-02 18:24:59
3396,25,2021-04-02 18:24:59
3397,25,2021-04-02 18:24:59
2363,25,2021-04-02 18:24:59
3398,25,2021-04-02 18:24:59
3399,25,2021-04-02 18:24:59
2808,25,2021-04-02 18:24:59
2953,25,2021-04-02 18:24:59
3016,25,2021-04-02 18:24:59
222,25,2021-04-02 18:24:59
368,25,2021-04-02 18:24:59
937,25,2021-04-02 18:24:59
1119,25,2021-04-02 18:24:59
1144,25,2021-04-02 18:24:59
1159,25,2021-04-02 18:24:59
1208,25,2021-04-02 18:24:59
1221,25,2021-04-02 18:24:59
1924,25,2021-04-02 18:24:59
1936,25,2021-04-02 18:24:59
2874,25,2021-04-02 18:24:59
2875,25,2021-04-02 18:24:59
1919,25,2021-04-02 18:24:59
2915,25,2021-04-02 18:24:59
2317,25,2021-04-02 18:24:59
1130,25,2021-04-02 18:24:59
2338,25,2021-04-02 18:24:59
61,5,2021-04-02 18:24:59
3018,5,2021-04-02 18:24:59
69,5,2021-04-02 18:24:59
3023,5,2021-04-02 18:24:59
3026,5,2021-04-02 18:24:59
3027,5,2021-04-02 18:24:59
3028,5,2021-04-02 18:24:59
3029,5,2021-04-02 18:24:59
3032,5,2021-04-02 18:24:59
3031,5,2021-04-02 18:24:59
178,5,2021-04-02 18:24:59
3208,5,2021-04-02 18:24:59
78,5,2021-04-02 18:24:59
3226,5,2021-04-02 18:24:59
3019,5,2021-04-02 18:24:59
181,5,2021-04-02 18:24:59
3153,5,2021-04-02 18:24:59
3020,5,2021-04-02 18:24:59
3051,5,2021-04-02 18:24:59
3227,5,2021-04-02 18:24:59
120,5,2021-04-02 18:24:59
3207,5,2021-04-02 18:24:59
3022,5,2021-04-02 18:24:59
121,5,2021-04-02 18:24:59
3007,5,2021-04-02 18:24:59
3264,5,2021-04-02 18:24:59
3263,5,2021-04-02 18:24:59
3168,5,2021-04-02 18:24:59
3231,5,2021-04-02 18:24:59
3164,5,2021-04-02 18:24:59
3197,5,2021-04-02 18:24:59
3172,5,2021-04-02 18:24:59
3118,5,2021-04-02 18:24:59
3191,5,2021-04-02 18:24:59
3014,5,2021-04-02 18:24:59
3192,5,2021-04-02 18:24:59
3212,5,2021-04-02 18:24:59
3001,5,2021-04-02 18:24:59
3119,5,2021-04-02 18:24:59
3190,5,2021-04-02 18:24:59
3013,5,2021-04-02 18:24:59
222,5,2021-04-02 18:24:59
1103,43,2021-04-02 18:24:59
1162,43,2021-04-02 18:24:59
1127,43,2021-04-02 18:24:59
1096,43,2021-04-02 18:24:59
1054,43,2021-04-02 18:24:59
1331,43,2021-04-02 18:24:59
1333,43,2021-04-02 18:24:59
2370,43,2021-04-02 18:24:59
1113,43,2021-04-02 18:24:59
440,43,2021-04-02 18:24:59
2854,43,2021-04-02 18:24:59
2828,43,2021-04-02 18:24:59
2917,43,2021-04-02 18:24:59
1745,5,2021-04-02 18:24:59
1744,5,2021-04-02 18:24:59
1746,5,2021-04-02 18:24:59
110,5,2021-04-02 18:24:59
1764,5,2021-04-02 18:24:59
1768,5,2021-04-02 18:24:59
3496,5,2021-04-02 18:24:59
3439,5,2021-04-02 18:24:59
1837,5,2021-04-02 18:24:59
1845,5,2021-04-02 18:24:59
1850,5,2021-04-02 18:24:59
1869,5,2021-04-02 18:24:59
3444,5,2021-04-02 18:24:59
1880,5,2021-04-02 18:24:59
221,5,2021-04-02 18:24:59
1762,5,2021-04-02 18:24:59
1765,5,2021-04-02 18:24:59
1841,5,2021-04-02 18:24:59
1844,5,2021-04-02 18:24:59
1727,5,2021-04-02 18:24:59
174,5,2021-04-02 18:24:59
1839,5,2021-04-02 18:24:59
1848,5,2021-04-02 18:24:59
1729,5,2021-04-02 18:24:59
1760,5,2021-04-02 18:24:59
1107,61,2021-04-02 18:24:59
1116,61,2021-04-02 18:24:59
1125,61,2021-04-02 18:24:59
881,61,2021-04-02 18:24:59
137,59,2021-04-02 18:24:59
194,59,2021-04-02 18:24:59
279,59,2021-04-02 18:24:59
299,59,2021-04-02 18:24:59
1244,59,2021-04-02 18:24:59
1253,59,2021-04-02 18:24:59
1177,59,2021-04-02 18:24:59
1182,59,2021-04-02 18:24:59
1191,59,2021-04-02 18:24:59
930,59,2021-04-02 18:24:59
279,59,2021-04-02 18:24:59
299,59,2021-04-02 18:24:59
1244,59,2021-04-02 18:24:59
1253,59,2021-04-02 18:24:59
3753,59,2021-04-02 18:24:59
534,59,2021-04-02 18:24:59
625,59,2021-04-02 18:24:59
638,59,2021-04-02 18:24:59
641,59,2021-04-02 18:24:59
644,59,2021-04-02 18:25:00
649,59,2021-04-02 18:25:00
651,59,2021-04-02 18:25:00
669,59,2021-04-02 18:25:00
693,59,2021-04-02 18:25:00
695,59,2021-04-02 18:25:00
799,59,2021-04-02 18:25:00
881,59,2021-04-02 18:25:00
1116,59,2021-04-02 18:25:00
1107,59,2021-04-02 18:25:00
1125,59,2021-04-02 18:25:00
196,43,2021-04-02 18:25:00
1133,43,2021-04-02 18:25:00
157,43,2021-04-02 18:25:00
140,43,2021-04-02 18:25:00
166,43,2021-04-02 18:25:00
174,43,2021-04-02 18:25:00
167,43,2021-04-02 18:25:00
168,43,2021-04-02 18:25:00
170,43,2021-04-02 18:25:00
171,43,2021-04-02 18:25:00
172,43,2021-04-02 18:25:00
122,43,2021-04-02 18:25:00
70,43,2021-04-02 18:25:00
103,43,2021-04-02 18:25:00
118,43,2021-04-02 18:25:00
175,43,2021-04-02 18:25:00
192,43,2021-04-02 18:25:00
206,43,2021-04-02 18:25:00
207,43,2021-04-02 18:25:00
208,43,2021-04-02 18:25:00
209,43,2021-04-02 18:25:00
937,43,2021-04-02 18:25:00
1119,43,2021-04-02 18:25:00
1144,43,2021-04-02 18:25:00
1159,43,2021-04-02 18:25:00
1208,43,2021-04-02 18:25:00
1221,43,2021-04-02 18:25:00
187,43,2021-04-02 18:25:00
189,43,2021-04-02 18:25:00
193,43,2021-04-02 18:25:00
190,43,2021-04-02 18:25:00
1552,43,2021-04-02 18:25:00
1630,43,2021-04-02 18:25:00
1547,43,2021-04-02 18:25:00
1190,43,2021-04-02 18:25:00
1183,43,2021-04-02 18:25:00
1193,43,2021-04-02 18:25:00
1176,43,2021-04-02 18:25:00
1686,43,2021-04-02 18:25:00
1687,43,2021-04-02 18:25:00
1327,43,2021-04-02 18:25:00
1383,43,2021-04-02 18:25:00
1397,43,2021-04-02 18:25:00
1455,43,2021-04-02 18:25:00
1456,43,2021-04-02 18:25:00
1472,43,2021-04-02 18:25:00
1474,43,2021-04-02 18:25:00
1548,43,2021-04-02 18:25:00
1632,43,2021-04-02 18:25:00
1642,43,2021-04-02 18:25:00
1628,43,2021-04-02 18:25:00
1685,43,2021-04-02 18:25:00
1697,43,2021-04-02 18:25:00
1786,43,2021-04-02 18:25:00
148,43,2021-04-02 18:25:00
152,43,2021-04-02 18:25:00
154,43,2021-04-02 18:25:00
203,43,2021-04-02 18:25:00
186,43,2021-04-02 18:25:00
1764,43,2021-04-02 18:25:00
1768,43,2021-04-02 18:25:00
1837,43,2021-04-02 18:25:00
1845,43,2021-04-02 18:25:00
1305,43,2021-04-02 18:25:00
1160,43,2021-04-02 18:25:00
1333,43,2021-04-02 18:25:00
1982,43,2021-04-02 18:25:00
2045,43,2021-04-02 18:25:00
2544,43,2021-04-02 18:25:00
2545,43,2021-04-02 18:25:00
2190,43,2021-04-02 18:25:00
1891,43,2021-04-02 18:25:00
1894,43,2021-04-02 18:25:00
1931,43,2021-04-02 18:25:00
1948,43,2021-04-02 18:25:00
2191,43,2021-04-02 18:25:00
2199,43,2021-04-02 18:25:00
2217,43,2021-04-02 18:25:00
2236,43,2021-04-02 18:25:00
2406,43,2021-04-02 18:25:00
1314,43,2021-04-02 18:25:00
2198,43,2021-04-02 18:25:00
2180,43,2021-04-02 18:25:00
2408,43,2021-04-02 18:25:00
2163,43,2021-04-02 18:25:00
2449,43,2021-04-02 18:25:00
2182,43,2021-04-02 18:25:00
2404,43,2021-04-02 18:25:00
164,43,2021-04-02 18:25:00
2314,43,2021-04-02 18:25:00
2448,43,2021-04-02 18:25:00
2515,43,2021-04-02 18:25:00
2611,43,2021-04-02 18:25:00
2507,43,2021-04-02 18:25:00
2504,43,2021-04-02 18:25:00
2502,43,2021-04-02 18:25:00
2370,43,2021-04-02 18:25:00
1103,43,2021-04-02 18:25:00
1113,43,2021-04-02 18:25:00
440,43,2021-04-02 18:25:00
2959,43,2021-04-02 18:25:00
2118,43,2021-04-02 18:25:00
2120,43,2021-04-02 18:25:00
1170,43,2021-04-02 18:25:00
221,43,2021-04-02 18:25:00
497,43,2021-04-02 18:25:00
506,43,2021-04-02 18:25:00
522,43,2021-04-02 18:25:00
535,43,2021-04-02 18:25:00
536,43,2021-04-02 18:25:00
543,43,2021-04-02 18:25:00
603,43,2021-04-02 18:25:00
660,43,2021-04-02 18:25:00
659,43,2021-04-02 18:25:00
196,43,2021-04-02 18:25:00
133,43,2021-04-02 18:25:00
140,43,2021-04-02 18:25:00
157,43,2021-04-02 18:25:00
143,43,2021-04-02 18:25:00
161,43,2021-04-02 18:25:00
166,43,2021-04-02 18:25:00
167,43,2021-04-02 18:25:00
168,43,2021-04-02 18:25:00
169,43,2021-04-02 18:25:00
170,43,2021-04-02 18:25:00
171,43,2021-04-02 18:25:00
172,43,2021-04-02 18:25:00
173,43,2021-04-02 18:25:00
937,43,2021-04-02 18:25:00
1119,43,2021-04-02 18:25:00
1144,43,2021-04-02 18:25:00
1159,43,2021-04-02 18:25:00
1208,43,2021-04-02 18:25:00
1221,43,2021-04-02 18:25:00
1919,43,2021-04-02 18:25:00
1924,43,2021-04-02 18:25:00
1936,43,2021-04-02 18:25:00
2317,43,2021-04-02 18:25:00
2363,43,2021-04-02 18:25:00
1130,43,2021-04-02 18:25:00
2338,43,2021-04-02 18:25:00
3804,43,2021-04-02 18:25:00
1170,43,2021-04-02 18:25:00
221,43,2021-04-02 18:25:00
3700,43,2021-04-02 18:25:00
3726,43,2021-04-02 18:25:00
2306,43,2021-04-02 18:25:00
2324,43,2021-04-02 18:25:00
152,43,2021-04-02 18:25:00
3837,43,2021-04-02 18:25:00
3814,43,2021-04-02 18:25:00
3136,43,2021-04-02 18:25:00
3117,43,2021-04-02 18:25:00
3099,43,2021-04-02 18:25:00
3151,43,2021-04-02 18:25:00
3149,43,2021-04-02 18:25:00
3277,43,2021-04-02 18:25:00
2883,43,2021-04-02 18:25:00
2406,43,2021-04-02 18:25:00
2850,43,2021-04-02 18:25:00
2341,43,2021-04-02 18:25:00
2342,43,2021-04-02 18:25:00
2367,43,2021-04-02 18:25:00
2350,43,2021-04-02 18:25:00
2373,43,2021-04-02 18:25:00
2388,43,2021-04-02 18:25:00
2372,43,2021-04-02 18:25:00
2405,43,2021-04-02 18:25:00
2471,43,2021-04-02 18:25:00
2475,43,2021-04-02 18:25:00
2478,43,2021-04-02 18:25:00
2445,43,2021-04-02 18:25:00
3836,43,2021-04-02 18:25:00
2343,43,2021-04-02 18:25:00
2169,43,2021-04-02 18:25:00
3447,49,2021-04-02 18:25:00
3458,49,2021-04-02 18:25:00
3428,49,2021-04-02 18:25:00
3432,49,2021-04-02 18:25:00
3492,49,2021-04-02 18:25:00
3485,49,2021-04-02 18:25:00
3425,49,2021-04-02 18:25:00
3438,49,2021-04-02 18:25:00
3419,49,2021-04-02 18:25:00
3545,49,2021-04-02 18:25:00
3564,49,2021-04-02 18:25:00
3634,49,2021-04-02 18:25:00
3455,49,2021-04-02 18:25:00
3488,49,2021-04-02 18:25:00
4024,49,2021-04-02 18:25:00
3476,49,2021-04-02 18:25:00
3410,49,2021-04-02 18:25:00
3555,49,2021-04-02 18:25:00
3472,49,2021-04-02 18:25:00
3477,49,2021-04-02 18:25:00
196,49,2021-04-02 18:25:00
133,49,2021-04-02 18:25:00
140,49,2021-04-02 18:25:00
157,49,2021-04-02 18:25:00
143,49,2021-04-02 18:25:00
161,49,2021-04-02 18:25:00
166,49,2021-04-02 18:25:00
167,49,2021-04-02 18:25:00
168,49,2021-04-02 18:25:00
169,49,2021-04-02 18:25:00
170,49,2021-04-02 18:25:00
171,49,2021-04-02 18:25:00
172,49,2021-04-02 18:25:00
173,49,2021-04-02 18:25:00
1052,43,2021-04-02 18:25:00
1113,43,2021-04-02 18:25:00
440,43,2021-04-02 18:25:00
1333,43,2021-04-02 18:25:00
1982,43,2021-04-02 18:25:00
2045,43,2021-04-02 18:25:00
2190,43,2021-04-02 18:25:00
2544,43,2021-04-02 18:25:00
2545,43,2021-04-02 18:25:00
2777,43,2021-04-02 18:25:00
2724,43,2021-04-02 18:25:00
2715,43,2021-04-02 18:25:00
1331,43,2021-04-02 18:25:00
1474,43,2021-04-02 18:25:00
1642,43,2021-04-02 18:25:00
1548,43,2021-04-02 18:25:00
1632,43,2021-04-02 18:25:00
1628,43,2021-04-02 18:25:00
1697,43,2021-04-02 18:25:00
1685,43,2021-04-02 18:25:00
3315,43,2021-04-02 18:25:00
2960,43,2021-04-02 18:25:00
3240,43,2021-04-02 18:25:00
2737,43,2021-04-02 18:25:00
766,43,2021-04-02 18:25:00
1103,43,2021-04-02 18:25:00
3926,73,2021-04-02 18:25:00
7004,73,2021-04-02 18:25:00
6265,73,2021-04-02 18:25:00
4162,73,2021-04-02 18:25:00
6461,73,2021-04-02 18:25:00
6462,73,2021-04-02 18:25:00
4191,73,2021-04-02 18:25:00
6263,73,2021-04-02 18:25:00
6264,73,2021-04-02 18:25:00
7022,73,2021-04-02 18:25:00
7023,73,2021-04-02 18:25:00
1745,92,2021-04-02 18:25:02
1744,92,2021-04-02 18:25:02
1746,92,2021-04-02 18:25:02
110,92,2021-04-02 18:25:02
1764,92,2021-04-02 18:25:02
1768,92,2021-04-02 18:25:02
3496,92,2021-04-02 18:25:02
3439,92,2021-04-02 18:25:02
1837,92,2021-04-02 18:25:02
1845,92,2021-04-02 18:25:02
1850,92,2021-04-02 18:25:02
1869,92,2021-04-02 18:25:02
3444,92,2021-04-02 18:25:02
1880,92,2021-04-02 18:25:02
221,92,2021-04-02 18:25:02
1762,92,2021-04-02 18:25:02
1765,92,2021-04-02 18:25:02
1841,92,2021-04-02 18:25:02
1844,92,2021-04-02 18:25:02
1727,92,2021-04-02 18:25:02
174,92,2021-04-02 18:25:02
1839,92,2021-04-02 18:25:02
1848,92,2021-04-02 18:25:02
1729,92,2021-04-02 18:25:02
1760,92,2021-04-02 18:25:02
61,92,2021-04-02 18:25:02
3018,92,2021-04-02 18:25:02
69,92,2021-04-02 18:25:02
3023,92,2021-04-02 18:25:02
3026,92,2021-04-02 18:25:02
3027,92,2021-04-02 18:25:02
3028,92,2021-04-02 18:25:02
3029,92,2021-04-02 18:25:02
3032,92,2021-04-02 18:25:02
3031,92,2021-04-02 18:25:02
178,92,2021-04-02 18:25:02
3208,92,2021-04-02 18:25:02
78,92,2021-04-02 18:25:02
3226,92,2021-04-02 18:25:02
3019,92,2021-04-02 18:25:02
181,92,2021-04-02 18:25:02
3153,92,2021-04-02 18:25:02
3020,92,2021-04-02 18:25:02
3051,92,2021-04-02 18:25:02
3227,92,2021-04-02 18:25:02
120,92,2021-04-02 18:25:02
3207,92,2021-04-02 18:25:02
3022,92,2021-04-02 18:25:02
121,92,2021-04-02 18:25:02
3007,92,2021-04-02 18:25:02
3264,92,2021-04-02 18:25:02
3263,92,2021-04-02 18:25:02
3168,92,2021-04-02 18:25:02
3231,92,2021-04-02 18:25:02
3164,92,2021-04-02 18:25:02
3197,92,2021-04-02 18:25:02
3172,92,2021-04-02 18:25:02
3118,92,2021-04-02 18:25:02
3191,92,2021-04-02 18:25:02
3014,92,2021-04-02 18:25:02
3192,92,2021-04-02 18:25:02
3212,92,2021-04-02 18:25:02
3001,92,2021-04-02 18:25:02
3119,92,2021-04-02 18:25:02
3190,92,2021-04-02 18:25:02
3013,92,2021-04-02 18:25:02
222,92,2021-04-02 18:25:02
1180,2,2021-04-02 18:25:02
890,2,2021-04-02 18:25:02
1778,2,2021-04-02 18:25:02
1166,2,2021-04-02 18:25:02
1168,2,2021-04-02 18:25:02
1187,2,2021-04-02 18:25:02
1287,2,2021-04-02 18:25:02
1846,2,2021-04-02 18:25:02
2368,2,2021-04-02 18:25:02
2413,2,2021-04-02 18:25:02
1294,2,2021-04-02 18:25:02
4414,4,2021-04-02 18:25:02
481,4,2021-04-02 18:25:02
506,89,2021-04-02 18:25:02
522,89,2021-04-02 18:25:02
497,89,2021-04-02 18:25:02
535,89,2021-04-02 18:25:02
536,89,2021-04-02 18:25:02
543,89,2021-04-02 18:25:02
603,89,2021-04-02 18:25:02
660,89,2021-04-02 18:25:02
659,89,2021-04-02 18:25:02
1036,89,2021-04-02 18:25:02
1037,89,2021-04-02 18:25:02
887,89,2021-04-02 18:25:02
888,89,2021-04-02 18:25:02
886,89,2021-04-02 18:25:02
889,89,2021-04-02 18:25:02
3540,81,2021-04-02 18:25:02
2107,81,2021-04-02 18:25:02
2356,81,2021-04-02 18:25:02
2109,81,2021-04-02 18:25:02
2110,81,2021-04-02 18:25:02
748,4,2021-04-02 18:25:02
2050,4,2021-04-02 18:25:02
971,4,2021-04-02 18:25:02
972,4,2021-04-02 18:25:02
974,4,2021-04-02 18:25:02
975,4,2021-04-02 18:25:02
973,4,2021-04-02 18:25:02
980,4,2021-04-02 18:25:02
981,4,2021-04-02 18:25:02
982,4,2021-04-02 18:25:02
983,4,2021-04-02 18:25:02
993,4,2021-04-02 18:25:02
1011,4,2021-04-02 18:25:02
1012,4,2021-04-02 18:25:02
2242,4,2021-04-02 18:25:02
223,83,2021-04-02 18:25:02
749,83,2021-04-02 18:25:02
910,83,2021-04-02 18:25:02
911,83,2021-04-02 18:25:02
1007,83,2021-04-02 18:25:02
912,83,2021-04-02 18:25:02
223,82,2021-04-02 18:25:02
749,82,2021-04-02 18:25:02
910,82,2021-04-02 18:25:02
911,82,2021-04-02 18:25:02
1007,82,2021-04-02 18:25:02
912,82,2021-04-02 18:25:02
5184,91,2021-04-02 18:25:02
5568,91,2021-04-02 18:25:02
6242,91,2021-04-02 18:25:02
6511,91,2021-04-02 18:25:02
6530,91,2021-04-02 18:25:02
6934,86,2021-04-02 18:25:02
1133,6,2021-04-02 18:25:02
2344,6,2021-04-02 18:25:02
2774,6,2021-04-02 18:25:02
2776,6,2021-04-02 18:25:02
1327,6,2021-04-02 18:25:02
2720,6,2021-04-02 18:25:02
2254,6,2021-04-02 18:25:02
1501,6,2021-04-02 18:25:02
2101,6,2021-04-02 18:25:02
1052,6,2021-04-02 18:25:02
1103,6,2021-04-02 18:25:02
1113,6,2021-04-02 18:25:02
2370,6,2021-04-02 18:25:02
4219,6,2021-04-02 18:25:02
2202,6,2021-04-02 18:25:02
2800,6,2021-04-02 18:25:02
6870,6,2021-04-02 18:25:02
4159,6,2021-04-02 18:25:02
1963,6,2021-04-02 18:25:02
187,6,2021-04-02 18:25:02
189,6,2021-04-02 18:25:02
193,6,2021-04-02 18:25:02
190,6,2021-04-02 18:25:02
2842,6,2021-04-02 18:25:02
2788,6,2021-04-02 18:25:02
2604,6,2021-04-02 18:25:02
2791,6,2021-04-02 18:25:02
2629,6,2021-04-02 18:25:02
70,6,2021-04-02 18:25:02
118,6,2021-04-02 18:25:02
103,6,2021-04-02 18:25:02
209,6,2021-04-02 18:25:02
206,6,2021-04-02 18:25:02
208,6,2021-04-02 18:25:02
192,6,2021-04-02 18:25:02
175,6,2021-04-02 18:25:03
885,6,2021-04-02 18:25:03
80,6,2021-04-02 18:25:03
101,6,2021-04-02 18:25:03
102,6,2021-04-02 18:25:03
1001,6,2021-04-02 18:25:03
994,6,2021-04-02 18:25:03
985,6,2021-04-02 18:25:03
478,6,2021-04-02 18:25:03
483,6,2021-04-02 18:25:03
485,6,2021-04-02 18:25:03
490,6,2021-04-02 18:25:03
495,6,2021-04-02 18:25:03
137,6,2021-04-02 18:25:03
1177,6,2021-04-02 18:25:03
1182,6,2021-04-02 18:25:03
279,6,2021-04-02 18:25:03
299,6,2021-04-02 18:25:03
930,6,2021-04-02 18:25:03
497,6,2021-04-02 18:25:03
506,6,2021-04-02 18:25:03
888,6,2021-04-02 18:25:03
3974,6,2021-04-02 18:25:03
1250,6,2021-04-02 18:25:03
1516,4,2021-04-02 18:25:03
1591,4,2021-04-02 18:25:03
1517,4,2021-04-02 18:25:03
1518,4,2021-04-02 18:25:03
1651,4,2021-04-02 18:25:03
235,4,2021-04-02 18:25:03
1653,4,2021-04-02 18:25:03
1654,4,2021-04-02 18:25:03
2015,4,2021-04-02 18:25:03
80,4,2021-04-02 18:25:03
1655,4,2021-04-02 18:25:03
2037,4,2021-04-02 18:25:03
1656,4,2021-04-02 18:25:03
1657,4,2021-04-02 18:25:03
2054,4,2021-04-02 18:25:03
1515,4,2021-04-02 18:25:03
231,4,2021-04-02 18:25:03
1504,4,2021-04-02 18:25:03
4198,47,2021-04-02 18:25:03
1472,47,2021-04-02 18:25:03
1474,47,2021-04-02 18:25:03
1548,47,2021-04-02 18:25:03
1594,47,2021-04-02 18:25:03
1628,47,2021-04-02 18:25:03
1642,47,2021-04-02 18:25:03
1685,47,2021-04-02 18:25:03
1697,47,2021-04-02 18:25:03
1786,47,2021-04-02 18:25:03
2960,47,2021-04-02 18:25:03
3240,47,2021-04-02 18:25:03
2737,47,2021-04-02 18:25:03
3315,47,2021-04-02 18:25:03
1419,47,2021-04-02 18:25:03
1497,47,2021-04-02 18:25:03
1552,47,2021-04-02 18:25:03
1176,47,2021-04-02 18:25:03
1547,47,2021-04-02 18:25:03
1630,47,2021-04-02 18:25:03
1190,47,2021-04-02 18:25:03
1183,47,2021-04-02 18:25:03
1686,47,2021-04-02 18:25:03
1717,47,2021-04-02 18:25:03
1103,47,2021-04-02 18:25:03
6996,47,2021-04-02 18:25:03
1333,47,2021-04-02 18:25:03
1982,47,2021-04-02 18:25:03
2045,47,2021-04-02 18:25:03
2190,47,2021-04-02 18:25:03
2544,47,2021-04-02 18:25:03
2545,47,2021-04-02 18:25:03
2724,47,2021-04-02 18:25:03
2777,47,2021-04-02 18:25:03
2863,47,2021-04-02 18:25:03
2883,72,2021-04-02 18:25:03
2896,72,2021-04-02 18:25:03
2850,72,2021-04-02 18:25:03
2406,72,2021-04-02 18:25:03
1456,72,2021-04-02 18:25:03
1327,72,2021-04-02 18:25:03
2914,72,2021-04-02 18:25:03
2366,72,2021-04-02 18:25:03
6559,72,2021-04-02 18:25:03
2412,72,2021-04-02 18:25:03
2416,72,2021-04-02 18:25:03
196,5,2021-04-02 18:25:03
133,5,2021-04-02 18:25:03
140,5,2021-04-02 18:25:03
157,5,2021-04-02 18:25:03
143,5,2021-04-02 18:25:03
161,5,2021-04-02 18:25:03
166,5,2021-04-02 18:25:03
167,5,2021-04-02 18:25:03
168,5,2021-04-02 18:25:03
169,5,2021-04-02 18:25:03
170,5,2021-04-02 18:25:03
171,5,2021-04-02 18:25:03
172,5,2021-04-02 18:25:03
173,5,2021-04-02 18:25:03
196,32,2021-04-02 18:25:03
133,32,2021-04-02 18:25:03
140,32,2021-04-02 18:25:03
157,32,2021-04-02 18:25:03
143,32,2021-04-02 18:25:03
161,32,2021-04-02 18:25:03
166,32,2021-04-02 18:25:03
167,32,2021-04-02 18:25:03
168,32,2021-04-02 18:25:03
169,32,2021-04-02 18:25:03
170,32,2021-04-02 18:25:03
171,32,2021-04-02 18:25:03
172,32,2021-04-02 18:25:03
173,32,2021-04-02 18:25:03
4321,43,2021-04-02 18:25:03
6870,43,2021-04-02 18:25:03
4159,43,2021-04-02 18:25:03
4219,43,2021-04-02 18:25:03
2202,43,2021-04-02 18:25:03
2198,43,2021-04-02 18:25:03
2173,43,2021-04-02 18:25:03
2159,43,2021-04-02 18:25:03
2449,43,2021-04-02 18:25:03
2451,43,2021-04-02 18:25:03
2459,43,2021-04-02 18:25:03
3980,62,2021-04-02 18:25:03
3974,62,2021-04-02 18:25:03
3996,62,2021-04-02 18:25:03
4023,62,2021-04-02 18:25:03
3988,62,2021-04-02 18:25:03
2495,62,2021-04-02 18:25:03
4223,92,2021-04-02 18:25:03
4224,92,2021-04-02 18:25:03
4225,92,2021-04-02 18:25:03
4226,92,2021-04-02 18:25:03
4223,5,2021-04-02 18:25:03
4224,5,2021-04-02 18:25:03
4225,5,2021-04-02 18:25:03
4226,5,2021-04-02 18:25:03
4234,33,2021-04-02 18:25:03
4228,33,2021-04-02 18:25:03
2963,33,2021-04-02 18:25:03
3925,33,2021-04-02 18:25:03
2990,33,2021-04-02 18:25:03
3801,33,2021-04-02 18:25:03
3700,33,2021-04-02 18:25:03
3726,33,2021-04-02 18:25:03
3277,33,2021-04-02 18:25:03
2914,33,2021-04-02 18:25:03
3320,33,2021-04-02 18:25:03
3874,33,2021-04-02 18:25:03
3850,33,2021-04-02 18:25:03
3307,33,2021-04-02 18:25:03
3492,32,2021-04-02 18:25:03
3472,32,2021-04-02 18:25:03
3477,32,2021-04-02 18:25:03
3410,32,2021-04-02 18:25:03
3555,32,2021-04-02 18:25:03
4024,32,2021-04-02 18:25:03
3476,32,2021-04-02 18:25:03
3634,32,2021-04-02 18:25:03
3455,32,2021-04-02 18:25:03
3488,32,2021-04-02 18:25:03
3428,32,2021-04-02 18:25:03
3432,32,2021-04-02 18:25:03
3447,32,2021-04-02 18:25:03
3458,32,2021-04-02 18:25:03
3425,32,2021-04-02 18:25:03
3438,32,2021-04-02 18:25:03
3419,32,2021-04-02 18:25:03
3545,32,2021-04-02 18:25:03
3564,32,2021-04-02 18:25:03
167,5,2021-04-02 18:25:03
166,5,2021-04-02 18:25:03
161,5,2021-04-02 18:25:03
170,5,2021-04-02 18:25:03
169,5,2021-04-02 18:25:03
1805,5,2021-04-02 18:25:03
1157,5,2021-04-02 18:25:03
171,5,2021-04-02 18:25:03
172,5,2021-04-02 18:25:03
173,5,2021-04-02 18:25:03
122,5,2021-04-02 18:25:03
119,5,2021-04-02 18:25:03
1170,5,2021-04-02 18:25:03
174,5,2021-04-02 18:25:03
1134,5,2021-04-02 18:25:03
1156,5,2021-04-02 18:25:03
1145,5,2021-04-02 18:25:03
1139,5,2021-04-02 18:25:03
148,5,2021-04-02 18:25:03
152,5,2021-04-02 18:25:03
154,5,2021-04-02 18:25:03
1133,5,2021-04-02 18:25:03
133,5,2021-04-02 18:25:03
140,5,2021-04-02 18:25:03
157,5,2021-04-02 18:25:03
167,32,2021-04-02 18:25:03
166,32,2021-04-02 18:25:03
161,32,2021-04-02 18:25:03
170,32,2021-04-02 18:25:03
169,32,2021-04-02 18:25:03
1805,32,2021-04-02 18:25:03
1157,32,2021-04-02 18:25:03
171,32,2021-04-02 18:25:03
172,32,2021-04-02 18:25:03
173,32,2021-04-02 18:25:03
122,32,2021-04-02 18:25:03
119,32,2021-04-02 18:25:03
1170,32,2021-04-02 18:25:03
174,32,2021-04-02 18:25:03
1134,32,2021-04-02 18:25:03
1156,32,2021-04-02 18:25:03
1145,32,2021-04-02 18:25:03
1139,32,2021-04-02 18:25:03
148,32,2021-04-02 18:25:03
152,32,2021-04-02 18:25:03
154,32,2021-04-02 18:25:03
1133,32,2021-04-02 18:25:03
133,32,2021-04-02 18:25:03
140,32,2021-04-02 18:25:03
157,32,2021-04-02 18:25:03
2306,32,2021-04-02 18:25:04
2324,32,2021-04-02 18:25:04
2934,32,2021-04-02 18:25:04
2807,32,2021-04-02 18:25:04
2823,32,2021-04-02 18:25:04
2865,32,2021-04-02 18:25:04
2898,32,2021-04-02 18:25:04
2998,32,2021-04-02 18:25:04
2932,32,2021-04-02 18:25:04
2979,32,2021-04-02 18:25:04
3117,32,2021-04-02 18:25:04
3099,32,2021-04-02 18:25:04
3136,32,2021-04-02 18:25:04
3151,32,2021-04-02 18:25:04
3149,32,2021-04-02 18:25:04
2933,32,2021-04-02 18:25:04
2971,32,2021-04-02 18:25:04
4078,62,2021-04-02 18:25:04
4109,62,2021-04-02 18:25:04
4034,62,2021-04-02 18:25:04
4079,62,2021-04-02 18:25:04
4057,62,2021-04-02 18:25:04
4063,62,2021-04-02 18:25:04
1047,25,2021-04-02 18:25:04
1084,25,2021-04-02 18:25:04
1122,25,2021-04-02 18:25:04
2699,25,2021-04-02 18:25:04
2739,25,2021-04-02 18:25:04
2808,25,2021-04-02 18:25:04
816,25,2021-04-02 18:25:04
2727,25,2021-04-02 18:25:04
1294,25,2021-04-02 18:25:04
1130,25,2021-04-02 18:25:04
1047,26,2021-04-02 18:25:04
1084,26,2021-04-02 18:25:04
1122,26,2021-04-02 18:25:04
2699,26,2021-04-02 18:25:04
2739,26,2021-04-02 18:25:04
2808,26,2021-04-02 18:25:04
816,26,2021-04-02 18:25:04
2727,26,2021-04-02 18:25:04
1294,26,2021-04-02 18:25:04
1130,26,2021-04-02 18:25:04
497,51,2021-04-02 18:25:04
506,51,2021-04-02 18:25:04
522,51,2021-04-02 18:25:04
535,51,2021-04-02 18:25:04
536,51,2021-04-02 18:25:04
543,51,2021-04-02 18:25:04
603,51,2021-04-02 18:25:04
660,51,2021-04-02 18:25:04
659,51,2021-04-02 18:25:04
196,51,2021-04-02 18:25:04
133,51,2021-04-02 18:25:04
140,51,2021-04-02 18:25:04
157,51,2021-04-02 18:25:04
143,51,2021-04-02 18:25:04
161,51,2021-04-02 18:25:04
166,51,2021-04-02 18:25:04
167,51,2021-04-02 18:25:04
168,51,2021-04-02 18:25:04
169,51,2021-04-02 18:25:04
170,51,2021-04-02 18:25:04
171,51,2021-04-02 18:25:04
172,51,2021-04-02 18:25:04
173,51,2021-04-02 18:25:04
937,51,2021-04-02 18:25:04
1119,51,2021-04-02 18:25:04
1144,51,2021-04-02 18:25:04
1159,51,2021-04-02 18:25:04
1208,51,2021-04-02 18:25:04
1221,51,2021-04-02 18:25:04
1919,51,2021-04-02 18:25:04
1924,51,2021-04-02 18:25:04
1936,51,2021-04-02 18:25:04
2317,51,2021-04-02 18:25:04
2363,51,2021-04-02 18:25:04
1130,51,2021-04-02 18:25:04
2338,51,2021-04-02 18:25:04
3804,51,2021-04-02 18:25:04
1170,51,2021-04-02 18:25:04
221,51,2021-04-02 18:25:04
3700,51,2021-04-02 18:25:04
3726,51,2021-04-02 18:25:04
2306,51,2021-04-02 18:25:04
2324,51,2021-04-02 18:25:04
152,51,2021-04-02 18:25:04
3837,51,2021-04-02 18:25:04
3814,51,2021-04-02 18:25:04
3136,51,2021-04-02 18:25:04
3117,51,2021-04-02 18:25:04
3099,51,2021-04-02 18:25:04
3151,51,2021-04-02 18:25:04
3149,51,2021-04-02 18:25:04
3277,51,2021-04-02 18:25:04
2883,51,2021-04-02 18:25:04
2406,51,2021-04-02 18:25:04
2850,51,2021-04-02 18:25:04
2341,51,2021-04-02 18:25:04
2342,51,2021-04-02 18:25:04
2367,51,2021-04-02 18:25:04
2350,51,2021-04-02 18:25:04
2373,51,2021-04-02 18:25:04
2388,51,2021-04-02 18:25:04
2372,51,2021-04-02 18:25:04
2405,51,2021-04-02 18:25:04
2471,51,2021-04-02 18:25:04
2475,51,2021-04-02 18:25:04
2478,51,2021-04-02 18:25:04
2445,51,2021-04-02 18:25:04
3836,51,2021-04-02 18:25:04
2343,51,2021-04-02 18:25:04
2169,51,2021-04-02 18:25:04
4021,5,2021-04-02 18:25:04
3611,91,2021-04-02 18:25:04
3615,91,2021-04-02 18:25:04
3653,91,2021-04-02 18:25:04
3881,91,2021-04-02 18:25:04
3888,91,2021-04-02 18:25:04
4036,91,2021-04-02 18:25:04
78,91,2021-04-02 18:25:04
6488,49,2021-04-02 18:25:04
6489,49,2021-04-02 18:25:04
6491,49,2021-04-02 18:25:04
6492,49,2021-04-02 18:25:04
6496,49,2021-04-02 18:25:04
457,79,2021-04-02 18:25:04
223,79,2021-04-02 18:25:04
460,79,2021-04-02 18:25:04
309,79,2021-04-02 18:25:04
308,79,2021-04-02 18:25:04
2963,49,2021-04-02 18:25:04
3925,49,2021-04-02 18:25:04
2990,49,2021-04-02 18:25:04
3801,49,2021-04-02 18:25:04
3700,49,2021-04-02 18:25:04
3726,49,2021-04-02 18:25:04
3117,49,2021-04-02 18:25:04
3136,49,2021-04-02 18:25:04
3099,49,2021-04-02 18:25:04
3151,49,2021-04-02 18:25:04
3149,49,2021-04-02 18:25:04
3277,49,2021-04-02 18:25:04
2914,49,2021-04-02 18:25:04
3320,49,2021-04-02 18:25:04
3874,49,2021-04-02 18:25:04
3850,49,2021-04-02 18:25:04
3307,49,2021-04-02 18:25:04
347,5,2021-04-02 18:25:04
341,5,2021-04-02 18:25:04
408,5,2021-04-02 18:25:04
1218,5,2021-04-02 18:25:04
1219,5,2021-04-02 18:25:04
1220,5,2021-04-02 18:25:04
2918,43,2021-04-02 18:25:04
2897,43,2021-04-02 18:25:04
2879,43,2021-04-02 18:25:04
2869,43,2021-04-02 18:25:04
2867,43,2021-04-02 18:25:04
148,43,2021-04-02 18:25:04
152,43,2021-04-02 18:25:04
2304,43,2021-04-02 18:25:04
2918,33,2021-04-02 18:25:04
2897,33,2021-04-02 18:25:04
2879,33,2021-04-02 18:25:04
2869,33,2021-04-02 18:25:04
2867,33,2021-04-02 18:25:04
148,33,2021-04-02 18:25:04
152,33,2021-04-02 18:25:04
2304,33,2021-04-02 18:25:04
3268,51,2021-04-02 18:25:04
3195,51,2021-04-02 18:25:04
3276,51,2021-04-02 18:25:04
3286,51,2021-04-02 18:25:04
3194,51,2021-04-02 18:25:04
3287,51,2021-04-02 18:25:04
3265,51,2021-04-02 18:25:04
3402,51,2021-04-02 18:25:04
3234,51,2021-04-02 18:25:04
3271,51,2021-04-02 18:25:04
3274,51,2021-04-02 18:25:04
2516,43,2021-04-02 18:25:04
2614,43,2021-04-02 18:25:04
2610,43,2021-04-02 18:25:04
2611,43,2021-04-02 18:25:04
2515,43,2021-04-02 18:25:04
2507,43,2021-04-02 18:25:04
2504,43,2021-04-02 18:25:04
2502,43,2021-04-02 18:25:04
2963,75,2021-04-02 18:25:04
2975,75,2021-04-02 18:25:04
2967,75,2021-04-02 18:25:04
2981,75,2021-04-02 18:25:04
2973,75,2021-04-02 18:25:04
2987,75,2021-04-02 18:25:04
2990,75,2021-04-02 18:25:04
3726,75,2021-04-02 18:25:04
137,75,2021-04-02 18:25:04
194,75,2021-04-02 18:25:04
1177,75,2021-04-02 18:25:04
1139,75,2021-04-02 18:25:04
2899,8,2021-04-02 18:25:04
2900,8,2021-04-02 18:25:04
2901,8,2021-04-02 18:25:05
2902,8,2021-04-02 18:25:05
2903,8,2021-04-02 18:25:05
2905,8,2021-04-02 18:25:05
2906,8,2021-04-02 18:25:05
2907,8,2021-04-02 18:25:05
2908,8,2021-04-02 18:25:05
2760,43,2021-04-02 18:25:05
2794,43,2021-04-02 18:25:05
2714,43,2021-04-02 18:25:05
2780,43,2021-04-02 18:25:05
2807,49,2021-04-02 18:25:05
2823,49,2021-04-02 18:25:05
2865,49,2021-04-02 18:25:05
2898,49,2021-04-02 18:25:05
2979,49,2021-04-02 18:25:05
2932,49,2021-04-02 18:25:05
2998,49,2021-04-02 18:25:05
2306,49,2021-04-02 18:25:05
2324,49,2021-04-02 18:25:05
2934,49,2021-04-02 18:25:05
3117,49,2021-04-02 18:25:05
3099,49,2021-04-02 18:25:05
3136,49,2021-04-02 18:25:05
3151,49,2021-04-02 18:25:05
3149,49,2021-04-02 18:25:05
2933,49,2021-04-02 18:25:05
2971,49,2021-04-02 18:25:05
2861,92,2021-04-02 18:25:05
2862,92,2021-04-02 18:25:05
2655,92,2021-04-02 18:25:05
2662,92,2021-04-02 18:25:05
2661,92,2021-04-02 18:25:05
2663,92,2021-04-02 18:25:05
2703,92,2021-04-02 18:25:05
2704,92,2021-04-02 18:25:05
2755,92,2021-04-02 18:25:05
2756,92,2021-04-02 18:25:05
2857,92,2021-04-02 18:25:05
2858,92,2021-04-02 18:25:05
2757,92,2021-04-02 18:25:05
2758,92,2021-04-02 18:25:05
2761,92,2021-04-02 18:25:05
2762,92,2021-04-02 18:25:05
2763,92,2021-04-02 18:25:05
2764,92,2021-04-02 18:25:05
2815,92,2021-04-02 18:25:05
2816,92,2021-04-02 18:25:05
2817,92,2021-04-02 18:25:05
2818,92,2021-04-02 18:25:05
2859,92,2021-04-02 18:25:05
2860,92,2021-04-02 18:25:05
2514,92,2021-04-02 18:25:05
2519,92,2021-04-02 18:25:05
2522,92,2021-04-02 18:25:05
2607,92,2021-04-02 18:25:05
2688,92,2021-04-02 18:25:05
2698,92,2021-04-02 18:25:05
2609,92,2021-04-02 18:25:05
2612,92,2021-04-02 18:25:05
2613,92,2021-04-02 18:25:05
2940,92,2021-04-02 18:25:05
2941,92,2021-04-02 18:25:05
2861,4,2021-04-02 18:25:05
2862,4,2021-04-02 18:25:05
2655,4,2021-04-02 18:25:05
2662,4,2021-04-02 18:25:05
2661,4,2021-04-02 18:25:05
2663,4,2021-04-02 18:25:05
2703,4,2021-04-02 18:25:05
2704,4,2021-04-02 18:25:05
2755,4,2021-04-02 18:25:05
2756,4,2021-04-02 18:25:05
2857,4,2021-04-02 18:25:05
2858,4,2021-04-02 18:25:05
2757,4,2021-04-02 18:25:05
2758,4,2021-04-02 18:25:05
2761,4,2021-04-02 18:25:05
2762,4,2021-04-02 18:25:05
2763,4,2021-04-02 18:25:05
2764,4,2021-04-02 18:25:05
2815,4,2021-04-02 18:25:05
2816,4,2021-04-02 18:25:05
2817,4,2021-04-02 18:25:05
2818,4,2021-04-02 18:25:05
2859,4,2021-04-02 18:25:05
2860,4,2021-04-02 18:25:05
2514,4,2021-04-02 18:25:05
2519,4,2021-04-02 18:25:05
2522,4,2021-04-02 18:25:05
2607,4,2021-04-02 18:25:05
2688,4,2021-04-02 18:25:05
2698,4,2021-04-02 18:25:05
2609,4,2021-04-02 18:25:05
2612,4,2021-04-02 18:25:05
2613,4,2021-04-02 18:25:05
2940,4,2021-04-02 18:25:05
2941,4,2021-04-02 18:25:05
2604,79,2021-04-02 18:25:05
2622,79,2021-04-02 18:25:05
2629,79,2021-04-02 18:25:05
2496,79,2021-04-02 18:25:05
2702,79,2021-04-02 18:25:05
2791,79,2021-04-02 18:25:05
2788,79,2021-04-02 18:25:05
3233,79,2021-04-02 18:25:05
2842,79,2021-04-02 18:25:05
2441,33,2021-04-02 18:25:05
2442,33,2021-04-02 18:25:05
2443,33,2021-04-02 18:25:05
2306,33,2021-04-02 18:25:05
2324,33,2021-04-02 18:25:05
152,33,2021-04-02 18:25:05
2380,33,2021-04-02 18:25:05
2304,33,2021-04-02 18:25:05
2341,33,2021-04-02 18:25:05
2342,33,2021-04-02 18:25:05
2367,33,2021-04-02 18:25:05
2350,33,2021-04-02 18:25:05
2373,33,2021-04-02 18:25:05
2388,33,2021-04-02 18:25:05
2372,33,2021-04-02 18:25:05
2405,33,2021-04-02 18:25:05
2343,33,2021-04-02 18:25:05
2149,33,2021-04-02 18:25:05
2169,33,2021-04-02 18:25:05
2406,33,2021-04-02 18:25:05
2850,33,2021-04-02 18:25:05
2883,33,2021-04-02 18:25:05
3836,33,2021-04-02 18:25:05
2471,33,2021-04-02 18:25:05
2475,33,2021-04-02 18:25:05
2478,33,2021-04-02 18:25:05
2445,33,2021-04-02 18:25:05
5623,25,2021-04-02 18:25:05
5624,25,2021-04-02 18:25:05
5625,25,2021-04-02 18:25:05
5626,25,2021-04-02 18:25:05
5627,25,2021-04-02 18:25:05
5628,25,2021-04-02 18:25:05
5629,25,2021-04-02 18:25:05
5630,25,2021-04-02 18:25:05
5631,25,2021-04-02 18:25:05
5632,25,2021-04-02 18:25:05
5634,25,2021-04-02 18:25:05
5636,25,2021-04-02 18:25:05
5642,25,2021-04-02 18:25:05
2476,32,2021-04-02 18:25:05
2473,32,2021-04-02 18:25:05
2341,32,2021-04-02 18:25:05
2342,32,2021-04-02 18:25:05
2505,32,2021-04-02 18:25:05
2367,32,2021-04-02 18:25:05
2373,32,2021-04-02 18:25:05
2388,32,2021-04-02 18:25:05
2372,32,2021-04-02 18:25:05
2405,32,2021-04-02 18:25:05
2471,32,2021-04-02 18:25:05
2475,32,2021-04-02 18:25:05
2478,32,2021-04-02 18:25:05
2445,32,2021-04-02 18:25:05
2464,32,2021-04-02 18:25:05
2149,32,2021-04-02 18:25:05
2477,32,2021-04-02 18:25:05
2525,32,2021-04-02 18:25:05
2349,32,2021-04-02 18:25:05
2499,32,2021-04-02 18:25:05
2512,32,2021-04-02 18:25:05
2500,32,2021-04-02 18:25:05
2776,32,2021-04-02 18:25:05
2013,32,2021-04-02 18:25:05
1456,32,2021-04-02 18:25:05
1327,32,2021-04-02 18:25:05
2416,32,2021-04-02 18:25:05
2412,32,2021-04-02 18:25:05
2774,32,2021-04-02 18:25:05
2344,32,2021-04-02 18:25:05
2343,32,2021-04-02 18:25:05
2896,32,2021-04-02 18:25:05
2844,32,2021-04-02 18:25:05
2850,32,2021-04-02 18:25:05
2883,32,2021-04-02 18:25:05
2551,32,2021-04-02 18:25:05
2696,32,2021-04-02 18:25:05
2668,32,2021-04-02 18:25:05
1970,32,2021-04-02 18:25:05
1950,32,2021-04-02 18:25:05
2103,32,2021-04-02 18:25:05
2102,32,2021-04-02 18:25:05
2717,32,2021-04-02 18:25:05
2716,32,2021-04-02 18:25:05
2254,32,2021-04-02 18:25:05
2276,32,2021-04-02 18:25:05
1250,32,2021-04-02 18:25:05
1133,32,2021-04-02 18:25:05
133,32,2021-04-02 18:25:05
140,32,2021-04-02 18:25:05
157,32,2021-04-02 18:25:05
1137,32,2021-04-02 18:25:05
1605,31,2021-04-02 18:25:05
1606,31,2021-04-02 18:25:05
1607,31,2021-04-02 18:25:05
1608,31,2021-04-02 18:25:06
1609,31,2021-04-02 18:25:06
2237,31,2021-04-02 18:25:06
1526,31,2021-04-02 18:25:06
1542,31,2021-04-02 18:25:06
1603,31,2021-04-02 18:25:06
796,4,2021-04-02 18:25:06
848,4,2021-04-02 18:25:06
795,4,2021-04-02 18:25:06
803,4,2021-04-02 18:25:06
798,4,2021-04-02 18:25:06
800,4,2021-04-02 18:25:06
836,4,2021-04-02 18:25:06
717,4,2021-04-02 18:25:06
719,4,2021-04-02 18:25:06
723,4,2021-04-02 18:25:06
720,4,2021-04-02 18:25:06
722,4,2021-04-02 18:25:06
724,4,2021-04-02 18:25:06
763,4,2021-04-02 18:25:06
818,4,2021-04-02 18:25:06
819,4,2021-04-02 18:25:06
908,4,2021-04-02 18:25:06
929,4,2021-04-02 18:25:06
946,4,2021-04-02 18:25:06
969,4,2021-04-02 18:25:06
1675,4,2021-04-02 18:25:06
1381,4,2021-04-02 18:25:06
1423,4,2021-04-02 18:25:06
1454,4,2021-04-02 18:25:06
1481,4,2021-04-02 18:25:06
1522,4,2021-04-02 18:25:06
1604,4,2021-04-02 18:25:06
1047,26,2021-04-02 18:25:06
1084,26,2021-04-02 18:25:06
1122,26,2021-04-02 18:25:06
1147,26,2021-04-02 18:25:06
1163,26,2021-04-02 18:25:06
1175,26,2021-04-02 18:25:06
1333,47,2021-04-02 18:25:06
1982,47,2021-04-02 18:25:06
2045,47,2021-04-02 18:25:06
2190,47,2021-04-02 18:25:06
937,25,2021-04-02 18:25:06
1119,25,2021-04-02 18:25:06
1144,25,2021-04-02 18:25:06
1159,25,2021-04-02 18:25:06
1208,25,2021-04-02 18:25:06
1221,25,2021-04-02 18:25:06
1919,25,2021-04-02 18:25:06
1924,25,2021-04-02 18:25:06
1936,25,2021-04-02 18:25:06
1331,47,2021-04-02 18:25:06
1474,47,2021-04-02 18:25:06
1548,47,2021-04-02 18:25:06
1594,47,2021-04-02 18:25:06
1628,47,2021-04-02 18:25:06
1642,47,2021-04-02 18:25:06
1697,47,2021-04-02 18:25:06
1786,47,2021-04-02 18:25:06
2120,51,2021-04-02 18:25:06
2118,51,2021-04-02 18:25:06
2959,51,2021-04-02 18:25:06
1052,43,2021-04-02 18:25:06
1103,43,2021-04-02 18:25:06
1113,43,2021-04-02 18:25:06
816,43,2021-04-02 18:25:06
738,4,2021-04-02 18:25:06
743,4,2021-04-02 18:25:06
739,4,2021-04-02 18:25:06
744,4,2021-04-02 18:25:06
752,4,2021-04-02 18:25:06
753,4,2021-04-02 18:25:06
759,4,2021-04-02 18:25:06
761,4,2021-04-02 18:25:06
769,4,2021-04-02 18:25:06
756,4,2021-04-02 18:25:06
757,4,2021-04-02 18:25:06
784,4,2021-04-02 18:25:06
776,4,2021-04-02 18:25:06
778,4,2021-04-02 18:25:06
767,4,2021-04-02 18:25:06
762,4,2021-04-02 18:25:06
793,4,2021-04-02 18:25:06
1504,4,2021-04-02 18:25:06
1515,4,2021-04-02 18:25:06
1516,4,2021-04-02 18:25:06
1591,4,2021-04-02 18:25:06
1517,4,2021-04-02 18:25:06
1518,4,2021-04-02 18:25:06
1653,4,2021-04-02 18:25:06
1654,4,2021-04-02 18:25:06
1651,4,2021-04-02 18:25:06
1652,4,2021-04-02 18:25:06
1655,4,2021-04-02 18:25:06
1656,4,2021-04-02 18:25:06
1657,4,2021-04-02 18:25:06
1658,4,2021-04-02 18:25:06
1984,4,2021-04-02 18:25:06
1988,4,2021-04-02 18:25:06
1516,4,2021-04-02 18:25:06
1999,4,2021-04-02 18:25:06
2014,4,2021-04-02 18:25:06
2015,4,2021-04-02 18:25:06
2024,4,2021-04-02 18:25:06
2033,4,2021-04-02 18:25:06
2036,4,2021-04-02 18:25:06
2037,4,2021-04-02 18:25:06
2054,4,2021-04-02 18:25:06
2069,4,2021-04-02 18:25:06
2072,4,2021-04-02 18:25:06
2075,4,2021-04-02 18:25:06
2199,51,2021-04-02 18:25:06
2217,51,2021-04-02 18:25:06
2236,51,2021-04-02 18:25:06
2406,51,2021-04-02 18:25:06
5599,43,2021-04-02 18:25:06
1314,43,2021-04-02 18:25:06
2202,43,2021-04-02 18:25:06
2198,43,2021-04-02 18:25:06
2206,43,2021-04-02 18:25:06
2407,43,2021-04-02 18:25:06
2159,43,2021-04-02 18:25:06
2163,43,2021-04-02 18:25:06
2408,43,2021-04-02 18:25:06
2449,43,2021-04-02 18:25:06
2182,43,2021-04-02 18:25:06
2374,43,2021-04-02 18:25:06
2451,43,2021-04-02 18:25:06
2314,43,2021-04-02 18:25:06
2448,43,2021-04-02 18:25:06
2424,43,2021-04-02 18:25:06
2410,43,2021-04-02 18:25:06
2779,43,2021-04-02 18:25:06
2800,43,2021-04-02 18:25:06
2784,43,2021-04-02 18:25:06
2792,43,2021-04-02 18:25:06
2838,43,2021-04-02 18:25:06
2397,43,2021-04-02 18:25:06
2404,43,2021-04-02 18:25:06
2459,43,2021-04-02 18:25:06
2507,43,2021-04-02 18:25:06
2504,43,2021-04-02 18:25:06
2502,43,2021-04-02 18:25:06
534,59,2021-04-02 18:25:06
625,59,2021-04-02 18:25:06
638,59,2021-04-02 18:25:06
641,59,2021-04-02 18:25:06
644,59,2021-04-02 18:25:06
649,59,2021-04-02 18:25:06
651,59,2021-04-02 18:25:06
669,59,2021-04-02 18:25:06
693,59,2021-04-02 18:25:06
695,59,2021-04-02 18:25:06
799,59,2021-04-02 18:25:06
822,59,2021-04-02 18:25:06
879,59,2021-04-02 18:25:06
970,59,2021-04-02 18:25:06
1075,59,2021-04-02 18:25:06
1201,59,2021-04-02 18:25:06
881,59,2021-04-02 18:25:06
2209,59,2021-04-02 18:25:06
1107,59,2021-04-02 18:25:06
1116,59,2021-04-02 18:25:06
1125,59,2021-04-02 18:25:06
137,59,2021-04-02 18:25:06
194,59,2021-04-02 18:25:06
1177,59,2021-04-02 18:25:06
1182,59,2021-04-02 18:25:06
1191,59,2021-04-02 18:25:06
930,59,2021-04-02 18:25:06
279,59,2021-04-02 18:25:06
299,59,2021-04-02 18:25:06
300,59,2021-04-02 18:25:06
1244,59,2021-04-02 18:25:06
1253,59,2021-04-02 18:25:06
3753,59,2021-04-02 18:25:06
883,4,2021-04-02 18:25:06
1025,4,2021-04-02 18:25:06
1022,4,2021-04-02 18:25:06
926,4,2021-04-02 18:25:06
885,4,2021-04-02 18:25:06
49,4,2021-04-02 18:25:06
51,4,2021-04-02 18:25:06
53,4,2021-04-02 18:25:06
54,4,2021-04-02 18:25:06
56,4,2021-04-02 18:25:06
57,4,2021-04-02 18:25:06
81,4,2021-04-02 18:25:06
82,4,2021-04-02 18:25:06
88,4,2021-04-02 18:25:06
89,4,2021-04-02 18:25:06
90,4,2021-04-02 18:25:06
92,4,2021-04-02 18:25:06
93,4,2021-04-02 18:25:06
95,4,2021-04-02 18:25:06
97,4,2021-04-02 18:25:06
96,4,2021-04-02 18:25:06
218,4,2021-04-02 18:25:06
232,4,2021-04-02 18:25:06
231,4,2021-04-02 18:25:06
233,4,2021-04-02 18:25:06
1754,4,2021-04-02 18:25:06
234,4,2021-04-02 18:25:06
235,4,2021-04-02 18:25:06
236,4,2021-04-02 18:25:06
481,4,2021-04-02 18:25:06
70,4,2021-04-02 18:25:06
103,4,2021-04-02 18:25:06
118,4,2021-04-02 18:25:06
175,4,2021-04-02 18:25:06
192,4,2021-04-02 18:25:06
206,4,2021-04-02 18:25:06
207,4,2021-04-02 18:25:06
208,4,2021-04-02 18:25:06
209,4,2021-04-02 18:25:06
1946,81,2021-04-02 18:25:06
1992,81,2021-04-02 18:25:06
1994,81,2021-04-02 18:25:06
1996,81,2021-04-02 18:25:06
1333,47,2021-04-02 18:25:06
1982,47,2021-04-02 18:25:06
2045,47,2021-04-02 18:25:06
2190,47,2021-04-02 18:25:06
2544,47,2021-04-02 18:25:06
2545,47,2021-04-02 18:25:06
2715,47,2021-04-02 18:25:06
2724,47,2021-04-02 18:25:06
2777,47,2021-04-02 18:25:06
1984,4,2021-04-02 18:25:06
1988,4,2021-04-02 18:25:06
1991,4,2021-04-02 18:25:06
1999,4,2021-04-02 18:25:06
2014,4,2021-04-02 18:25:06
2015,4,2021-04-02 18:25:06
2024,4,2021-04-02 18:25:06
2033,4,2021-04-02 18:25:06
2037,4,2021-04-02 18:25:06
2036,4,2021-04-02 18:25:06
2054,4,2021-04-02 18:25:06
2069,4,2021-04-02 18:25:06
2072,4,2021-04-02 18:25:06
2075,4,2021-04-02 18:25:06
1891,51,2021-04-02 18:25:06
1894,51,2021-04-02 18:25:06
1948,51,2021-04-02 18:25:06
2191,51,2021-04-02 18:25:06
1931,51,2021-04-02 18:25:06
2844,51,2021-04-02 18:25:06
196,51,2021-04-02 18:25:07
1133,51,2021-04-02 18:25:07
157,51,2021-04-02 18:25:07
140,51,2021-04-02 18:25:07
166,51,2021-04-02 18:25:07
174,51,2021-04-02 18:25:07
167,51,2021-04-02 18:25:07
168,51,2021-04-02 18:25:07
170,51,2021-04-02 18:25:07
171,51,2021-04-02 18:25:07
172,51,2021-04-02 18:25:07
122,51,2021-04-02 18:25:07
70,51,2021-04-02 18:25:07
103,51,2021-04-02 18:25:07
118,51,2021-04-02 18:25:07
175,51,2021-04-02 18:25:07
192,51,2021-04-02 18:25:07
206,51,2021-04-02 18:25:07
207,51,2021-04-02 18:25:07
208,51,2021-04-02 18:25:07
209,51,2021-04-02 18:25:07
937,51,2021-04-02 18:25:07
1119,51,2021-04-02 18:25:07
1144,51,2021-04-02 18:25:07
1159,51,2021-04-02 18:25:07
1208,51,2021-04-02 18:25:07
1221,51,2021-04-02 18:25:07
187,51,2021-04-02 18:25:07
189,51,2021-04-02 18:25:07
193,51,2021-04-02 18:25:07
190,51,2021-04-02 18:25:07
1552,51,2021-04-02 18:25:07
1630,51,2021-04-02 18:25:07
1547,51,2021-04-02 18:25:07
1190,51,2021-04-02 18:25:07
1183,51,2021-04-02 18:25:07
1193,51,2021-04-02 18:25:07
1176,51,2021-04-02 18:25:07
1686,51,2021-04-02 18:25:07
1687,51,2021-04-02 18:25:07
1327,51,2021-04-02 18:25:07
1383,51,2021-04-02 18:25:07
1397,51,2021-04-02 18:25:07
1455,51,2021-04-02 18:25:07
1456,51,2021-04-02 18:25:07
1472,51,2021-04-02 18:25:07
1474,51,2021-04-02 18:25:07
1548,51,2021-04-02 18:25:07
1632,51,2021-04-02 18:25:07
1642,51,2021-04-02 18:25:07
1628,51,2021-04-02 18:25:07
1685,51,2021-04-02 18:25:07
1697,51,2021-04-02 18:25:07
1786,51,2021-04-02 18:25:07
148,51,2021-04-02 18:25:07
152,51,2021-04-02 18:25:07
154,51,2021-04-02 18:25:07
203,51,2021-04-02 18:25:07
186,51,2021-04-02 18:25:07
1764,51,2021-04-02 18:25:07
1768,51,2021-04-02 18:25:07
1837,51,2021-04-02 18:25:07
1845,51,2021-04-02 18:25:07
1305,51,2021-04-02 18:25:07
1160,51,2021-04-02 18:25:07
1333,51,2021-04-02 18:25:07
1982,51,2021-04-02 18:25:07
2045,51,2021-04-02 18:25:07
2544,51,2021-04-02 18:25:07
2545,51,2021-04-02 18:25:07
2190,51,2021-04-02 18:25:07
1891,51,2021-04-02 18:25:07
1894,51,2021-04-02 18:25:07
1931,51,2021-04-02 18:25:07
1948,51,2021-04-02 18:25:07
2191,51,2021-04-02 18:25:07
2199,51,2021-04-02 18:25:07
2217,51,2021-04-02 18:25:07
2236,51,2021-04-02 18:25:07
2406,51,2021-04-02 18:25:07
1314,51,2021-04-02 18:25:07
2198,51,2021-04-02 18:25:07
2180,51,2021-04-02 18:25:07
2408,51,2021-04-02 18:25:07
2163,51,2021-04-02 18:25:07
2449,51,2021-04-02 18:25:07
2182,51,2021-04-02 18:25:07
2404,51,2021-04-02 18:25:07
164,51,2021-04-02 18:25:07
2314,51,2021-04-02 18:25:07
2448,51,2021-04-02 18:25:07
2515,51,2021-04-02 18:25:07
2611,51,2021-04-02 18:25:07
2507,51,2021-04-02 18:25:07
2504,51,2021-04-02 18:25:07
2502,51,2021-04-02 18:25:07
2370,51,2021-04-02 18:25:07
1103,51,2021-04-02 18:25:07
1113,51,2021-04-02 18:25:07
440,51,2021-04-02 18:25:07
2959,51,2021-04-02 18:25:07
2118,51,2021-04-02 18:25:07
2120,51,2021-04-02 18:25:07
1170,51,2021-04-02 18:25:07
221,51,2021-04-02 18:25:07
1693,10,2021-04-02 18:25:08
1708,10,2021-04-02 18:25:08
1709,10,2021-04-02 18:25:08
1713,10,2021-04-02 18:25:08
1715,10,2021-04-02 18:25:08
5576,47,2021-04-02 18:25:08
1504,4,2021-04-02 18:25:08
1515,4,2021-04-02 18:25:08
1516,4,2021-04-02 18:25:08
1591,4,2021-04-02 18:25:08
1517,4,2021-04-02 18:25:08
1518,4,2021-04-02 18:25:08
1655,4,2021-04-02 18:25:08
1656,4,2021-04-02 18:25:08
1657,4,2021-04-02 18:25:08
1658,4,2021-04-02 18:25:08
1651,4,2021-04-02 18:25:08
1652,4,2021-04-02 18:25:08
1653,4,2021-04-02 18:25:08
1654,4,2021-04-02 18:25:08
1675,4,2021-04-02 18:25:08
1381,4,2021-04-02 18:25:08
1423,4,2021-04-02 18:25:08
1454,4,2021-04-02 18:25:08
1481,4,2021-04-02 18:25:08
1522,4,2021-04-02 18:25:08
1604,4,2021-04-02 18:25:08
1403,28,2021-04-02 18:25:08
1419,28,2021-04-02 18:25:08
1452,28,2021-04-02 18:25:08
1497,28,2021-04-02 18:25:08
1509,28,2021-04-02 18:25:08
1634,28,2021-04-02 18:25:08
1650,28,2021-04-02 18:25:08
1695,28,2021-04-02 18:25:08
1810,28,2021-04-02 18:25:08
1867,28,2021-04-02 18:25:08
1327,72,2021-04-02 18:25:08
1383,72,2021-04-02 18:25:08
1397,72,2021-04-02 18:25:08
1455,72,2021-04-02 18:25:08
1456,72,2021-04-02 18:25:08
6830,72,2021-04-02 18:25:08
6879,72,2021-04-02 18:25:08
1327,38,2021-04-02 18:25:08
1383,38,2021-04-02 18:25:08
1397,38,2021-04-02 18:25:08
1455,38,2021-04-02 18:25:08
1456,38,2021-04-02 18:25:08
6830,38,2021-04-02 18:25:08
6879,38,2021-04-02 18:25:08
611,33,2021-04-02 18:25:08
203,33,2021-04-02 18:25:08
154,33,2021-04-02 18:25:08
402,33,2021-04-02 18:25:08
152,33,2021-04-02 18:25:08
1352,33,2021-04-02 18:25:08
148,33,2021-04-02 18:25:08
1350,33,2021-04-02 18:25:08
611,49,2021-04-02 18:25:08
203,49,2021-04-02 18:25:08
154,49,2021-04-02 18:25:08
402,49,2021-04-02 18:25:08
152,49,2021-04-02 18:25:08
1352,49,2021-04-02 18:25:08
148,49,2021-04-02 18:25:08
1350,49,2021-04-02 18:25:08
700,62,2021-04-02 18:25:08
1664,62,2021-04-02 18:25:08
1466,62,2021-04-02 18:25:08
1635,62,2021-04-02 18:25:08
5657,59,2021-04-02 18:25:08
5658,59,2021-04-02 18:25:08
5659,59,2021-04-02 18:25:08
5660,59,2021-04-02 18:25:08
5661,59,2021-04-02 18:25:08
5662,59,2021-04-02 18:25:08
5663,59,2021-04-02 18:25:08
5664,59,2021-04-02 18:25:08
5665,59,2021-04-02 18:25:08
5666,59,2021-04-02 18:25:08
5667,59,2021-04-02 18:25:08
5668,59,2021-04-02 18:25:08
1686,27,2021-04-02 18:25:09
1687,27,2021-04-02 18:25:09
1552,27,2021-04-02 18:25:09
1151,27,2021-04-02 18:25:09
1176,27,2021-04-02 18:25:09
1193,27,2021-04-02 18:25:09
1190,27,2021-04-02 18:25:09
1183,27,2021-04-02 18:25:09
1630,27,2021-04-02 18:25:09
1717,27,2021-04-02 18:25:09
1151,75,2021-04-02 18:25:09
152,75,2021-04-02 18:25:09
1160,75,2021-04-02 18:25:09
937,75,2021-04-02 18:25:09
503,7,2021-04-02 18:25:09
504,7,2021-04-02 18:25:09
570,7,2021-04-02 18:25:09
572,7,2021-04-02 18:25:09
571,7,2021-04-02 18:25:09
573,7,2021-04-02 18:25:09
574,7,2021-04-02 18:25:09
1047,26,2021-04-02 18:25:09
1084,26,2021-04-02 18:25:09
1122,26,2021-04-02 18:25:09
1147,26,2021-04-02 18:25:09
1163,26,2021-04-02 18:25:09
1175,26,2021-04-02 18:25:09
2657,26,2021-04-02 18:25:09
2699,26,2021-04-02 18:25:09
2727,26,2021-04-02 18:25:09
2739,26,2021-04-02 18:25:09
148,5,2021-04-02 18:25:09
152,5,2021-04-02 18:25:09
154,5,2021-04-02 18:25:09
186,5,2021-04-02 18:25:09
158,5,2021-04-02 18:25:09
609,5,2021-04-02 18:25:09
203,5,2021-04-02 18:25:09
171,5,2021-04-02 18:25:09
172,5,2021-04-02 18:25:09
173,5,2021-04-02 18:25:09
122,5,2021-04-02 18:25:09
119,5,2021-04-02 18:25:09
133,5,2021-04-02 18:25:09
140,5,2021-04-02 18:25:09
157,5,2021-04-02 18:25:09
1137,5,2021-04-02 18:25:09
167,5,2021-04-02 18:25:09
166,5,2021-04-02 18:25:09
161,5,2021-04-02 18:25:09
168,5,2021-04-02 18:25:09
170,5,2021-04-02 18:25:09
169,5,2021-04-02 18:25:09
1150,5,2021-04-02 18:25:09
1157,5,2021-04-02 18:25:09
937,5,2021-04-02 18:25:09
1119,5,2021-04-02 18:25:09
1144,5,2021-04-02 18:25:09
1159,5,2021-04-02 18:25:09
222,5,2021-04-02 18:25:09
1151,5,2021-04-02 18:25:09
137,5,2021-04-02 18:25:09
194,5,2021-04-02 18:25:09
279,5,2021-04-02 18:25:09
299,5,2021-04-02 18:25:09
881,5,2021-04-02 18:25:09
1116,5,2021-04-02 18:25:09
1107,5,2021-04-02 18:25:09
1125,5,2021-04-02 18:25:09
930,5,2021-04-02 18:25:09
1170,5,2021-04-02 18:25:09
174,5,2021-04-02 18:25:09
1134,5,2021-04-02 18:25:09
1156,5,2021-04-02 18:25:09
1145,5,2021-04-02 18:25:09
1139,5,2021-04-02 18:25:09
1250,5,2021-04-02 18:25:09
1133,5,2021-04-02 18:25:09
597,5,2021-04-02 18:25:09
606,5,2021-04-02 18:25:09
607,5,2021-04-02 18:25:09
608,5,2021-04-02 18:25:09
620,5,2021-04-02 18:25:09
611,5,2021-04-02 18:25:09
1160,5,2021-04-02 18:25:09
5454,5,2021-04-02 18:25:09
5455,5,2021-04-02 18:25:09
5456,5,2021-04-02 18:25:09
5457,5,2021-04-02 18:25:09
5458,5,2021-04-02 18:25:09
5459,5,2021-04-02 18:25:09
5460,5,2021-04-02 18:25:09
5461,5,2021-04-02 18:25:09
5462,5,2021-04-02 18:25:09
5463,5,2021-04-02 18:25:09
5464,5,2021-04-02 18:25:09
5465,5,2021-04-02 18:25:09
5466,5,2021-04-02 18:25:09
5467,5,2021-04-02 18:25:09
5468,5,2021-04-02 18:25:09
5469,5,2021-04-02 18:25:09
5470,5,2021-04-02 18:25:09
5471,5,2021-04-02 18:25:09
5472,5,2021-04-02 18:25:09
5474,5,2021-04-02 18:25:09
5478,5,2021-04-02 18:25:09
5480,5,2021-04-02 18:25:09
5482,5,2021-04-02 18:25:09
5485,5,2021-04-02 18:25:09
5488,5,2021-04-02 18:25:09
5491,5,2021-04-02 18:25:09
5492,5,2021-04-02 18:25:09
5496,5,2021-04-02 18:25:09
5501,5,2021-04-02 18:25:09
5452,5,2021-04-02 18:25:09
5453,5,2021-04-02 18:25:09
5473,5,2021-04-02 18:25:09
5475,5,2021-04-02 18:25:09
5476,5,2021-04-02 18:25:09
5477,5,2021-04-02 18:25:09
5479,5,2021-04-02 18:25:09
5481,5,2021-04-02 18:25:09
5483,5,2021-04-02 18:25:09
5484,5,2021-04-02 18:25:09
5486,5,2021-04-02 18:25:09
5487,5,2021-04-02 18:25:09
5489,5,2021-04-02 18:25:09
5490,5,2021-04-02 18:25:09
5493,5,2021-04-02 18:25:09
5494,5,2021-04-02 18:25:09
5495,5,2021-04-02 18:25:09
5497,5,2021-04-02 18:25:09
5498,5,2021-04-02 18:25:09
5499,5,2021-04-02 18:25:09
5500,5,2021-04-02 18:25:09
5502,5,2021-04-02 18:25:09
5504,5,2021-04-02 18:25:09
5505,5,2021-04-02 18:25:09
5532,5,2021-04-02 18:25:09
5533,5,2021-04-02 18:25:09
5534,5,2021-04-02 18:25:09
5535,5,2021-04-02 18:25:09
5536,5,2021-04-02 18:25:09
5539,5,2021-04-02 18:25:09
5541,5,2021-04-02 18:25:09
5565,5,2021-04-02 18:25:09
984,62,2021-04-02 18:25:10
1031,62,2021-04-02 18:25:10
1041,62,2021-04-02 18:25:10
1101,62,2021-04-02 18:25:10
1105,62,2021-04-02 18:25:10
1111,62,2021-04-02 18:25:10
1169,62,2021-04-02 18:25:10
1188,62,2021-04-02 18:25:10
1279,62,2021-04-02 18:25:10
1291,62,2021-04-02 18:25:10
505,62,2021-04-02 18:25:10
527,62,2021-04-02 18:25:10
618,62,2021-04-02 18:25:10
834,62,2021-04-02 18:25:10
839,62,2021-04-02 18:25:10
850,62,2021-04-02 18:25:10
867,62,2021-04-02 18:25:10
882,62,2021-04-02 18:25:10
678,29,2021-04-02 18:25:10
725,29,2021-04-02 18:25:10
786,29,2021-04-02 18:25:10
870,29,2021-04-02 18:25:10
1014,29,2021-04-02 18:25:10
1033,29,2021-04-02 18:25:10
1050,29,2021-04-02 18:25:10
1067,29,2021-04-02 18:25:10
827,49,2021-04-02 18:25:10
1006,49,2021-04-02 18:25:10
1008,49,2021-04-02 18:25:10
1015,49,2021-04-02 18:25:10
1023,49,2021-04-02 18:25:10
1063,49,2021-04-02 18:25:10
1065,49,2021-04-02 18:25:10
1064,49,2021-04-02 18:25:10
1081,49,2021-04-02 18:25:10
1053,49,2021-04-02 18:25:10
1055,49,2021-04-02 18:25:10
1060,49,2021-04-02 18:25:10
1026,49,2021-04-02 18:25:10
1029,49,2021-04-02 18:25:10
1039,49,2021-04-02 18:25:10
1042,49,2021-04-02 18:25:10
1044,49,2021-04-02 18:25:10
1046,49,2021-04-02 18:25:10
1049,49,2021-04-02 18:25:10
883,8,2021-04-02 18:25:10
1025,8,2021-04-02 18:25:10
885,8,2021-04-02 18:25:10
1022,8,2021-04-02 18:25:10
926,8,2021-04-02 18:25:10
1061,10,2021-04-02 18:25:10
1080,10,2021-04-02 18:25:10
1106,10,2021-04-02 18:25:10
1124,10,2021-04-02 18:25:10
1140,10,2021-04-02 18:25:10
1186,10,2021-04-02 18:25:10
1203,10,2021-04-02 18:25:10
1301,10,2021-04-02 18:25:10
1395,10,2021-04-02 18:25:10
1405,10,2021-04-02 18:25:10
1406,10,2021-04-02 18:25:10
1492,10,2021-04-02 18:25:10
1493,10,2021-04-02 18:25:10
1621,10,2021-04-02 18:25:10
1673,10,2021-04-02 18:25:10
952,38,2021-04-02 18:25:10
953,38,2021-04-02 18:25:10
954,38,2021-04-02 18:25:10
951,38,2021-04-02 18:25:10
955,38,2021-04-02 18:25:10
956,38,2021-04-02 18:25:10
957,38,2021-04-02 18:25:10
958,38,2021-04-02 18:25:10
959,38,2021-04-02 18:25:10
960,38,2021-04-02 18:25:10
961,38,2021-04-02 18:25:10
962,38,2021-04-02 18:25:10
963,38,2021-04-02 18:25:10
2370,43,2021-04-02 18:25:10
1103,43,2021-04-02 18:25:10
1113,43,2021-04-02 18:25:10
816,43,2021-04-02 18:25:10
2854,43,2021-04-02 18:25:10
2828,43,2021-04-02 18:25:10
2917,43,2021-04-02 18:25:10
1054,43,2021-04-02 18:25:10
1096,43,2021-04-02 18:25:10
1127,43,2021-04-02 18:25:10
1162,43,2021-04-02 18:25:10
5569,43,2021-04-02 18:25:10
5570,43,2021-04-02 18:25:10
5571,43,2021-04-02 18:25:10
6842,43,2021-04-02 18:25:10
6843,43,2021-04-02 18:25:10
1054,97,2021-04-02 18:25:10
1096,97,2021-04-02 18:25:10
1127,97,2021-04-02 18:25:10
1162,97,2021-04-02 18:25:10
555,89,2021-04-02 18:25:10
633,89,2021-04-02 18:25:10
652,89,2021-04-02 18:25:10
675,89,2021-04-02 18:25:10
746,89,2021-04-02 18:25:10
802,89,2021-04-02 18:25:10
828,89,2021-04-02 18:25:10
871,89,2021-04-02 18:25:10
947,89,2021-04-02 18:25:10
950,89,2021-04-02 18:25:10
836,4,2021-04-02 18:25:10
880,4,2021-04-02 18:25:10
897,4,2021-04-02 18:25:10
49,4,2021-04-02 18:25:10
51,4,2021-04-02 18:25:10
53,4,2021-04-02 18:25:10
54,4,2021-04-02 18:25:10
840,4,2021-04-02 18:25:10
876,4,2021-04-02 18:25:10
877,4,2021-04-02 18:25:10
96,4,2021-04-02 18:25:10
97,4,2021-04-02 18:25:10
794,4,2021-04-02 18:25:10
805,4,2021-04-02 18:25:10
800,4,2021-04-02 18:25:10
796,4,2021-04-02 18:25:10
848,4,2021-04-02 18:25:10
795,4,2021-04-02 18:25:10
803,4,2021-04-02 18:25:10
56,4,2021-04-02 18:25:10
57,4,2021-04-02 18:25:10
81,4,2021-04-02 18:25:10
82,4,2021-04-02 18:25:10
88,4,2021-04-02 18:25:10
89,4,2021-04-02 18:25:10
90,4,2021-04-02 18:25:10
92,4,2021-04-02 18:25:10
93,4,2021-04-02 18:25:10
95,4,2021-04-02 18:25:10
798,4,2021-04-02 18:25:10
909,4,2021-04-02 18:25:10
922,4,2021-04-02 18:25:10
207,4,2021-04-02 18:25:10
206,4,2021-04-02 18:25:10
192,4,2021-04-02 18:25:10
175,4,2021-04-02 18:25:10
118,4,2021-04-02 18:25:10
103,4,2021-04-02 18:25:10
70,4,2021-04-02 18:25:10
900,4,2021-04-02 18:25:10
815,4,2021-04-02 18:25:10
838,4,2021-04-02 18:25:10
192,4,2021-04-02 18:25:10
99,4,2021-04-02 18:25:10
738,4,2021-04-02 18:25:10
743,4,2021-04-02 18:25:10
739,4,2021-04-02 18:25:10
753,4,2021-04-02 18:25:10
759,4,2021-04-02 18:25:10
761,4,2021-04-02 18:25:10
769,4,2021-04-02 18:25:10
757,4,2021-04-02 18:25:10
756,4,2021-04-02 18:25:10
776,4,2021-04-02 18:25:10
784,4,2021-04-02 18:25:10
778,4,2021-04-02 18:25:10
767,4,2021-04-02 18:25:10
762,4,2021-04-02 18:25:10
793,4,2021-04-02 18:25:10
744,4,2021-04-02 18:25:10
752,4,2021-04-02 18:25:10
750,2,2021-04-02 18:25:10
772,2,2021-04-02 18:25:10
1148,2,2021-04-02 18:25:10
1051,2,2021-04-02 18:25:10
1093,2,2021-04-02 18:25:10
1130,2,2021-04-02 18:25:10
1155,2,2021-04-02 18:25:10
677,2,2021-04-02 18:25:10
692,2,2021-04-02 18:25:10
747,2,2021-04-02 18:25:10
721,2,2021-04-02 18:25:10
760,2,2021-04-02 18:25:10
782,2,2021-04-02 18:25:10
2813,2,2021-04-02 18:25:10
797,2,2021-04-02 18:25:10
809,2,2021-04-02 18:25:10
774,2,2021-04-02 18:25:10
823,2,2021-04-02 18:25:10
841,2,2021-04-02 18:25:10
2672,2,2021-04-02 18:25:10
1943,2,2021-04-02 18:25:10
1905,2,2021-04-02 18:25:10
934,2,2021-04-02 18:25:10
1104,2,2021-04-02 18:25:10
1117,2,2021-04-02 18:25:10
1171,2,2021-04-02 18:25:10
1172,2,2021-04-02 18:25:10
1142,2,2021-04-02 18:25:10
1178,2,2021-04-02 18:25:10
1181,2,2021-04-02 18:25:10
1180,2,2021-04-02 18:25:10
890,2,2021-04-02 18:25:10
1778,2,2021-04-02 18:25:10
1166,2,2021-04-02 18:25:10
1168,2,2021-04-02 18:25:10
1187,2,2021-04-02 18:25:10
1287,2,2021-04-02 18:25:10
1846,2,2021-04-02 18:25:10
2368,2,2021-04-02 18:25:10
2413,2,2021-04-02 18:25:10
1294,2,2021-04-02 18:25:10
937,2,2021-04-02 18:25:10
1119,2,2021-04-02 18:25:10
1144,2,2021-04-02 18:25:11
1159,2,2021-04-02 18:25:11
1208,2,2021-04-02 18:25:11
1221,2,2021-04-02 18:25:11
1919,2,2021-04-02 18:25:11
1924,2,2021-04-02 18:25:11
1936,2,2021-04-02 18:25:11
2317,2,2021-04-02 18:25:11
2363,2,2021-04-02 18:25:11
1130,2,2021-04-02 18:25:11
2338,2,2021-04-02 18:25:11
1177,2,2021-04-02 18:25:11
1182,2,2021-04-02 18:25:11
1191,2,2021-04-02 18:25:11
279,2,2021-04-02 18:25:11
299,2,2021-04-02 18:25:11
881,2,2021-04-02 18:25:11
1116,2,2021-04-02 18:25:11
1107,2,2021-04-02 18:25:11
1125,2,2021-04-02 18:25:11
930,2,2021-04-02 18:25:11
700,2,2021-04-02 18:25:11
1466,2,2021-04-02 18:25:11
1194,2,2021-04-02 18:25:11
1664,2,2021-04-02 18:25:11
1635,2,2021-04-02 18:25:11
498,2,2021-04-02 18:25:11
499,2,2021-04-02 18:25:11
515,2,2021-04-02 18:25:11
523,2,2021-04-02 18:25:11
524,2,2021-04-02 18:25:11
526,2,2021-04-02 18:25:11
528,2,2021-04-02 18:25:11
548,2,2021-04-02 18:25:11
497,2,2021-04-02 18:25:11
506,2,2021-04-02 18:25:11
522,2,2021-04-02 18:25:11
535,2,2021-04-02 18:25:11
536,2,2021-04-02 18:25:11
543,2,2021-04-02 18:25:11
603,2,2021-04-02 18:25:11
660,2,2021-04-02 18:25:11
659,2,2021-04-02 18:25:11
5193,2,2021-04-02 18:25:11
5194,2,2021-04-02 18:25:11
5195,2,2021-04-02 18:25:11
5196,2,2021-04-02 18:25:11
5197,2,2021-04-02 18:25:11
5198,2,2021-04-02 18:25:11
5199,2,2021-04-02 18:25:11
5200,2,2021-04-02 18:25:11
5201,2,2021-04-02 18:25:11
5202,2,2021-04-02 18:25:11
5204,2,2021-04-02 18:25:11
5205,2,2021-04-02 18:25:11
5206,2,2021-04-02 18:25:11
5207,2,2021-04-02 18:25:11
5208,2,2021-04-02 18:25:11
5209,2,2021-04-02 18:25:11
5210,2,2021-04-02 18:25:11
5211,2,2021-04-02 18:25:11
5212,2,2021-04-02 18:25:11
5213,2,2021-04-02 18:25:11
5214,2,2021-04-02 18:25:11
5215,2,2021-04-02 18:25:11
5216,2,2021-04-02 18:25:11
5217,2,2021-04-02 18:25:11
5218,2,2021-04-02 18:25:11
5219,2,2021-04-02 18:25:11
5220,2,2021-04-02 18:25:11
5221,2,2021-04-02 18:25:11
5222,2,2021-04-02 18:25:11
1051,63,2021-04-02 18:25:12
1093,63,2021-04-02 18:25:12
3645,63,2021-04-02 18:25:12
3646,63,2021-04-02 18:25:12
3552,63,2021-04-02 18:25:12
3709,63,2021-04-02 18:25:12
3649,63,2021-04-02 18:25:12
3537,63,2021-04-02 18:25:12
2396,63,2021-04-02 18:25:12
3559,63,2021-04-02 18:25:12
1905,63,2021-04-02 18:25:12
3730,63,2021-04-02 18:25:12
3592,63,2021-04-02 18:25:12
3640,63,2021-04-02 18:25:12
3733,63,2021-04-02 18:25:12
3821,63,2021-04-02 18:25:12
629,82,2021-04-02 18:25:12
613,82,2021-04-02 18:25:12
626,82,2021-04-02 18:25:12
494,82,2021-04-02 18:25:12
597,74,2021-04-02 18:25:12
606,74,2021-04-02 18:25:12
608,74,2021-04-02 18:25:12
620,74,2021-04-02 18:25:12
609,74,2021-04-02 18:25:12
611,74,2021-04-02 18:25:12
607,74,2021-04-02 18:25:12
498,89,2021-04-02 18:25:12
499,89,2021-04-02 18:25:12
515,89,2021-04-02 18:25:12
523,89,2021-04-02 18:25:12
524,89,2021-04-02 18:25:12
526,89,2021-04-02 18:25:12
528,89,2021-04-02 18:25:12
548,89,2021-04-02 18:25:12
144,2,2021-04-02 18:25:12
132,2,2021-04-02 18:25:12
141,2,2021-04-02 18:25:12
145,2,2021-04-02 18:25:12
153,2,2021-04-02 18:25:12
256,2,2021-04-02 18:25:12
149,2,2021-04-02 18:25:12
159,2,2021-04-02 18:25:12
156,2,2021-04-02 18:25:12
155,2,2021-04-02 18:25:12
6791,2,2021-04-02 18:25:12
6796,2,2021-04-02 18:25:12
361,90,2021-04-02 18:25:12
346,90,2021-04-02 18:25:12
469,82,2021-04-02 18:25:12
476,82,2021-04-02 18:25:12
474,82,2021-04-02 18:25:12
3893,82,2021-04-02 18:25:12
330,4,2021-04-02 18:25:12
305,4,2021-04-02 18:25:12
252,4,2021-04-02 18:25:12
344,4,2021-04-02 18:25:12
375,4,2021-04-02 18:25:12
379,4,2021-04-02 18:25:12
405,4,2021-04-02 18:25:12
421,4,2021-04-02 18:25:12
436,4,2021-04-02 18:25:12
454,4,2021-04-02 18:25:12
481,4,2021-04-02 18:25:12
218,4,2021-04-02 18:25:12
232,4,2021-04-02 18:25:12
231,4,2021-04-02 18:25:12
233,4,2021-04-02 18:25:12
234,4,2021-04-02 18:25:12
235,4,2021-04-02 18:25:12
236,4,2021-04-02 18:25:12
187,77,2021-04-02 18:25:12
190,77,2021-04-02 18:25:12
189,77,2021-04-02 18:25:12
193,77,2021-04-02 18:25:12
377,59,2021-04-02 18:25:12
307,59,2021-04-02 18:25:12
382,59,2021-04-02 18:25:12
273,59,2021-04-02 18:25:12
277,59,2021-04-02 18:25:12
278,59,2021-04-02 18:25:12
275,59,2021-04-02 18:25:12
312,59,2021-04-02 18:25:12
2952,59,2021-04-02 18:25:12
1863,59,2021-04-02 18:25:12
2670,59,2021-04-02 18:25:12
2705,59,2021-04-02 18:25:12
1548,30,2021-04-02 18:25:13
1594,30,2021-04-02 18:25:13
1628,30,2021-04-02 18:25:13
1642,30,2021-04-02 18:25:13
1685,30,2021-04-02 18:25:13
1697,30,2021-04-02 18:25:13
1786,30,2021-04-02 18:25:13
2960,30,2021-04-02 18:25:13
3240,30,2021-04-02 18:25:13
2737,30,2021-04-02 18:25:13
3315,30,2021-04-02 18:25:13
1331,30,2021-04-02 18:25:13
1474,30,2021-04-02 18:25:13
506,80,2021-04-02 18:25:13
522,80,2021-04-02 18:25:13
497,80,2021-04-02 18:25:13
535,80,2021-04-02 18:25:13
536,80,2021-04-02 18:25:13
543,80,2021-04-02 18:25:13
603,80,2021-04-02 18:25:13
660,80,2021-04-02 18:25:13
659,80,2021-04-02 18:25:13
1036,80,2021-04-02 18:25:13
1037,80,2021-04-02 18:25:13
887,80,2021-04-02 18:25:13
888,80,2021-04-02 18:25:13
886,80,2021-04-02 18:25:13
889,80,2021-04-02 18:25:13
555,80,2021-04-02 18:25:13
633,80,2021-04-02 18:25:13
652,80,2021-04-02 18:25:13
675,80,2021-04-02 18:25:13
746,80,2021-04-02 18:25:13
802,80,2021-04-02 18:25:13
828,80,2021-04-02 18:25:13
871,80,2021-04-02 18:25:13
947,80,2021-04-02 18:25:13
950,80,2021-04-02 18:25:13
342,95,2021-04-02 18:25:13
478,95,2021-04-02 18:25:13
483,95,2021-04-02 18:25:13
485,95,2021-04-02 18:25:13
495,95,2021-04-02 18:25:13
490,95,2021-04-02 18:25:13
641,6,2021-04-02 18:25:14
644,6,2021-04-02 18:25:14
649,6,2021-04-02 18:25:14
651,6,2021-04-02 18:25:14
669,6,2021-04-02 18:25:14
693,6,2021-04-02 18:25:14
695,6,2021-04-02 18:25:14
799,6,2021-04-02 18:25:14
822,6,2021-04-02 18:25:14
879,6,2021-04-02 18:25:14
970,6,2021-04-02 18:25:14
1075,6,2021-04-02 18:25:14
1201,6,2021-04-02 18:25:14
534,6,2021-04-02 18:25:14
625,6,2021-04-02 18:25:14
638,6,2021-04-02 18:25:14
641,98,2021-04-02 18:25:14
644,98,2021-04-02 18:25:14
649,98,2021-04-02 18:25:14
651,98,2021-04-02 18:25:14
669,98,2021-04-02 18:25:14
693,98,2021-04-02 18:25:14
695,98,2021-04-02 18:25:14
799,98,2021-04-02 18:25:14
822,98,2021-04-02 18:25:14
879,98,2021-04-02 18:25:14
970,98,2021-04-02 18:25:14
1075,98,2021-04-02 18:25:14
1201,98,2021-04-02 18:25:14
534,98,2021-04-02 18:25:14
625,98,2021-04-02 18:25:14
638,98,2021-04-02 18:25:14
6275,79,2021-04-02 18:25:14
7133,84,2021-04-02 18:25:14
7262,84,2021-04-02 18:25:14
3799,84,2021-04-02 18:25:14
5190,84,2021-04-02 18:25:14
494,84,2021-04-02 18:25:14
7023,73,2021-04-02 18:25:15
2359,34,2021-04-02 18:25:15
1501,34,2021-04-02 18:25:15
1895,34,2021-04-02 18:25:15
1913,34,2021-04-02 18:25:15
1923,34,2021-04-02 18:25:15
1926,34,2021-04-02 18:25:15
1331,43,2021-04-02 18:25:15
1474,43,2021-04-02 18:25:15
1642,43,2021-04-02 18:25:15
1548,43,2021-04-02 18:25:15
1685,43,2021-04-02 18:25:15
1697,43,2021-04-02 18:25:15
1594,43,2021-04-02 18:25:15
1628,43,2021-04-02 18:25:15
2809,43,2021-04-02 18:25:15
2864,43,2021-04-02 18:25:15
4219,43,2021-04-02 18:25:15
2202,43,2021-04-02 18:25:15
2198,43,2021-04-02 18:25:15
2159,43,2021-04-02 18:25:15
2163,43,2021-04-02 18:25:15
2182,43,2021-04-02 18:25:15
2404,43,2021-04-02 18:25:15
2314,43,2021-04-02 18:25:15
2448,43,2021-04-02 18:25:15
2424,43,2021-04-02 18:25:15
2611,43,2021-04-02 18:25:15
2504,43,2021-04-02 18:25:15
2507,43,2021-04-02 18:25:15
2502,43,2021-04-02 18:25:15
1333,43,2021-04-02 18:25:15
1982,43,2021-04-02 18:25:15
2045,43,2021-04-02 18:25:15
2544,43,2021-04-02 18:25:15
2545,43,2021-04-02 18:25:15
2190,43,2021-04-02 18:25:15
2777,43,2021-04-02 18:25:15
2724,43,2021-04-02 18:25:15
2715,43,2021-04-02 18:25:15
2173,43,2021-04-02 18:25:15
1054,43,2021-04-02 18:25:15
1162,43,2021-04-02 18:25:15
1096,43,2021-04-02 18:25:15
1127,43,2021-04-02 18:25:15
2806,43,2021-04-02 18:25:15
2836,43,2021-04-02 18:25:15
2825,43,2021-04-02 18:25:15
2846,43,2021-04-02 18:25:15
2370,43,2021-04-02 18:25:15
842,10,2021-04-02 18:25:16
892,10,2021-04-02 18:25:16
918,10,2021-04-02 18:25:16
919,10,2021-04-02 18:25:16
920,10,2021-04-02 18:25:16
899,10,2021-04-02 18:25:16
907,10,2021-04-02 18:25:16
924,10,2021-04-02 18:25:16
928,10,2021-04-02 18:25:16
933,10,2021-04-02 18:25:16
939,10,2021-04-02 18:25:16
965,10,2021-04-02 18:25:16
968,10,2021-04-02 18:25:16
988,10,2021-04-02 18:25:16
952,105,2021-04-02 18:25:16
953,105,2021-04-02 18:25:16
954,105,2021-04-02 18:25:16
951,105,2021-04-02 18:25:16
955,105,2021-04-02 18:25:16
956,105,2021-04-02 18:25:16
957,105,2021-04-02 18:25:16
958,105,2021-04-02 18:25:16
959,105,2021-04-02 18:25:16
960,105,2021-04-02 18:25:16
961,105,2021-04-02 18:25:16
962,105,2021-04-02 18:25:16
963,105,2021-04-02 18:25:16
3197,92,2021-04-02 18:25:16
3231,92,2021-04-02 18:25:16
3118,92,2021-04-02 18:25:16
222,92,2021-04-02 18:25:16
3013,92,2021-04-02 18:25:16
346,86,2021-04-02 18:25:17
361,86,2021-04-02 18:25:17
137,32,2021-04-02 18:25:17
194,32,2021-04-02 18:25:17
1177,32,2021-04-02 18:25:17
2963,32,2021-04-02 18:25:17
2975,32,2021-04-02 18:25:17
2967,32,2021-04-02 18:25:17
2981,32,2021-04-02 18:25:17
2973,32,2021-04-02 18:25:17
2987,32,2021-04-02 18:25:17
2990,32,2021-04-02 18:25:17
3726,32,2021-04-02 18:25:17
1139,32,2021-04-02 18:25:17
3396,32,2021-04-02 18:25:17
3397,32,2021-04-02 18:25:17
2363,32,2021-04-02 18:25:17
3398,32,2021-04-02 18:25:17
3399,32,2021-04-02 18:25:17
2808,32,2021-04-02 18:25:17
2953,32,2021-04-02 18:25:17
3016,32,2021-04-02 18:25:17
222,32,2021-04-02 18:25:17
368,32,2021-04-02 18:25:17
937,32,2021-04-02 18:25:17
1119,32,2021-04-02 18:25:17
1144,32,2021-04-02 18:25:17
1159,32,2021-04-02 18:25:17
1208,32,2021-04-02 18:25:17
1221,32,2021-04-02 18:25:17
1924,32,2021-04-02 18:25:17
1936,32,2021-04-02 18:25:17
2874,32,2021-04-02 18:25:17
2875,32,2021-04-02 18:25:17
1919,32,2021-04-02 18:25:17
2915,32,2021-04-02 18:25:17
2317,32,2021-04-02 18:25:17
1130,32,2021-04-02 18:25:17
2338,32,2021-04-02 18:25:17
2495,32,2021-04-02 18:25:17
41,32,2021-04-02 18:25:17
3988,32,2021-04-02 18:25:17
7012,32,2021-04-02 18:25:17
7013,32,2021-04-02 18:25:17
952,38,2021-04-02 18:25:17
953,38,2021-04-02 18:25:17
954,38,2021-04-02 18:25:17
951,38,2021-04-02 18:25:17
955,38,2021-04-02 18:25:17
956,38,2021-04-02 18:25:17
957,38,2021-04-02 18:25:17
958,38,2021-04-02 18:25:17
959,38,2021-04-02 18:25:17
960,38,2021-04-02 18:25:17
961,38,2021-04-02 18:25:17
962,38,2021-04-02 18:25:17
963,38,2021-04-02 18:25:17
3396,102,2021-04-02 18:25:17
3397,102,2021-04-02 18:25:17
2363,102,2021-04-02 18:25:17
3398,102,2021-04-02 18:25:17
3399,102,2021-04-02 18:25:17
2808,102,2021-04-02 18:25:17
2953,102,2021-04-02 18:25:17
3016,102,2021-04-02 18:25:17
222,102,2021-04-02 18:25:17
368,102,2021-04-02 18:25:17
937,102,2021-04-02 18:25:17
1119,102,2021-04-02 18:25:17
1144,102,2021-04-02 18:25:17
1159,102,2021-04-02 18:25:17
1208,102,2021-04-02 18:25:17
1221,102,2021-04-02 18:25:17
1924,102,2021-04-02 18:25:17
1936,102,2021-04-02 18:25:17
2874,102,2021-04-02 18:25:17
2875,102,2021-04-02 18:25:17
1919,102,2021-04-02 18:25:17
2915,102,2021-04-02 18:25:17
2317,102,2021-04-02 18:25:17
1130,102,2021-04-02 18:25:17
2338,102,2021-04-02 18:25:17
2495,102,2021-04-02 18:25:17
41,102,2021-04-02 18:25:17
3988,102,2021-04-02 18:25:17
7012,102,2021-04-02 18:25:17
7013,102,2021-04-02 18:25:18
1605,31,2021-04-02 18:25:18
1606,31,2021-04-02 18:25:18
1607,31,2021-04-02 18:25:18
1526,31,2021-04-02 18:25:18
1542,31,2021-04-02 18:25:18
1603,31,2021-04-02 18:25:18
1608,31,2021-04-02 18:25:18
1609,31,2021-04-02 18:25:18
2237,31,2021-04-02 18:25:18
1552,25,2021-04-02 18:25:19
1151,25,2021-04-02 18:25:19
1190,25,2021-04-02 18:25:19
1630,25,2021-04-02 18:25:19
1183,25,2021-04-02 18:25:19
1686,25,2021-04-02 18:25:19
1176,25,2021-04-02 18:25:19
1687,25,2021-04-02 18:25:19
2915,25,2021-04-02 18:25:19
2344,114,2021-04-02 18:25:19
2625,114,2021-04-02 18:25:19
2716,114,2021-04-02 18:25:19
2341,114,2021-04-02 18:25:19
2342,114,2021-04-02 18:25:19
2373,114,2021-04-02 18:25:19
2505,114,2021-04-02 18:25:19
2471,114,2021-04-02 18:25:19
2367,114,2021-04-02 18:25:19
2372,114,2021-04-02 18:25:19
2343,114,2021-04-02 18:25:19
934,101,2021-04-02 18:25:19
1104,101,2021-04-02 18:25:19
1117,101,2021-04-02 18:25:19
1171,101,2021-04-02 18:25:19
1172,101,2021-04-02 18:25:19
1142,101,2021-04-02 18:25:19
1178,101,2021-04-02 18:25:19
1181,101,2021-04-02 18:25:19
1675,101,2021-04-02 18:25:19
1381,101,2021-04-02 18:25:19
1423,101,2021-04-02 18:25:19
1454,101,2021-04-02 18:25:19
1481,101,2021-04-02 18:25:19
1522,101,2021-04-02 18:25:19
1604,101,2021-04-02 18:25:19
597,34,2021-04-02 18:25:20
606,34,2021-04-02 18:25:20
608,34,2021-04-02 18:25:20
620,34,2021-04-02 18:25:20
609,34,2021-04-02 18:25:20
611,34,2021-04-02 18:25:20
607,34,2021-04-02 18:25:20
187,102,2021-04-02 18:25:20
190,102,2021-04-02 18:25:20
189,102,2021-04-02 18:25:20
193,102,2021-04-02 18:25:20
1946,79,2021-04-02 18:25:20
1992,79,2021-04-02 18:25:20
1994,79,2021-04-02 18:25:20
1996,79,2021-04-02 18:25:20
1946,120,2021-04-02 18:25:20
1992,120,2021-04-02 18:25:20
1994,120,2021-04-02 18:25:20
1996,120,2021-04-02 18:25:20
1946,79,2021-04-02 18:25:21
1992,79,2021-04-02 18:25:21
1994,79,2021-04-02 18:25:21
1996,79,2021-04-02 18:25:21
1946,81,2021-04-02 18:25:21
1992,81,2021-04-02 18:25:21
1994,81,2021-04-02 18:25:21
1996,81,2021-04-02 18:25:21
1946,120,2021-04-02 18:25:21
1992,120,2021-04-02 18:25:21
1994,120,2021-04-02 18:25:21
1996,120,2021-04-02 18:25:21
741,80,2021-04-02 18:25:21
746,80,2021-04-02 18:25:21
828,80,2021-04-02 18:25:21
535,80,2021-04-02 18:25:21
536,80,2021-04-02 18:25:21
4601,80,2021-04-02 18:25:21
603,80,2021-04-02 18:25:21
741,122,2021-04-02 18:25:21
746,122,2021-04-02 18:25:21
828,122,2021-04-02 18:25:21
535,122,2021-04-02 18:25:21
536,122,2021-04-02 18:25:21
4601,122,2021-04-02 18:25:21
603,122,2021-04-02 18:25:21
497,80,2021-04-02 18:25:21
506,80,2021-04-02 18:25:21
522,80,2021-04-02 18:25:21
535,80,2021-04-02 18:25:21
536,80,2021-04-02 18:25:21
543,80,2021-04-02 18:25:21
603,80,2021-04-02 18:25:21
660,80,2021-04-02 18:25:21
659,80,2021-04-02 18:25:21
1036,80,2021-04-02 18:25:21
1037,80,2021-04-02 18:25:21
887,80,2021-04-02 18:25:21
888,80,2021-04-02 18:25:21
886,80,2021-04-02 18:25:21
889,80,2021-04-02 18:25:21
497,121,2021-04-02 18:25:21
506,121,2021-04-02 18:25:21
522,121,2021-04-02 18:25:21
535,121,2021-04-02 18:25:21
536,121,2021-04-02 18:25:21
543,121,2021-04-02 18:25:21
603,121,2021-04-02 18:25:21
660,121,2021-04-02 18:25:21
659,121,2021-04-02 18:25:21
1036,121,2021-04-02 18:25:21
1037,121,2021-04-02 18:25:21
887,121,2021-04-02 18:25:21
888,121,2021-04-02 18:25:21
886,121,2021-04-02 18:25:21
889,121,2021-04-02 18:25:21
506,121,2021-04-02 18:25:21
522,121,2021-04-02 18:25:21
497,121,2021-04-02 18:25:21
535,121,2021-04-02 18:25:21
536,121,2021-04-02 18:25:21
543,121,2021-04-02 18:25:21
603,121,2021-04-02 18:25:21
660,121,2021-04-02 18:25:21
659,121,2021-04-02 18:25:21
1036,121,2021-04-02 18:25:21
1037,121,2021-04-02 18:25:21
887,121,2021-04-02 18:25:21
888,121,2021-04-02 18:25:21
886,121,2021-04-02 18:25:21
889,121,2021-04-02 18:25:21
555,121,2021-04-02 18:25:21
633,121,2021-04-02 18:25:21
652,121,2021-04-02 18:25:21
675,121,2021-04-02 18:25:21
746,121,2021-04-02 18:25:21
802,121,2021-04-02 18:25:21
828,121,2021-04-02 18:25:21
871,121,2021-04-02 18:25:21
947,121,2021-04-02 18:25:21
950,121,2021-04-02 18:25:21
2139,126,2021-04-02 18:25:21
2141,126,2021-04-02 18:25:21
2142,126,2021-04-02 18:25:21
2146,126,2021-04-02 18:25:21
563,126,2021-04-02 18:25:21
2147,126,2021-04-02 18:25:21
2529,126,2021-04-02 18:25:21
2530,126,2021-04-02 18:25:21
2143,126,2021-04-02 18:25:21
2144,126,2021-04-02 18:25:21
2266,126,2021-04-02 18:25:21
2145,126,2021-04-02 18:25:21
2267,126,2021-04-02 18:25:21
2333,126,2021-04-02 18:25:21
2265,126,2021-04-02 18:25:21
425,125,2021-04-02 18:25:21
398,125,2021-04-02 18:25:21
428,125,2021-04-02 18:25:21
427,125,2021-04-02 18:25:21
448,125,2021-04-02 18:25:21
456,125,2021-04-02 18:25:21
462,125,2021-04-02 18:25:21
463,125,2021-04-02 18:25:21
465,125,2021-04-02 18:25:21
466,125,2021-04-02 18:25:21
377,124,2021-04-02 18:25:21
307,124,2021-04-02 18:25:21
382,124,2021-04-02 18:25:21
273,124,2021-04-02 18:25:21
277,124,2021-04-02 18:25:21
278,124,2021-04-02 18:25:21
275,124,2021-04-02 18:25:21
312,124,2021-04-02 18:25:21
2952,124,2021-04-02 18:25:21
1863,124,2021-04-02 18:25:21
2670,124,2021-04-02 18:25:21
2705,124,2021-04-02 18:25:21
613,127,2021-04-02 18:25:21
3893,127,2021-04-02 18:25:21
469,127,2021-04-02 18:25:21
474,127,2021-04-02 18:25:21
476,127,2021-04-02 18:25:21
629,127,2021-04-02 18:25:21
494,127,2021-04-02 18:25:21
2541,127,2021-04-02 18:25:21
613,127,2021-04-02 18:25:21
629,127,2021-04-02 18:25:21
613,127,2021-04-02 18:25:21
626,127,2021-04-02 18:25:21
494,127,2021-04-02 18:25:21
469,127,2021-04-02 18:25:21
476,127,2021-04-02 18:25:21
474,127,2021-04-02 18:25:21
3893,127,2021-04-02 18:25:21
497,80,2021-04-02 18:25:22
741,80,2021-04-02 18:25:22
535,80,2021-04-02 18:25:22
497,80,2021-04-02 18:25:22
1036,80,2021-04-02 18:25:22
1037,80,2021-04-02 18:25:22
887,80,2021-04-02 18:25:22
888,80,2021-04-02 18:25:22
886,80,2021-04-02 18:25:22
889,80,2021-04-02 18:25:22
497,80,2021-04-02 18:25:22
506,80,2021-04-02 18:25:22
522,80,2021-04-02 18:25:22
535,80,2021-04-02 18:25:22
536,80,2021-04-02 18:25:22
543,80,2021-04-02 18:25:22
603,80,2021-04-02 18:25:22
660,80,2021-04-02 18:25:22
659,80,2021-04-02 18:25:22
497,80,2021-04-02 18:25:22
741,80,2021-04-02 18:25:22
535,80,2021-04-02 18:25:22
536,80,2021-04-02 18:25:22
543,80,2021-04-02 18:25:22
603,80,2021-04-02 18:25:22
660,80,2021-04-02 18:25:22
659,80,2021-04-02 18:25:22
506,80,2021-04-02 18:25:22
1036,80,2021-04-02 18:25:22
1037,80,2021-04-02 18:25:22
887,80,2021-04-02 18:25:22
888,80,2021-04-02 18:25:22
886,80,2021-04-02 18:25:22
889,80,2021-04-02 18:25:22
2405,33,2021-04-02 18:25:22
2473,33,2021-04-02 18:25:22
1181,2,2021-04-02 18:25:24
1178,2,2021-04-02 18:25:24
1172,2,2021-04-02 18:25:24
934,2,2021-04-02 18:25:24
819,2,2021-04-02 18:25:24
717,2,2021-04-02 18:25:24
144,2,2021-04-02 18:25:24
196,5,2021-04-02 18:25:24
133,5,2021-04-02 18:25:24
1277,4,2021-04-02 18:25:24
1342,4,2021-04-02 18:25:24
1674,4,2021-04-02 18:25:24
1688,4,2021-04-02 18:25:24
1707,4,2021-04-02 18:25:24
1754,4,2021-04-02 18:25:24
1370,4,2021-04-02 18:25:24
1398,4,2021-04-02 18:25:24
2225,4,2021-04-02 18:25:24
2293,4,2021-04-02 18:25:24
1462,4,2021-04-02 18:25:24
2288,4,2021-04-02 18:25:24
2316,4,2021-04-02 18:25:24
1467,4,2021-04-02 18:25:24
2379,4,2021-04-02 18:25:24
1495,4,2021-04-02 18:25:24
2429,4,2021-04-02 18:25:24
1519,4,2021-04-02 18:25:24
1527,4,2021-04-02 18:25:24
1624,4,2021-04-02 18:25:24
2677,4,2021-04-02 18:25:24
1625,4,2021-04-02 18:25:24
1631,4,2021-04-02 18:25:24
3197,128,2021-04-02 18:25:24
3231,128,2021-04-02 18:25:24
3118,128,2021-04-02 18:25:24
222,128,2021-04-02 18:25:24
3013,128,2021-04-02 18:25:24
1745,128,2021-04-02 18:25:24
1744,128,2021-04-02 18:25:24
1746,128,2021-04-02 18:25:24
110,128,2021-04-02 18:25:24
1764,128,2021-04-02 18:25:24
1768,128,2021-04-02 18:25:24
3496,128,2021-04-02 18:25:24
3439,128,2021-04-02 18:25:24
1837,128,2021-04-02 18:25:24
1845,128,2021-04-02 18:25:24
1850,128,2021-04-02 18:25:24
1869,128,2021-04-02 18:25:24
3444,128,2021-04-02 18:25:24
1880,128,2021-04-02 18:25:24
221,128,2021-04-02 18:25:24
1762,128,2021-04-02 18:25:24
1765,128,2021-04-02 18:25:24
1841,128,2021-04-02 18:25:24
1844,128,2021-04-02 18:25:24
1727,128,2021-04-02 18:25:24
174,128,2021-04-02 18:25:24
1839,128,2021-04-02 18:25:24
1848,128,2021-04-02 18:25:24
1729,128,2021-04-02 18:25:24
1760,128,2021-04-02 18:25:24
1504,85,2021-04-02 18:25:24
1515,85,2021-04-02 18:25:24
1517,85,2021-04-02 18:25:24
1518,85,2021-04-02 18:25:24
1653,85,2021-04-02 18:25:24
1651,85,2021-04-02 18:25:24
1654,85,2021-04-02 18:25:24
1652,85,2021-04-02 18:25:24
218,85,2021-04-02 18:25:24
1988,85,2021-04-02 18:25:24
743,85,2021-04-02 18:25:24
784,85,2021-04-02 18:25:24
776,85,2021-04-02 18:25:24
148,51,2021-04-02 18:25:24
152,51,2021-04-02 18:25:24
2068,51,2021-04-02 18:25:24
2380,51,2021-04-02 18:25:24
2324,51,2021-04-02 18:25:24
2963,51,2021-04-02 18:25:24
154,51,2021-04-02 18:25:24
2304,51,2021-04-02 18:25:24
2869,51,2021-04-02 18:25:24
2879,51,2021-04-02 18:25:24
2897,51,2021-04-02 18:25:24
2867,51,2021-04-02 18:25:24
2918,51,2021-04-02 18:25:24
171,5,2021-04-02 18:25:24
2932,5,2021-04-02 18:25:24
2979,5,2021-04-02 18:25:24
2865,5,2021-04-02 18:25:24
2807,5,2021-04-02 18:25:25
2844,5,2021-04-02 18:25:25
3297,5,2021-04-02 18:25:25
2306,5,2021-04-02 18:25:25
2068,5,2021-04-02 18:25:25
2324,5,2021-04-02 18:25:25
2934,5,2021-04-02 18:25:25
1250,5,2021-04-02 18:25:25
140,5,2021-04-02 18:25:25
157,5,2021-04-02 18:25:25
167,5,2021-04-02 18:25:25
166,5,2021-04-02 18:25:25
161,5,2021-04-02 18:25:25
168,5,2021-04-02 18:25:25
170,5,2021-04-02 18:25:25
119,5,2021-04-02 18:25:25
1134,5,2021-04-02 18:25:25
3149,5,2021-04-02 18:25:25
1693,10,2021-04-02 18:25:27
1708,10,2021-04-02 18:25:27
1709,10,2021-04-02 18:25:27
1713,10,2021-04-02 18:25:27
1715,10,2021-04-02 18:25:27
6221,10,2021-04-02 18:25:27
6227,10,2021-04-02 18:25:27
6230,10,2021-04-02 18:25:27
6520,10,2021-04-02 18:25:27
6665,10,2021-04-02 18:25:27
6668,10,2021-04-02 18:25:27
6693,10,2021-04-02 18:25:27
