challenge_id,exercise_id,position
69,41,1.0
70,41,2.0
71,41,3.0
72,41,4.0
73,41,5.0
74,41,6.0
75,41,7.0
80,49,1.0
81,49,2.0
82,49,3.0
90,51,1.0
91,51,2.0
92,51,3.0
97,53,4.0
98,53,2.0
99,53,1.0
100,53,3.0
101,54,1.0
102,54,2.0
103,54,3.0
104,56,1.0
105,56,2.0
106,56,3.0
107,57,1.0
108,57,2.0
109,57,3.0
114,60,1.0
115,60,2.0
116,60,3.0
117,60,4.0
118,61,1.0
119,61,2.0
120,61,3.0
121,61,4.0
135,67,1.0
136,67,2.0
137,67,3.0
139,67,4.0
140,69,1.0
141,69,2.0
142,69,3.0
143,69,4.0
144,70,1.0
145,71,1.0
146,71,2.0
159,71,3.0
160,71,4.0
161,71,5.0
162,71,6.0
166,78,1.0
167,78,2.0
168,78,3.0
169,76,1.0
170,76,2.0
171,76,3.0
172,76,4.0
173,76,5.0
174,76,6.0
175,70,2.0
176,81,1.0
177,81,2.0
178,81,3.0
179,82,1.0
180,82,2.0
181,82,3.0
189,80,1.0
190,80,2.0
191,80,3.0
192,80,4.0
193,80,5.0
194,80,6.0
195,85,1.0
196,88,1.0
197,88,2.0
198,88,3.0
199,88,4.0
200,89,1.0
201,89,2.0
202,89,3.0
203,90,1.0
204,90,2.0
205,90,3.0
207,92,1.0
208,92,2.0
209,92,3.0
210,92,4.0
211,93,1.0
212,93,2.0
213,93,3.0
214,95,1.0
215,95,2.0
216,95,3.0
217,96,1.0
218,96,2.0
219,96,3.0
220,96,4.0
221,97,1.0
222,97,2.0
223,97,3.0
228,103,1.0
229,103,2.0
230,99,1.0
231,99,2.0
232,99,3.0
233,99,4.0
234,99,5.0
235,99,6.0
243,100,1.0
244,100,2.0
245,100,3.0
246,100,4.0
257,85,2.0
261,110,1.0
263,110,2.0
267,110,3.0
268,110,4.0
276,110,5.0
278,110,6.0
279,85,3.0
280,118,1.0
281,118,2.0
282,119,1.0
283,119,2.0
284,119,3.0
288,101,1.0
289,101,2.0
290,101,3.0
291,101,4.0
292,101,5.0
293,101,6.0
294,101,7.0
295,101,8.0
296,101,9.0
297,101,10.0
298,85,4.0
299,85,5.0
300,85,6.0
301,85,7.0
302,78,4.0
303,110,7.0
304,120,1.0
305,120,2.0
306,120,3.0
307,120,4.0
308,120,5.0
313,121,1.0
314,121,2.0
315,121,3.0
316,122,1.0
323,102,1.0
324,102,2.0
325,102,3.0
326,102,4.0
349,131,1.0
350,131,2.0
351,131,3.0
356,132,1.0
357,132,2.0
358,132,3.0
360,132,4.0
361,110,8.0
362,133,1.0
365,137,1.0
368,140,2.0
371,140,1.0
374,141,1.0
379,144,2.0
380,144,4.0
381,141,2.0
382,144,1.0
383,140,3.0
385,141,3.0
386,140,4.0
387,145,1.0
389,148,1.0
390,149,1.0
391,149,2.0
392,149,3.0
399,145,2.0
400,152,1.0
401,154,1.0
402,153,1.0
403,153,2.0
404,153,3.0
406,143,1.0
407,143,2.0
409,143,3.0
410,143,4.0
412,133,2.0
413,133,3.0
414,143,5.0
415,143,6.0
416,144,3.0
417,157,1.0
418,145,3.0
419,145,4.0
420,122,2.0
421,156,1.0
422,137,2.0
423,122,3.0
424,161,1.0
425,155,1.0
426,156,2.0
427,148,3.0
428,155,2.0
429,155,3.0
431,148,4.0
432,148,5.0
433,161,2.0
434,156,3.0
438,167,1.0
439,167,2.0
440,167,3.0
442,161,3.0
444,157,3.0
445,157,4.0
446,168,1.0
447,168,2.0
448,168,3.0
449,169,1.0
450,169,2.0
451,169,3.0
452,170,1.0
453,170,2.0
454,171,1.0
455,171,2.0
456,171,3.0
457,171,4.0
458,171,5.0
459,172,1.0
461,172,2.0
462,172,3.0
463,172,4.0
464,173,1.0
465,173,2.0
466,173,3.0
467,173,4.0
468,166,1.0
469,166,2.0
470,166,3.0
471,166,4.0
472,157,2.0
473,175,1.0
474,175,2.0
475,159,1.0
476,159,2.0
477,158,1.0
491,159,3.0
492,154,4.0
493,154,5.0
494,177,1.0
495,177,2.0
496,177,3.0
497,178,1.0
498,178,2.0
499,180,1.0
501,180,2.0
502,180,3.0
503,180,4.0
504,180,5.0
505,181,1.0
506,181,2.0
507,181,3.0
509,174,1.0
511,164,1.0
512,164,2.0
513,164,3.0
514,174,2.0
518,174,3.0
519,186,1.0
520,186,2.0
521,187,1.0
522,187,2.0
523,187,3.0
524,187,4.0
525,187,5.0
526,187,6.0
527,189,1.0
528,189,2.0
529,189,3.0
530,189,4.0
531,189,5.0
532,186,3.0
533,186,6.0
536,190,1.0
537,190,2.0
538,190,3.0
539,190,4.0
540,190,5.0
547,193,1.0
548,193,2.0
549,193,3.0
550,192,1.0
551,193,4.0
552,192,2.0
553,193,5.0
554,193,6.0
562,194,1.0
563,194,2.0
564,194,3.0
569,196,1.0
573,186,4.0
574,186,5.0
578,148,2.0
580,203,1.0
581,203,2.0
582,203,3.0
583,203,4.0
584,203,5.0
588,152,2.0
589,154,2.0
591,152,3.0
592,206,1.0
593,206,2.0
594,207,1.0
595,207,2.0
597,152,4.0
598,152,5.0
600,154,3.0
601,152,6.0
602,152,7.0
607,152,8.0
608,158,2.0
610,158,3.0
611,158,4.0
612,154,6.0
621,213,1.0
623,110,9.0
629,213,2.0
635,218,1.0
636,218,2.0
637,218,3.0
638,131,4.0
639,223,1.0
650,224,1.0
651,224,2.0
653,224,3.0
654,232,1.0
658,223,2.0
660,223,3.0
661,223,4.0
662,232,2.0
663,232,3.0
683,222,1.0
684,222,2.0
686,221,1.0
687,222,3.0
697,221,2.0
698,221,3.0
700,222,4.0
705,231,1.0
706,231,2.0
707,252,2.0
708,252,3.0
710,252,4.0
719,231,3.0
722,256,1.0
723,256,2.0
773,233,1.0
774,256,3.0
775,233,2.0
776,273,1.0
779,233,3.0
780,273,2.0
781,273,3.0
782,275,1.0
784,234,1.0
785,275,2.0
791,275,3.0
792,277,1.0
793,277,2.0
794,278,1.0
795,278,2.0
796,277,3.0
801,278,3.0
803,229,2.0
805,234,2.0
806,234,3.0
854,279,1.0
866,252,1.0
867,229,1.0
868,305,1.0
869,305,2.0
874,307,1.0
875,308,1.0
876,309,1.0
878,235,1.0
879,235,2.0
880,235,3.0
893,313,1.0
929,313,3.0
930,313,2.0
932,313,4.0
936,208,1.0
937,330,1.0
938,330,2.0
939,208,2.0
940,209,1.0
941,209,2.0
942,279,2.0
967,342,1.0
968,342,2.0
969,341,1.0
972,344,2.0
973,344,3.0
975,344,1.0
976,346,1.0
977,341,2.0
978,341,3.0
979,236,1.0
980,346,2.0
982,236,2.0
983,347,1.0
989,347,2.0
990,346,3.0
991,346,4.0
1012,353,1.0
1013,352,1.0
1014,352,2.0
1015,352,3.0
1016,352,4.0
1017,353,2.0
1018,353,3.0
1023,353,4.0
1043,361,1.0
1047,361,2.0
1048,361,3.0
1049,361,4.0
1061,368,1.0
1082,375,1.0
1083,375,2.0
1087,307,2.0
1088,377,1.0
1094,377,2.0
1095,377,3.0
1096,307,4.0
1097,377,4.0
1098,379,1.0
1099,379,2.0
1105,307,3.0
1106,368,2.0
1107,368,3.0
1108,368,4.0
1113,382,2.0
1114,382,3.0
1115,382,4.0
1118,382,1.0
1125,387,1.0
1126,387,2.0
1127,387,9.0
1128,387,8.0
1129,387,7.0
1130,387,6.0
1131,387,5.0
1132,387,4.0
1133,387,3.0
1158,393,1.0
1163,398,1.0
1176,393,2.0
1177,393,3.0
1178,402,1.0
1179,402,2.0
1181,402,3.0
1182,402,4.0
1193,405,1.0
1198,408,1.0
1199,405,2.0
1200,405,3.0
1201,408,2.0
1202,408,3.0
1203,398,2.0
1204,398,3.0
1235,418,1.0
1236,418,2.0
1242,421,3.0
1243,421,1.0
1244,421,5.0
1245,421,2.0
1246,421,4.0
1257,425,1.0
1259,425,2.0
1260,425,3.0
1261,427,1.0
1294,236,3.0
1301,428,1.0
1303,428,2.0
1304,428,3.0
1305,312,1.0
1306,312,2.0
1312,436,4.0
1313,436,1.0
1314,436,3.0
1315,436,2.0
1316,427,2.0
1317,312,3.0
1328,440,1.0
1329,440,2.0
1330,440,3.0
1331,440,4.0
1336,448,1.0
1338,448,2.0
1351,453,1.0
1352,453,2.0
1353,454,1.0
1354,454,2.0
1355,454,3.0
1356,454,4.0
1357,454,5.0
1359,456,1.0
1361,456,2.0
1362,457,2.0
1369,457,1.0
1371,460,1.0
1373,462,1.0
1374,462,2.0
1375,463,1.0
1376,463,2.0
1382,465,2.0
1383,465,1.0
1384,466,1.0
1385,466,2.0
1386,466,3.0
1396,469,1.0
1399,469,2.0
1400,469,3.0
1401,342,3.0
1402,427,3.0
1406,474,1.0
1407,474,2.0
1408,474,3.0
1410,476,1.0
1411,476,2.0
1412,476,3.0
1416,478,1.0
1417,478,2.0
1418,478,3.0
1425,481,1.0
1426,481,2.0
1427,481,3.0
1428,481,4.0
1429,481,5.0
1440,483,1.0
1441,483,2.0
1447,483,3.0
1448,485,1.0
1449,485,2.0
1457,485,3.0
1458,490,1.0
1462,490,2.0
1464,490,3.0
1465,490,4.0
1467,494,1.0
1472,494,2.0
1474,498,1.0
1475,498,2.0
1476,498,3.0
1477,499,1.0
1478,499,2.0
1479,499,3.0
1480,499,4.0
1481,497,1.0
1482,497,2.0
1483,497,3.0
1495,495,1.0
1497,504,1.0
1498,495,2.0
1500,505,1.0
1501,495,3.0
1502,506,1.0
1503,506,2.0
1504,506,3.0
1505,495,4.0
1526,515,1.0
1527,515,2.0
1528,515,3.0
1529,515,4.0
1531,505,2.0
1541,457,3.0
1543,522,1.0
1544,522,2.0
1545,522,3.0
1546,523,1.0
1547,523,2.0
1548,523,3.0
1549,523,4.0
1550,524,1.0
1551,524,4.0
1552,524,2.0
1553,524,3.0
1555,526,1.0
1556,526,2.0
1557,526,3.0
1558,528,1.0
1559,528,2.0
1560,528,3.0
1561,528,4.0
1562,504,2.0
1563,504,3.0
1564,504,4.0
1566,527,1.0
1577,535,1.0
1578,535,2.0
1579,535,3.0
1580,535,5.0
1581,535,4.0
1586,503,1.0
1587,503,2.0
1588,503,3.0
1599,503,4.0
1602,536,1.0
1603,536,2.0
1604,536,3.0
1605,536,4.0
1613,548,1.0
1614,548,2.0
1615,548,3.0
1619,534,1.0
1663,563,1.0
1664,563,2.0
1665,563,3.0
1687,570,1.0
1688,570,2.0
1689,570,3.0
1690,570,4.0
1692,571,1.0
1694,571,2.0
1695,571,3.0
1697,572,1.0
1698,572,2.0
1699,572,3.0
1700,573,2.0
1701,573,1.0
1702,573,3.0
1703,573,4.0
1704,573,5.0
1705,574,1.0
1707,574,2.0
1708,574,3.0
1710,574,4.0
1714,555,1.0
1716,534,2.0
1765,534,3.0
1778,597,1.0
1782,597,2.0
1783,597,3.0
1784,597,4.0
1788,527,2.0
1790,543,1.0
1791,543,2.0
1793,603,1.0
1794,603,2.0
1795,603,3.0
1798,606,1.0
1799,606,2.0
1800,606,3.0
1801,607,2.0
1802,607,3.0
1803,607,4.0
1804,607,5.0
1807,608,1.0
1808,608,2.0
1809,608,3.0
1812,555,2.0
1813,555,3.0
1816,527,3.0
1817,597,5.0
1822,613,1.0
1823,606,4.0
1830,607,1.0
1832,619,1.0
1833,619,2.0
1834,609,1.0
1835,609,2.0
1837,609,3.0
1838,620,1.0
1839,620,2.0
1840,620,4.0
1841,609,4.0
1842,620,3.0
1843,611,1.0
1844,611,2.0
1845,611,3.0
1846,611,4.0
1861,625,1.0
1862,613,2.0
1864,627,1.0
1867,626,1.0
1868,629,1.0
1869,629,2.0
1870,629,3.0
1872,626,2.0
1873,625,2.0
1879,627,2.0
1880,627,3.0
1881,627,4.0
1904,633,1.0
1907,633,2.0
1908,633,3.0
1914,638,1.0
1919,638,2.0
1926,638,3.0
1928,638,4.0
1932,641,1.0
1935,641,2.0
1936,641,3.0
1937,642,1.0
1939,629,4.0
1940,644,1.0
1944,644,2.0
1946,644,3.0
1947,644,4.0
1952,644,5.0
1953,642,2.0
1962,649,1.0
1963,649,2.0
1964,652,1.0
1965,651,1.0
1967,651,3.0
1972,652,2.0
1975,652,3.0
1979,299,1.0
1980,299,3.0
1981,299,2.0
1983,651,5.0
1986,659,1.0
1987,659,2.0
1988,659,3.0
1989,660,1.0
1990,660,2.0
1991,660,3.0
1998,669,1.0
2012,677,1.0
2017,677,2.0
2018,669,4.0
2042,677,3.0
2043,669,7.0
2044,677,4.0
2045,677,5.0
2046,677,6.0
2047,677,7.0
2048,677,8.0
2049,692,1.0
2051,692,2.0
2058,692,3.0
2059,693,1.0
2061,693,3.0
2062,692,4.0
2064,678,1.0
2065,678,2.0
2066,678,3.0
2068,692,5.0
2069,692,6.0
2070,692,7.0
2072,300,1.0
2074,700,1.0
2086,675,1.0
2087,675,2.0
2090,700,2.0
2092,700,3.0
2093,700,4.0
2094,700,5.0
2100,717,1.0
2102,717,2.0
2103,719,1.0
2104,719,2.0
2105,719,3.0
2106,719,4.0
2107,720,1.0
2110,720,2.0
2113,721,1.0
2114,720,3.0
2115,722,1.0
2116,722,2.0
2117,723,1.0
2118,723,2.0
2119,722,3.0
2120,724,1.0
2121,724,2.0
2122,725,1.0
2123,725,2.0
2124,725,3.0
2128,695,1.0
2139,724,3.0
2140,721,2.0
2141,721,3.0
2144,739,1.0
2146,741,1.0
2148,738,3.0
2149,738,2.0
2150,738,4.0
2151,738,5.0
2153,739,2.0
2155,739,3.0
2156,744,1.0
2157,743,1.0
2158,743,2.0
2159,743,3.0
2160,743,4.0
2161,743,5.0
2162,743,6.0
2165,744,4.0
2166,744,2.0
2167,744,5.0
2168,744,6.0
2169,744,3.0
2170,721,4.0
2171,738,1.0
2172,721,5.0
2173,746,1.0
2175,747,1.0
2176,748,1.0
2177,748,2.0
2178,748,3.0
2179,748,4.0
2180,749,1.0
2181,749,2.0
2184,750,1.0
2185,752,1.0
2186,752,2.0
2187,752,3.0
2188,752,4.0
2189,750,2.0
2190,752,5.0
2191,721,6.0
2192,753,1.0
2193,747,2.0
2194,753,2.0
2197,300,2.0
2198,300,3.0
2199,756,2.0
2200,756,1.0
2201,753,3.0
2202,756,3.0
2203,753,4.0
2204,756,4.0
2206,753,5.0
2207,753,6.0
2208,757,1.0
2209,759,1.0
2211,757,3.0
2212,759,2.0
2213,759,3.0
2214,759,4.0
2215,759,5.0
2216,757,4.0
2217,761,1.0
2218,760,1.0
2219,761,2.0
2220,761,3.0
2221,747,3.0
2222,761,4.0
2223,757,2.0
2224,762,1.0
2225,762,2.0
2226,762,3.0
2227,762,4.0
2228,762,5.0
2229,763,1.0
2230,763,2.0
2231,763,3.0
2232,763,4.0
2233,763,5.0
2234,741,2.0
2237,741,3.0
2238,741,4.0
2240,766,1.0
2241,767,1.0
2243,767,2.0
2244,766,2.0
2245,767,3.0
2246,767,4.0
2253,767,5.0
2254,766,3.0
2258,618,1.0
2260,766,4.0
2261,750,3.0
2262,769,1.0
2263,766,5.0
2264,772,1.0
2265,769,2.0
2266,769,3.0
2268,747,4.0
2269,774,1.0
2270,774,2.0
2271,774,4.0
2272,766,6.0
2273,695,3.0
2274,747,5.0
2275,774,5.0
2276,747,6.0
2277,766,7.0
2283,760,2.0
2284,776,1.0
2285,776,2.0
2286,760,3.0
2287,772,2.0
2292,776,3.0
2293,760,4.0
2294,760,5.0
2295,776,4.0
2302,778,2.0
2304,760,6.0
2306,760,7.0
2308,760,8.0
2311,778,1.0
2314,786,1.0
2315,786,2.0
2316,786,3.0
2345,784,3.0
2349,782,1.0
2350,784,1.0
2351,695,6.0
2352,784,2.0
2356,793,3.0
2357,782,2.0
2359,782,3.0
2360,793,2.0
2361,695,7.0
2362,793,1.0
2363,695,9.0
2364,782,4.0
2367,782,5.0
2368,795,1.0
2369,795,2.0
2370,795,3.0
2371,795,4.0
2372,796,1.0
2373,796,2.0
2374,796,3.0
2375,796,4.0
2376,798,1.0
2377,798,2.0
2378,798,3.0
2379,798,4.0
2380,799,1.0
2384,746,2.0
2385,746,3.0
2387,799,3.0
2388,774,6.0
2389,800,1.0
2390,800,2.0
2394,800,3.0
2395,800,4.0
2397,797,1.0
2398,802,1.0
2399,794,1.0
2400,803,2.0
2401,794,2.0
2402,794,3.0
2403,803,3.0
2404,794,4.0
2405,797,2.0
2406,772,3.0
2415,805,1.0
2416,805,2.0
2417,805,3.0
2418,805,4.0
2419,797,3.0
2422,797,4.0
2423,797,5.0
2428,797,6.0
2445,809,1.0
2447,809,2.0
2451,816,1.0
2452,816,2.0
2453,816,3.0
2454,802,2.0
2455,818,1.0
2457,802,3.0
2462,819,1.0
2463,819,2.0
2469,774,3.0
2470,822,1.0
2472,774,7.0
2473,822,2.0
2476,823,1.0
2477,822,3.0
2478,815,1.0
2479,803,1.0
2482,815,2.0
2483,815,3.0
2484,815,4.0
2485,815,5.0
2487,618,2.0
2488,809,3.0
2489,809,4.0
2492,809,5.0
2494,649,3.0
2496,618,3.0
2497,823,2.0
2511,828,1.0
2512,834,3.0
2514,834,1.0
2515,834,2.0
2517,823,3.0
2520,836,2.0
2521,836,1.0
2522,838,1.0
2525,827,1.0
2529,838,2.0
2530,836,3.0
2531,840,1.0
2535,841,1.0
2537,827,2.0
2538,840,2.0
2541,839,1.0
2542,839,2.0
2543,842,1.0
2545,842,2.0
2546,841,2.0
2559,848,1.0
2560,848,2.0
2563,848,3.0
2564,848,4.0
2566,842,3.0
2567,819,3.0
2569,850,1.0
2570,828,2.0
2571,828,3.0
2572,827,3.0
2573,841,3.0
2574,850,2.0
2575,827,4.0
2577,827,5.0
2578,827,6.0
2579,850,3.0
2582,827,7.0
2627,840,3.0
2628,840,4.0
2629,840,5.0
2630,620,5.0
2631,870,1.0
2632,867,1.0
2634,867,2.0
2636,871,1.0
2642,876,2.0
2643,876,3.0
2644,876,5.0
2645,875,1.0
2646,876,4.0
2647,876,1.0
2648,875,2.0
2649,877,2.0
2650,877,6.0
2651,877,3.0
2652,871,2.0
2653,877,5.0
2654,877,1.0
2655,877,4.0
2656,867,3.0
2659,879,1.0
2660,871,3.0
2661,880,1.0
2662,880,2.0
2663,880,3.0
2664,880,4.0
2665,881,1.0
2668,882,1.0
2669,882,2.0
2671,883,1.0
2672,883,2.0
2673,883,3.0
2674,883,4.0
2675,881,3.0
2677,885,1.0
2678,885,2.0
2679,885,3.0
2680,885,4.0
2681,885,5.0
2682,885,6.0
2683,885,7.0
2684,885,8.0
2685,885,9.0
2686,885,10.0
2687,886,1.0
2688,886,2.0
2689,886,4.0
2690,887,1.0
2691,887,2.0
2692,887,4.0
2693,888,1.0
2694,888,2.0
2695,888,3.0
2696,889,1.0
2697,889,2.0
2698,889,4.0
2699,882,3.0
2702,819,4.0
2703,890,1.0
2704,891,1.0
2705,890,2.0
2706,890,3.0
2707,891,2.0
2711,892,1.0
2712,892,2.0
2713,892,3.0
2714,890,4.0
2715,890,5.0
2717,890,6.0
2718,893,1.0
2723,895,1.0
2724,893,2.0
2725,897,1.0
2726,897,2.0
2727,881,5.0
2728,897,3.0
2729,897,4.0
2733,895,2.0
2735,899,1.0
2736,899,2.0
2737,899,3.0
2738,900,2.0
2739,900,3.0
2745,900,1.0
2758,900,4.0
2759,900,5.0
2760,907,1.0
2761,774,8.0
2762,907,2.0
2764,907,3.0
2765,908,1.0
2768,910,1.0
2769,881,2.0
2770,910,2.0
2771,910,3.0
2772,881,4.0
2773,908,2.0
2774,911,1.0
2775,911,2.0
2776,912,2.0
2777,912,1.0
2778,909,1.0
2779,908,3.0
2780,909,2.0
2792,651,2.0
2793,651,4.0
2794,651,6.0
2795,918,1.0
2797,918,2.0
2798,918,3.0
2800,908,4.0
2801,919,1.0
2802,919,2.0
2803,919,3.0
2806,920,1.0
2807,920,2.0
2808,920,3.0
2809,909,3.0
2810,909,4.0
2811,909,5.0
2812,922,1.0
2813,922,2.0
2814,922,3.0
2815,922,4.0
2816,922,5.0
2817,924,1.0
2819,924,2.0
2822,924,3.0
2823,926,1.0
2824,926,2.0
2825,926,3.0
2826,926,4.0
2827,926,5.0
2828,928,1.0
2829,928,2.0
2831,928,3.0
2832,929,1.0
2833,930,1.0
2834,870,2.0
2835,870,3.0
2837,929,2.0
2838,929,3.0
2839,933,1.0
2840,934,1.0
2841,930,2.0
2843,933,2.0
2844,933,3.0
2845,930,3.0
2847,930,4.0
2848,934,2.0
2849,934,3.0
2850,934,4.0
2851,934,6.0
2852,934,5.0
2853,930,5.0
2855,930,6.0
2856,934,7.0
2857,929,4.0
2858,929,5.0
2859,937,1.0
2863,669,2.0
2865,939,2.0
2866,939,1.0
2867,939,3.0
2870,931,4.0
2871,669,3.0
2873,931,1.0
2874,931,2.0
2875,931,5.0
2876,931,3.0
2879,946,1.0
2880,669,5.0
2881,669,6.0
2882,946,3.0
2883,947,1.0
2884,947,2.0
2885,946,2.0
2886,947,3.0
2888,937,2.0
2889,937,3.0
2892,951,1.0
2893,951,2.0
2894,951,3.0
2895,937,4.0
2896,952,1.0
2897,952,2.0
2898,952,3.0
2899,953,1.0
2900,953,2.0
2901,953,3.0
2902,954,1.0
2903,955,1.0
2904,955,2.0
2905,955,3.0
2906,956,1.0
2907,956,2.0
2908,956,3.0
2909,956,4.0
2910,957,1.0
2911,957,2.0
2912,957,3.0
2913,958,1.0
2914,958,2.0
2915,958,3.0
2916,959,1.0
2917,960,1.0
2918,961,1.0
2919,962,1.0
2920,962,2.0
2921,937,5.0
2922,963,1.0
2923,963,2.0
2925,879,3.0
2926,879,2.0
2928,889,3.0
2930,965,1.0
2931,950,1.0
2933,950,2.0
2934,965,2.0
2941,950,3.0
2942,965,3.0
2944,693,2.0
2945,693,4.0
2946,693,5.0
2948,968,1.0
2949,968,2.0
2951,879,6.0
2952,968,3.0
2958,969,1.0
2959,969,2.0
2961,879,7.0
2962,879,8.0
2963,970,2.0
2964,970,1.0
2965,971,1.0
2966,971,2.0
2967,972,1.0
2968,972,2.0
2969,973,1.0
2970,973,2.0
2971,974,1.0
2972,974,2.0
2973,975,1.0
2974,975,2.0
2980,980,1.0
2981,980,2.0
2982,981,1.0
2983,981,2.0
2984,982,1.0
2985,982,2.0
2986,983,1.0
2987,983,2.0
2988,695,2.0
2989,984,1.0
2990,985,1.0
2993,988,1.0
2998,988,2.0
3000,993,2.0
3001,993,1.0
3002,988,3.0
3003,994,1.0
3004,995,1.0
3005,995,2.0
3013,995,3.0
3015,1001,1.0
3016,984,2.0
3019,1007,1.0
3023,1006,1.0
3024,1006,2.0
3025,1006,3.0
3027,969,3.0
3030,1008,1.0
3034,695,4.0
3035,695,5.0
3036,1008,2.0
3037,1011,1.0
3038,1011,2.0
3039,1012,1.0
3040,1012,2.0
3041,1008,3.0
3044,1007,2.0
3046,1014,1.0
3047,1014,2.0
3048,1014,3.0
3049,1015,1.0
3050,1015,2.0
3051,1015,3.0
3053,887,3.0
3059,886,3.0
3063,1023,1.0
3070,1025,1.0
3071,1025,2.0
3072,1025,3.0
3073,1023,3.0
3076,1023,2.0
3077,1026,1.0
3078,695,8.0
3079,1026,2.0
3081,1022,1.0
3082,1026,3.0
3083,1022,2.0
3084,970,3.0
3085,970,4.0
3089,1027,1.0
3091,1029,1.0
3092,1030,1.0
3093,1030,2.0
3094,1030,3.0
3095,1029,2.0
3096,1031,2.0
3097,1031,3.0
3105,1033,2.0
3106,1033,1.0
3107,1033,3.0
3109,1029,3.0
3110,1036,1.0
3111,1036,2.0
3113,1036,3.0
3114,1037,1.0
3115,1037,2.0
3116,1037,3.0
3117,1039,1.0
3118,1039,2.0
3122,1039,3.0
3123,1042,1.0
3124,1041,1.0
3128,1042,2.0
3129,1042,3.0
3131,1044,1.0
3132,1044,2.0
3133,1044,3.0
3134,799,2.0
3140,1046,1.0
3141,1046,2.0
3142,1046,3.0
3143,1047,1.0
3144,1047,2.0
3145,1047,3.0
3149,1047,4.0
3150,1047,5.0
3151,1050,2.0
3152,1050,3.0
3154,1049,1.0
3155,1051,1.0
3156,1049,2.0
3157,1049,3.0
3158,1052,1.0
3159,1052,2.0
3161,1053,1.0
3162,1053,2.0
3163,1053,3.0
3164,1055,1.0
3165,1055,2.0
3166,1054,1.0
3167,1055,3.0
3169,1060,1.0
3170,1054,2.0
3171,1054,3.0
3172,1060,2.0
3173,1060,3.0
3176,1051,2.0
3177,1057,2.0
3178,1063,1.0
3179,1063,2.0
3180,1063,3.0
3181,1065,2.0
3182,1057,1.0
3183,1057,3.0
3185,1061,1.0
3189,1061,2.0
3190,1061,3.0
3191,1061,4.0
3192,1065,3.0
3193,970,5.0
3194,1075,1.0
3197,1075,2.0
3200,1065,1.0
3204,1064,1.0
3205,1064,2.0
3206,1051,3.0
3210,1064,3.0
3211,1081,1.0
3215,1084,1.0
3216,1084,2.0
3217,1084,3.0
3223,1081,2.0
3224,1081,3.0
3232,1093,1.0
3234,1093,2.0
3235,1031,1.0
3237,1096,1.0
3238,1096,2.0
3239,1096,3.0
3241,1080,1.0
3246,1041,2.0
3249,1041,3.0
3252,1080,2.0
3253,1052,3.0
3254,1101,1.0
3255,1101,2.0
3257,1101,3.0
3258,1104,1.0
3260,1080,3.0
3261,1105,1.0
3262,879,4.0
3263,879,5.0
3264,1103,1.0
3265,1103,2.0
3266,1103,3.0
3267,1103,4.0
3268,1107,2.0
3269,1107,1.0
3272,1106,1.0
3273,1106,2.0
3275,1105,2.0
3276,1107,3.0
3279,1107,4.0
3281,1105,3.0
3283,1112,1.0
3284,1112,2.0
3285,1112,3.0
3287,1104,2.0
3288,1104,4.0
3289,1104,8.0
3291,1104,6.0
3293,1106,3.0
3294,1106,4.0
3300,1116,1.0
3301,1104,3.0
3302,1104,5.0
3303,1104,7.0
3311,1116,2.0
3312,1116,3.0
3313,1116,4.0
3314,1119,1.0
3321,1122,1.0
3322,1124,1.0
3324,1124,2.0
3325,1124,3.0
3326,1124,4.0
3327,1124,5.0
3328,1125,1.0
3329,1127,1.0
3330,1127,2.0
3331,1127,3.0
3332,1119,2.0
3334,1119,3.0
3335,1119,4.0
3336,1113,1.0
3337,1119,5.0
3339,1122,2.0
3342,1125,2.0
3343,1125,3.0
3344,1133,1.0
3345,1125,4.0
3346,1133,2.0
3347,1134,1.0
3349,1133,3.0
3350,1134,2.0
3351,1133,4.0
3352,1134,3.0
3353,1134,4.0
3354,1122,3.0
3355,1134,5.0
3356,1134,6.0
3357,1134,7.0
3358,1134,8.0
3362,1117,1.0
3363,1137,1.0
3365,1117,2.0
3368,1137,2.0
3369,1137,3.0
3370,1137,4.0
3371,1140,1.0
3372,1140,2.0
3373,1140,3.0
3374,1140,4.0
3375,1140,5.0
3376,1140,6.0
3378,1137,5.0
3379,1117,3.0
3382,1142,1.0
3385,1142,2.0
3386,1139,1.0
3389,1144,1.0
3392,1144,2.0
3393,1145,1.0
3394,1145,2.0
3395,1145,3.0
3396,1145,4.0
3397,1145,5.0
3398,1144,3.0
3399,1142,4.0
3400,1142,6.0
3401,1142,5.0
3402,1142,3.0
3403,1148,1.0
3404,1147,1.0
3405,1113,2.0
3408,1148,2.0
3409,1148,3.0
3410,1113,3.0
3411,1150,1.0
3412,1151,1.0
3413,1150,2.0
3415,1139,2.0
3417,1150,3.0
3419,1139,3.0
3421,1130,1.0
3422,1130,2.0
3423,1130,3.0
3424,1139,4.0
3425,1139,5.0
3426,1147,2.0
3427,1147,3.0
3428,1155,1.0
3429,1156,1.0
3431,1156,2.0
3432,1075,3.0
3433,1151,2.0
3434,1151,3.0
3435,1151,4.0
3436,1157,1.0
3437,1157,2.0
3438,1157,3.0
3440,1159,1.0
3441,1159,2.0
3444,1159,3.0
3446,1160,1.0
3447,1160,2.0
3450,1162,1.0
3451,1162,2.0
3452,1075,4.0
3453,1160,3.0
3455,1160,4.0
3456,1160,5.0
3460,1155,2.0
3461,1111,1.0
3462,1166,1.0
3463,1075,5.0
3466,1166,2.0
3468,1111,2.0
3469,1163,1.0
3470,1111,3.0
3471,1163,2.0
3472,1163,3.0
3476,1168,1.0
3477,1168,2.0
3478,1163,4.0
3480,1169,1.0
3481,1168,3.0
3482,1170,1.0
3483,1170,2.0
3484,1170,3.0
3486,1171,1.0
3487,1171,2.0
3488,1171,4.0
3489,1171,3.0
3490,1172,1.0
3491,1172,2.0
3492,1172,3.0
3495,1175,1.0
3496,1175,2.0
3497,1175,3.0
3501,1176,1.0
3502,1176,2.0
3503,1177,1.0
3509,1178,1.0
3510,1178,2.0
3511,1178,3.0
3512,1178,4.0
3513,1177,2.0
3514,1177,3.0
3515,1177,4.0
3516,1177,5.0
3517,1176,3.0
3518,1177,6.0
3519,1177,7.0
3521,1181,1.0
3522,1181,2.0
3523,1181,3.0
3524,1181,4.0
3525,1183,1.0
3526,1183,2.0
3527,1183,3.0
3531,1182,1.0
3532,1182,2.0
3533,1182,3.0
3534,1182,4.0
3535,1182,8.0
3538,1182,5.0
3539,1186,1.0
3540,1186,2.0
3541,1186,3.0
3542,1186,4.0
3543,1180,2.0
3544,1187,2.0
3545,1187,4.0
3547,1180,3.0
3548,1180,4.0
3550,1169,2.0
3551,1182,7.0
3552,1180,1.0
3554,1182,10.0
3555,1182,9.0
3556,1182,6.0
3557,1169,3.0
3558,1188,1.0
3559,1182,11.0
3561,1190,3.0
3562,1193,2.0
3563,1194,1.0
3569,1198,1.0
3570,1198,2.0
3571,1075,6.0
3575,1075,7.0
3580,1198,3.0
3581,1201,1.0
3582,1193,3.0
3583,1187,1.0
3584,1191,1.0
3585,1191,2.0
3586,1191,3.0
3587,1191,4.0
3588,1187,3.0
3589,1201,2.0
3590,1191,5.0
3591,1191,6.0
3592,1191,7.0
3593,1191,8.0
3596,1201,3.0
3598,1203,1.0
3599,1203,2.0
3600,1203,3.0
3601,1194,2.0
3611,1201,4.0
3612,1201,5.0
3613,1194,3.0
3624,1208,1.0
3625,1190,1.0
3626,1208,2.0
3641,1218,2.0
3642,1218,3.0
3643,1218,1.0
3644,1219,1.0
3645,1219,2.0
3647,1219,3.0
3648,1219,4.0
3649,1193,1.0
3650,1220,1.0
3651,1208,3.0
3653,1221,1.0
3678,1243,1.0
3683,1244,1.0
3689,1244,2.0
3692,1244,3.0
3693,1250,1.0
3695,1250,2.0
3696,1190,2.0
3702,1250,3.0
3718,1253,1.0
3719,1253,2.0
3772,1277,1.0
3775,1277,2.0
3776,1188,2.0
3786,1277,3.0
3796,1279,1.0
3797,1279,2.0
3801,1287,1.0
3802,1279,3.0
3804,1287,2.0
3819,1294,1.0
3820,1294,2.0
3825,1291,1.0
3834,1300,1.0
3835,1301,1.0
3836,1301,2.0
3837,1301,3.0
3842,1291,2.0
3843,1300,2.0
3846,1291,3.0
3847,1300,3.0
3848,1305,1.0
3849,1300,4.0
3859,1308,1.0
3861,1308,2.0
3872,1308,3.0
3874,1318,1.0
3875,1320,1.0
3876,1305,2.0
3877,1305,3.0
3895,1342,1.0
3896,1342,2.0
3898,1342,3.0
3899,1342,4.0
3900,1342,5.0
3906,1342,6.0
3907,1370,1.0
3908,1370,2.0
3909,1370,3.0
3910,1370,4.0
3929,1327,1.0
3939,1050,1.0
3940,1314,1.0
3941,1314,2.0
3942,1327,2.0
3943,1327,3.0
3945,1381,1.0
3946,1327,4.0
3947,1381,2.0
3948,1383,1.0
3955,1067,1.0
3956,1067,2.0
3958,1381,3.0
3963,1389,1.0
3964,1389,2.0
3972,1395,1.0
3973,1395,2.0
3974,1395,3.0
3977,1397,1.0
3978,1397,2.0
3980,1398,1.0
3981,1398,2.0
3982,1398,3.0
3983,1398,4.0
3987,1397,3.0
3988,1383,2.0
3989,1405,1.0
3990,1405,2.0
3991,1405,3.0
3992,1406,1.0
3993,1406,2.0
3994,1383,3.0
3995,1406,3.0
3996,1403,1.0
4008,1403,3.0
4014,1404,1.0
4015,1333,1.0
4024,1333,2.0
4025,1419,1.0
4030,1404,2.0
4035,1404,3.0
4038,1423,1.0
4042,1419,2.0
4045,1423,2.0
4057,1419,3.0
4067,1423,3.0
4074,1452,1.0
4075,1331,1.0
4077,1452,2.0
4078,1454,1.0
4079,1331,2.0
4080,1454,2.0
4081,1331,3.0
4082,1456,1.0
4083,1454,3.0
4084,1452,3.0
4086,1454,4.0
4088,1452,4.0
4089,1456,2.0
4090,1456,3.0
4091,1455,1.0
4107,1456,4.0
4108,1455,2.0
4112,1462,1.0
4113,1462,2.0
4115,1462,3.0
4116,1220,2.0
4117,1220,3.0
4119,1462,4.0
4120,1462,5.0
4126,1466,1.0
4127,1467,1.0
4128,1467,2.0
4129,1467,3.0
4132,1466,2.0
4138,1470,1.0
4139,1472,1.0
4140,1472,2.0
4141,1472,3.0
4143,1475,1.0
4145,1474,1.0
4152,1475,2.0
4153,1475,3.0
4154,1475,4.0
4163,1481,1.0
4166,1481,2.0
4173,1488,1.0
4176,1488,2.0
4178,1488,3.0
4181,1495,1.0
4182,1495,2.0
4183,1495,4.0
4185,1495,3.0
4193,1481,3.0
4194,1492,1.0
4195,1492,2.0
4196,1492,3.0
4200,1493,1.0
4201,1493,2.0
4202,1493,3.0
4205,1497,1.0
4208,1502,1.0
4209,1502,2.0
4210,1503,1.0
4211,1504,3.0
4213,1504,1.0
4214,1501,1.0
4215,1497,2.0
4222,1497,3.0
4227,1509,1.0
4228,1501,2.0
4233,1518,1.0
4234,1518,2.0
4235,1518,3.0
4236,1518,4.0
4237,1518,5.0
4238,1504,4.0
4239,1504,2.0
4240,1501,3.0
4241,1519,3.0
4244,1522,1.0
4248,1509,2.0
4249,1350,1.0
4250,1350,3.0
4251,1350,4.0
4253,1519,1.0
4254,1519,2.0
4255,1519,4.0
4256,1527,1.0
4257,1527,2.0
4259,1527,3.0
4267,1526,1.0
4276,1526,2.0
4277,1526,3.0
4278,1509,3.0
4279,1522,2.0
4288,1542,2.0
4289,1542,3.0
4290,1542,4.0
4297,1547,1.0
4298,1547,2.0
4299,1547,3.0
4300,1547,4.0
4302,1522,3.0
4309,1548,1.0
4314,1552,1.0
4332,1515,8.0
4333,1515,1.0
4334,1515,2.0
4335,1552,2.0
4336,1552,3.0
4337,1515,3.0
4338,1515,4.0
4339,1515,5.0
4347,1515,6.0
4348,1515,7.0
4361,1548,2.0
4362,1548,3.0
4364,1548,4.0
4393,1542,1.0
4394,1350,2.0
4401,1516,1.0
4402,1516,2.0
4403,1516,3.0
4404,1516,4.0
4407,1591,1.0
4408,1591,2.0
4409,1591,3.0
4415,1517,1.0
4416,1517,2.0
4417,1517,4.0
4418,1517,5.0
4419,1517,3.0
4424,1518,6.0
4434,1547,5.0
4439,1594,3.0
4443,1594,1.0
4444,1594,2.0
4451,1403,2.0
4466,1600,1.0
4467,1604,1.0
4468,1603,1.0
4469,1603,2.0
4470,1603,3.0
4472,1604,2.0
4479,1604,3.0
4480,1600,2.0
4481,1600,3.0
4483,1624,1.0
4484,1624,2.0
4485,1624,3.0
4486,1624,4.0
4487,1625,1.0
4488,1625,2.0
4489,1621,1.0
4490,1625,3.0
4491,1621,2.0
4492,1621,3.0
4497,1628,2.0
4498,1628,3.0
4510,1630,1.0
4511,1631,1.0
4512,1631,2.0
4513,1631,3.0
4514,1631,4.0
4515,1632,1.0
4516,1632,2.0
4517,1632,3.0
4521,1630,2.0
4522,1630,3.0
4523,1630,4.0
4524,1628,1.0
4537,1635,1.0
4542,1643,1.0
4543,1634,1.0
4547,1634,2.0
4555,1643,3.0
4556,1643,2.0
4557,1634,3.0
4558,1642,1.0
4559,1650,1.0
4560,1635,2.0
4561,1650,2.0
4562,1651,2.0
4563,1605,1.0
4564,1635,3.0
4565,1605,2.0
4566,1651,3.0
4567,1651,5.0
4568,1651,6.0
4569,1651,4.0
4576,1605,3.0
4577,1635,4.0
4578,1651,1.0
4579,1635,5.0
4580,1635,6.0
4581,1635,7.0
4589,1650,3.0
4596,1652,2.0
4600,1652,3.0
4601,1652,1.0
4602,1650,4.0
4603,1652,4.0
4614,1664,1.0
4615,1642,2.0
4616,1642,3.0
4624,1673,1.0
4625,1673,2.0
4626,1673,3.0
4627,1674,1.0
4628,1674,2.0
4629,1675,1.0
4636,1675,2.0
4637,1674,3.0
4638,1675,3.0
4639,1674,4.0
4640,1675,4.0
4653,1653,1.0
4654,1653,2.0
4655,1653,4.0
4656,1653,5.0
4657,1653,3.0
4658,1653,6.0
4659,1653,7.0
4660,1606,1.0
4661,1606,2.0
4662,1606,3.0
4663,1606,4.0
4664,1606,5.0
4665,1685,1.0
4666,1688,2.0
4667,1654,1.0
4668,1654,2.0
4669,1654,4.0
4670,1654,6.0
4671,1688,1.0
4672,1688,3.0
4673,1654,5.0
4677,1688,4.0
4678,1654,3.0
4679,1688,5.0
4680,1655,1.0
4681,1655,2.0
4682,1655,3.0
4683,1655,4.0
4684,1656,1.0
4685,1656,2.0
4686,1656,3.0
4687,1686,1.0
4688,1686,2.0
4689,1657,1.0
4690,1657,2.0
4691,1657,3.0
4692,1657,4.0
4693,1685,2.0
4695,1690,1.0
4697,1658,1.0
4699,1658,2.0
4701,1658,3.0
4702,1658,4.0
4703,1690,2.0
4704,1685,3.0
4705,1693,1.0
4706,1687,1.0
4707,1687,2.0
4712,1697,1.0
4713,1687,3.0
4728,1708,1.0
4729,1707,2.0
4730,1707,3.0
4731,1707,1.0
4733,1690,3.0
4734,1697,2.0
4735,1709,1.0
4738,1697,3.0
4750,1713,1.0
4756,1715,1.0
4766,1727,1.0
4775,1729,1.0
4776,1695,1.0
4777,1727,2.0
4778,1729,2.0
4780,1729,3.0
4782,1717,1.0
4783,1727,3.0
4784,1727,4.0
4785,1729,4.0
4821,1695,2.0
4822,1744,1.0
4823,1745,1.0
4824,1744,2.0
4825,1744,3.0
4826,1745,2.0
4827,1746,1.0
4832,1745,3.0
4833,1746,2.0
4835,1746,3.0
4838,1754,1.0
4843,1745,4.0
4844,1754,2.0
4845,1745,5.0
4846,1754,3.0
4858,1760,1.0
4860,1760,2.0
4863,1760,3.0
4866,1695,3.0
4870,1764,2.0
4874,1762,1.0
4875,1764,3.0
4876,1762,2.0
4881,1762,3.0
4882,1764,4.0
4883,1765,1.0
4884,1765,2.0
4889,1764,5.0
4894,1768,1.0
4899,1768,2.0
4908,1764,1.0
4909,1761,1.0
4910,1768,3.0
4911,1778,1.0
4939,1768,4.0
4940,1778,2.0
4941,1786,1.0
4942,1786,2.0
4943,1786,3.0
4944,1786,4.0
4945,1778,3.0
4948,1792,1.0
4949,1793,1.0
4950,1796,1.0
4958,1717,2.0
4990,1805,1.0
4991,1805,2.0
4992,1805,3.0
4996,1807,1.0
4997,1807,2.0
4998,1807,3.0
4999,1807,4.0
5113,1664,2.0
5114,1664,3.0
5116,1837,1.0
5117,1837,2.0
5118,1839,1.0
5119,1837,3.0
5120,1839,2.0
5121,1839,3.0
5122,1839,4.0
5128,1841,1.0
5129,1841,2.0
5130,1837,4.0
5131,1841,3.0
5132,1841,4.0
5133,1841,5.0
5134,1844,1.0
5135,1844,2.0
5136,1844,3.0
5137,1844,4.0
5138,1844,5.0
5139,1844,6.0
5141,1837,5.0
5142,1837,6.0
5143,1845,1.0
5144,1810,1.0
5145,1845,2.0
5147,1846,1.0
5148,1848,1.0
5149,1845,3.0
5150,1845,4.0
5151,1848,2.0
5152,1846,2.0
5153,1845,5.0
5154,1848,3.0
5155,1848,4.0
5156,1848,5.0
5157,1845,6.0
5159,1846,3.0
5160,1845,7.0
5161,1850,1.0
5162,1846,4.0
5216,1850,2.0
5217,1850,4.0
5218,1850,3.0
5219,1850,5.0
5227,1863,1.0
5231,1810,2.0
5246,1863,2.0
5247,1863,3.0
5248,1810,3.0
5252,1869,1.0
5253,1867,1.0
5254,1869,2.0
5255,1867,2.0
5256,1867,3.0
5257,1869,3.0
5259,1761,2.0
5274,1761,3.0
5306,1880,1.0
5307,1880,2.0
5314,1880,3.0
5315,1607,1.0
5316,1607,2.0
5317,1880,4.0
5340,1607,3.0
5341,1891,1.0
5343,1891,3.0
5344,1608,1.0
5351,1895,1.0
5352,1891,4.0
5353,1894,1.0
5356,1894,2.0
5357,1664,4.0
5358,1891,2.0
5374,1895,2.0
5375,1895,3.0
5378,1905,1.0
5380,1905,2.0
5382,1906,1.0
5386,1905,3.0
5388,1905,4.0
5391,1906,2.0
5398,1906,3.0
5399,1913,1.0
5403,1913,2.0
5404,1913,3.0
5408,1761,4.0
5417,1919,1.0
5418,1919,2.0
5422,1919,3.0
5423,1919,4.0
5424,1919,5.0
5429,1923,1.0
5430,1923,2.0
5431,1923,3.0
5432,1924,1.0
5433,1926,1.0
5434,1926,2.0
5435,1926,3.0
5443,1924,2.0
5450,1924,3.0
5458,1931,1.0
5459,1931,2.0
5461,1936,1.0
5462,1936,2.0
5483,1943,1.0
5486,1946,1.0
5488,1948,1.0
5489,1943,2.0
5491,1950,2.0
5492,1950,1.0
5504,1959,1.0
5508,1963,1.0
5510,1959,2.0
5519,1959,3.0
5528,1959,4.0
5536,1959,5.0
5542,1959,6.0
5543,1959,7.0
5553,1970,1.0
5616,1982,1.0
5617,1982,2.0
5618,1982,3.0
5624,1984,1.0
5627,1984,2.0
5628,1984,3.0
5630,1988,1.0
5631,1988,2.0
5632,1988,3.0
5633,1988,4.0
5639,1946,2.0
5640,1991,1.0
5641,1991,2.0
5646,1992,1.0
5647,1992,2.0
5648,1991,3.0
5649,1994,1.0
5650,1994,2.0
5651,1608,2.0
5652,1982,4.0
5655,1996,1.0
5656,1996,2.0
5664,1999,1.0
5665,1999,2.0
5666,1999,3.0
5667,1999,4.0
5668,1999,5.0
5703,1608,3.0
5716,2013,1.0
5718,2014,1.0
5719,2014,2.0
5720,2014,3.0
5721,2015,1.0
5722,2015,2.0
5723,2015,3.0
5724,2015,4.0
5765,2013,2.0
5766,2013,3.0
5767,2013,4.0
5768,1221,2.0
5773,1221,3.0
5774,2015,5.0
5775,2024,1.0
5776,2024,2.0
5777,2024,3.0
5778,2024,4.0
5783,2024,5.0
5813,2033,1.0
5814,2033,2.0
5815,2033,3.0
5816,2033,4.0
5825,1609,2.0
5826,1609,3.0
5827,2032,1.0
5828,2037,1.0
5829,2037,2.0
5830,2037,3.0
5831,2037,4.0
5832,2032,2.0
5833,2032,3.0
5834,2032,4.0
5859,2045,1.0
5860,2045,2.0
5865,2036,1.0
5866,2036,2.0
5872,2050,1.0
5873,2050,2.0
5877,2036,3.0
5879,2054,1.0
5880,2054,2.0
5881,2054,3.0
5903,2069,1.0
5904,2069,2.0
5905,2069,3.0
5916,2068,1.0
5917,1948,2.0
5919,2072,1.0
5920,2072,2.0
5921,2072,3.0
5925,2068,2.0
5934,2075,1.0
5958,2096,1.0
5962,2096,2.0
5964,2096,3.0
5975,2096,5.0
5976,2096,6.0
5977,2101,1.0
5978,2101,2.0
5979,2101,3.0
5990,2102,1.0
6002,1943,3.0
6008,2118,1.0
6012,2118,2.0
6014,2118,3.0
6023,2120,1.0
6024,2120,2.0
6025,2068,3.0
6062,2120,3.0
6063,2120,4.0
6077,2096,4.0
6078,2120,5.0
6092,2139,1.0
6093,2139,2.0
6094,2139,3.0
6098,2141,1.0
6099,2141,2.0
6100,2141,3.0
6101,2141,4.0
6102,2142,1.0
6103,2142,2.0
6104,2142,3.0
6105,2142,4.0
6106,2142,5.0
6107,2143,1.0
6108,2143,2.0
6109,2143,3.0
6110,2144,1.0
6111,2144,2.0
6112,2144,3.0
6113,2145,1.0
6114,2145,2.0
6115,2145,3.0
6116,2145,4.0
6117,2145,5.0
6118,2146,1.0
6119,2146,2.0
6120,2146,3.0
6121,2146,4.0
6122,2147,1.0
6123,2147,2.0
6132,2149,1.0
6133,2149,2.0
6136,2149,3.0
6143,2159,1.0
6149,2149,4.0
6150,2149,5.0
6151,2163,1.0
6152,2163,2.0
6159,2107,2.0
6165,1609,1.0
6166,2169,1.0
6176,2169,2.0
6183,2173,1.0
6188,2173,2.0
6191,2169,3.0
6205,2182,6.0
6206,2180,1.0
6208,2181,1.0
6225,2190,1.0
6227,2191,1.0
6228,2191,2.0
6229,2191,3.0
6232,2173,3.0
6233,2173,4.0
6234,2181,2.0
6243,2181,3.0
6252,2199,2.0
6259,2202,1.0
6277,2206,1.0
6290,2209,1.0
6292,2209,3.0
6293,2209,4.0
6294,2190,2.0
6295,2190,3.0
6296,2190,4.0
6314,2209,2.0
6315,2217,1.0
6316,2217,2.0
6317,2217,3.0
6318,2217,4.0
6319,2217,5.0
6332,2103,1.0
6338,2222,1.0
6339,2225,2.0
6340,2225,6.0
6343,2225,3.0
6345,2225,1.0
6349,2225,4.0
6350,2225,5.0
6352,2107,1.0
6354,2199,1.0
6356,2110,1.0
6371,2236,1.0
6393,2237,3.0
6394,2242,1.0
6395,2242,2.0
6403,2242,3.0
6404,2242,4.0
6405,2242,5.0
6408,2237,1.0
6409,2237,2.0
6416,2110,2.0
6417,2109,1.0
6418,2242,6.0
6443,2242,8.0
6444,2242,9.0
6445,2242,10.0
6446,2242,7.0
6452,2110,3.0
6460,2254,1.0
6465,2258,1.0
6467,2258,2.0
6470,2254,2.0
6471,2254,3.0
6478,2254,4.0
6479,2236,2.0
6486,2270,1.0
6487,2270,2.0
6506,2265,2.0
6536,2276,1.0
6543,2288,2.0
6544,2288,3.0
6545,2288,1.0
6546,2288,4.0
6548,1352,1.0
6549,2255,1.0
6550,2255,2.0
6551,2255,3.0
6555,2265,3.0
6556,2265,1.0
6557,2265,4.0
6558,2265,5.0
6559,2266,1.0
6560,2266,2.0
6561,2266,3.0
6562,2293,1.0
6563,2266,4.0
6564,2266,5.0
6565,2266,6.0
6566,2293,2.0
6567,2266,7.0
6568,2267,1.0
6569,2267,3.0
6570,2267,4.0
6571,2267,5.0
6572,2267,2.0
6573,2276,2.0
6577,1352,2.0
6591,2276,3.0
6630,2304,1.0
6631,2304,2.0
6633,2304,3.0
6634,2304,4.0
6636,2304,5.0
6637,2304,6.0
6638,2306,1.0
6639,2306,3.0
6641,2306,4.0
6642,2306,5.0
6643,2306,2.0
6663,2314,1.0
6669,2316,3.0
6670,2316,1.0
6671,2316,4.0
6675,2317,1.0
6676,2317,2.0
6686,2316,2.0
6710,2324,1.0
6711,2324,3.0
6712,2324,4.0
6713,2324,5.0
6750,2333,4.0
6760,2333,2.0
6761,2333,3.0
6762,2333,1.0
6771,2338,1.0
6772,2338,2.0
6773,2338,3.0
6774,2338,4.0
6780,2341,1.0
6781,2341,2.0
6782,2341,3.0
6783,2342,1.0
6784,2341,4.0
6785,2342,2.0
6786,2342,3.0
6787,2342,4.0
6788,2342,5.0
6789,2343,1.0
6790,2343,2.0
6791,2343,3.0
6792,2343,4.0
6793,2343,5.0
6794,2343,6.0
6795,2343,7.0
6796,2343,8.0
6797,2343,9.0
6798,2343,10.0
6799,2344,1.0
6800,2344,2.0
6801,2344,3.0
6808,2350,1.0
6809,2350,2.0
6822,2356,1.0
6823,2356,2.0
6824,2356,3.0
6825,2349,1.0
6834,2349,2.0
6835,2359,1.0
6837,2361,1.0
6838,2361,2.0
6839,2361,3.0
6847,2363,1.0
6848,2359,2.0
6849,2366,1.0
6850,2366,2.0
6851,2366,3.0
6852,2366,4.0
6853,2367,1.0
6854,2367,2.0
6855,2368,1.0
6857,2370,1.0
6858,2370,2.0
6860,2371,1.0
6861,2373,1.0
6862,2373,2.0
6863,2372,1.0
6864,2372,2.0
6865,2373,3.0
6866,2372,3.0
6867,2373,4.0
6868,2182,1.0
6870,2359,3.0
6871,2359,4.0
6872,2182,2.0
6873,2373,5.0
6874,2182,3.0
6879,2373,6.0
6880,2182,4.0
6881,2374,1.0
6882,2379,1.0
6885,2379,2.0
6886,2381,1.0
6887,2379,3.0
6888,2368,2.0
6889,2371,2.0
6890,2371,3.0
6891,2373,7.0
6892,2374,3.0
6893,2374,4.0
6894,2374,5.0
6895,2374,6.0
6896,2374,7.0
6897,2198,1.0
6898,2182,5.0
6899,2368,3.0
6900,2381,2.0
6901,2381,3.0
6903,2374,2.0
6904,2381,4.0
6906,2374,8.0
6913,2371,4.0
6914,2371,5.0
6915,2388,1.0
6916,2388,2.0
6917,2388,3.0
6918,2372,4.0
6919,2388,4.0
6920,2388,5.0
6950,2396,1.0
6951,2397,1.0
6952,2397,2.0
6953,2303,1.0
6961,2380,1.0
6964,2404,1.0
6965,2406,1.0
6966,2406,2.0
6967,2406,3.0
6968,2404,2.0
6969,2407,1.0
6970,2396,2.0
6972,2408,1.0
6973,2408,2.0
6976,2410,1.0
6977,2410,2.0
6978,2380,2.0
6979,2410,4.0
6980,2410,3.0
6981,2412,1.0
6989,2413,1.0
6990,2413,2.0
6991,2416,1.0
6992,2416,2.0
6993,2416,3.0
7002,2412,2.0
7007,2424,2.0
7008,2314,2.0
7014,2429,1.0
7015,2429,2.0
7016,2429,3.0
7017,2412,3.0
7019,2314,3.0
7021,2424,1.0
7023,2424,3.0
7050,2441,1.0
7051,2442,1.0
7052,2442,2.0
7053,2424,4.0
7054,2443,1.0
7055,2443,2.0
7056,2443,3.0
7057,2445,1.0
7058,2405,1.0
7062,2445,2.0
7063,2445,3.0
7064,2448,1.0
7065,2449,1.0
7066,2449,2.0
7070,2451,1.0
7074,2451,2.0
7075,2451,3.0
7076,2451,4.0
7077,2451,5.0
7078,2451,6.0
7079,2451,7.0
7080,2451,8.0
7081,2451,9.0
7082,2451,10.0
7094,2405,2.0
7095,2405,3.0
7096,2405,4.0
7097,2405,5.0
7098,2459,1.0
7099,2459,2.0
7100,2455,1.0
7101,2455,2.0
7102,2455,3.0
7103,2455,4.0
7106,2448,2.0
7113,2464,1.0
7116,2465,1.0
7120,2465,2.0
7127,2464,2.0
7130,2471,1.0
7131,2471,2.0
7134,2471,3.0
7135,2471,4.0
7137,2473,1.0
7139,2475,1.0
7142,2475,2.0
7147,2475,3.0
7149,2476,1.0
7151,2473,2.0
7152,2473,3.0
7153,2477,1.0
7154,2476,2.0
7155,2476,3.0
7156,2477,2.0
7157,2477,3.0
7158,2478,1.0
7159,2478,2.0
7163,2483,1.0
7164,2483,2.0
7165,2478,3.0
7186,2464,3.0
7200,2496,1.0
7201,2496,2.0
7202,2496,3.0
7203,2496,4.0
7204,2496,5.0
7205,2496,6.0
7206,2496,7.0
7211,2495,1.0
7216,2465,3.0
7217,2465,4.0
7218,2499,1.0
7219,2499,2.0
7220,2500,1.0
7222,2502,1.0
7225,2504,1.0
7228,2502,2.0
7229,2502,3.0
7230,2507,1.0
7231,2507,2.0
7235,2512,1.0
7236,2512,2.0
7240,2515,1.0
7241,2514,1.0
7242,2514,2.0
7243,2514,3.0
7244,2495,2.0
7245,2495,3.0
7246,2495,4.0
7247,2448,3.0
7248,2505,1.0
7249,2516,1.0
7256,2519,1.0
7257,2519,2.0
7258,2519,3.0
7259,2519,4.0
7260,2522,1.0
7261,2522,2.0
7263,2500,2.0
7264,2505,2.0
7265,2525,1.0
7275,2525,2.0
7276,2529,1.0
7277,2529,2.0
7278,2529,3.0
7279,2529,4.0
7280,2529,5.0
7281,2530,1.0
7282,2530,2.0
7283,2530,3.0
7284,2530,4.0
7315,2448,4.0
7318,2525,3.0
7323,2541,1.0
7324,2541,2.0
7326,2541,3.0
7327,2541,4.0
7329,2544,1.0
7335,2544,2.0
7339,2545,1.0
7345,2551,1.0
7352,2504,2.0
7356,2545,2.0
7373,2544,3.0
7381,2551,2.0
7385,2545,3.0
7410,2604,1.0
7411,2604,2.0
7412,2604,3.0
7413,2604,4.0
7414,2604,5.0
7418,2551,3.0
7419,2607,1.0
7420,2607,2.0
7426,2607,3.0
7428,2610,1.0
7429,2516,2.0
7430,2609,1.0
7431,2611,1.0
7432,2611,2.0
7433,2609,2.0
7434,2611,3.0
7435,2611,4.0
7436,2611,5.0
7437,2609,3.0
7438,2609,4.0
7439,2612,1.0
7440,2612,2.0
7441,2612,3.0
7442,2613,1.0
7443,2613,2.0
7444,2613,3.0
7446,2614,1.0
7465,2625,1.0
7466,2625,2.0
7467,2625,3.0
7468,2625,4.0
7475,2551,4.0
7476,2629,1.0
7477,2629,2.0
7478,2629,3.0
7479,2622,1.0
7480,2622,2.0
7481,2622,3.0
7482,2622,4.0
7483,2622,5.0
7484,2622,6.0
7485,2622,7.0
7486,2622,8.0
7487,2622,9.0
7488,2622,10.0
7489,2622,11.0
7490,2622,12.0
7503,2614,2.0
7566,2655,1.0
7578,2655,2.0
7579,2661,1.0
7581,2661,2.0
7583,2661,3.0
7585,2662,1.0
7586,2662,2.0
7587,2662,3.0
7588,2662,4.0
7589,2663,1.0
7591,2663,2.0
7592,2663,3.0
7593,2663,4.0
7600,2655,3.0
7605,2657,2.0
7618,2668,1.0
7619,2668,2.0
7620,2670,1.0
7621,2672,1.0
7622,2670,2.0
7626,2670,3.0
7637,2677,2.0
7638,2677,3.0
7642,2657,1.0
7643,2677,1.0
7644,2668,3.0
7647,2682,1.0
7648,2682,2.0
7651,2682,3.0
7652,2682,4.0
7653,2682,5.0
7657,2686,1.0
7658,2686,2.0
7670,2668,4.0
7673,2696,1.0
7674,2696,2.0
7675,2696,3.0
7676,2696,4.0
7684,2688,1.0
7686,2688,2.0
7687,2698,1.0
7689,2698,2.0
7691,2698,3.0
7705,2702,1.0
7720,2714,1.0
7721,2717,2.0
7722,2717,1.0
7723,2705,1.0
7725,2716,1.0
7726,2705,2.0
7727,2705,3.0
7729,2714,2.0
7735,2717,3.0
7737,2720,1.0
7738,2715,1.0
7739,2720,2.0
7742,2720,3.0
7747,2714,3.0
7749,2714,4.0
7750,2714,5.0
7751,2717,4.0
7752,2717,5.0
7753,2715,2.0
7754,2720,4.0
7755,2715,3.0
7765,2727,1.0
7780,2672,2.0
7781,2363,2.0
7782,2363,3.0
7786,2724,1.0
7787,2724,2.0
7789,2724,3.0
7790,2724,4.0
7815,2737,1.0
7816,2750,1.0
7817,2750,2.0
7818,2750,3.0
7819,2750,4.0
7828,2739,1.0
7834,2755,1.0
7835,2755,2.0
7836,2755,3.0
7837,2755,4.0
7839,2703,1.0
7840,2703,2.0
7841,2703,3.0
7842,2760,1.0
7880,2774,1.0
7881,2774,2.0
7883,2774,3.0
7884,2774,4.0
7885,2774,5.0
7891,2776,1.0
7892,2776,2.0
7894,2776,3.0
7896,2776,4.0
7898,2776,5.0
7899,2777,1.0
7900,2776,6.0
7901,2779,1.0
7902,2699,1.0
7903,2777,2.0
7904,2780,1.0
7905,2777,3.0
7906,2780,2.0
7907,2780,3.0
7908,2780,4.0
7909,2779,2.0
7910,2781,1.0
7912,2776,7.0
7929,2788,1.0
7930,2784,1.0
7933,2788,2.0
7934,2781,2.0
7936,2792,1.0
7937,2781,3.0
7938,2794,1.0
7939,2794,2.0
7940,2794,3.0
7941,2794,4.0
7946,2791,1.0
7947,2760,2.0
7948,2760,3.0
7951,2716,2.0
7952,2792,2.0
7953,2800,2.0
7955,2792,3.0
7956,2792,4.0
7957,2800,1.0
7963,2699,2.0
7966,2806,1.0
7967,2807,1.0
7968,2808,3.0
7969,2716,3.0
7970,2716,4.0
7971,2807,2.0
7972,2791,2.0
7973,2791,3.0
7974,2791,4.0
7975,2791,5.0
7977,2809,2.0
7978,2716,5.0
7979,2807,3.0
7983,2807,4.0
7984,2737,2.0
7986,2813,3.0
7987,2737,3.0
7988,2758,1.0
7989,2758,2.0
7990,2757,1.0
7991,2757,2.0
7992,2757,3.0
7993,2704,1.0
7994,2704,2.0
7995,2704,3.0
7997,2813,4.0
7998,2791,6.0
7999,2791,7.0
8000,2791,8.0
8001,2791,9.0
8002,2791,10.0
8008,2791,11.0
8009,2791,12.0
8011,2791,13.0
8012,2791,14.0
8013,2791,15.0
8014,2791,16.0
8019,2808,2.0
8020,2737,4.0
8021,2823,1.0
8023,2813,2.0
8024,2813,1.0
8025,2809,1.0
8029,2808,1.0
8031,2825,1.0
8032,2761,1.0
8033,2761,2.0
8034,2762,1.0
8035,2762,2.0
8037,2781,4.0
8040,2828,1.0
8045,2823,2.0
8050,2763,1.0
8051,2763,2.0
8054,2764,1.0
8055,2764,2.0
8062,2836,1.0
8074,2815,1.0
8075,2815,2.0
8076,2815,3.0
8081,2816,1.0
8082,2816,2.0
8083,2816,3.0
8093,2842,1.0
8094,2842,2.0
8095,2842,3.0
8101,2844,1.0
8103,2844,2.0
8106,2846,1.0
8109,2846,2.0
8110,2846,3.0
8112,2846,4.0
8113,2846,5.0
8114,2850,1.0
8115,2850,2.0
8117,2850,3.0
8121,2838,1.0
8122,2854,1.0
8123,2817,1.0
8124,2817,2.0
8125,2817,3.0
8126,2817,4.0
8128,2818,1.0
8129,2818,2.0
8130,2818,3.0
8132,2861,1.0
8133,2861,2.0
8134,2861,3.0
8135,2863,1.0
8138,2867,1.0
8139,2838,2.0
8140,2862,1.0
8141,2862,2.0
8142,2862,3.0
8143,2862,4.0
8145,2869,1.0
8146,2869,2.0
8147,2865,1.0
8154,2869,3.0
8155,2863,2.0
8156,2863,3.0
8161,2874,1.0
8162,2863,4.0
8167,2863,5.0
8168,2864,1.0
8169,2875,1.0
8170,2874,3.0
8173,2879,1.0
8178,2879,2.0
8179,2874,4.0
8180,2879,3.0
8184,2865,3.0
8185,2883,1.0
8186,2874,5.0
8187,2883,2.0
8188,2874,2.0
8189,2884,4.0
8190,2875,2.0
8191,2875,3.0
8192,2875,4.0
8193,2875,5.0
8194,2883,3.0
8195,2838,3.0
8204,2893,1.0
8205,2884,1.0
8208,2896,1.0
8209,2896,2.0
8210,2897,1.0
8211,2896,3.0
8212,2896,4.0
8213,2896,5.0
8214,2898,1.0
8215,2756,1.0
8216,2756,2.0
8217,2756,3.0
8218,2898,2.0
8219,2884,3.0
8220,2884,9.0
8221,2899,1.0
8222,2899,2.0
8223,2900,1.0
8224,2900,2.0
8225,2901,1.0
8226,2901,2.0
8227,2902,1.0
8228,2902,2.0
8229,2903,1.0
8230,2903,2.0
8233,2905,1.0
8234,2905,2.0
8235,2906,1.0
8236,2906,2.0
8237,2907,1.0
8238,2907,2.0
8239,2908,1.0
8240,2908,2.0
8245,2897,2.0
8257,2884,2.0
8258,2914,1.0
8259,2914,2.0
8260,2915,1.0
8261,2915,2.0
8262,2915,3.0
8263,2915,4.0
8269,2917,1.0
8270,2914,3.0
8272,2918,1.0
8273,2884,6.0
8274,2865,2.0
8286,2918,2.0
8327,2933,1.0
8331,2858,1.0
8332,2858,3.0
8333,2858,2.0
8334,2858,4.0
8335,2303,2.0
8336,2893,2.0
8341,2884,7.0
8342,2932,1.0
8343,2884,5.0
8345,2940,1.0
8346,2940,2.0
8347,2940,3.0
8348,2940,4.0
8349,2941,1.0
8350,2941,2.0
8351,2941,3.0
8352,2941,4.0
8353,2857,1.0
8354,2857,2.0
8355,2857,3.0
8359,2859,1.0
8360,2859,2.0
8361,2860,1.0
8362,2860,2.0
8363,2860,3.0
8364,2860,4.0
8365,2932,2.0
8366,2324,2.0
8369,2932,3.0
8370,2884,8.0
8379,2953,1.0
8382,2953,3.0
8383,2953,2.0
8388,2952,1.0
8389,2952,2.0
8390,2952,3.0
8394,2959,1.0
8398,2960,1.0
8399,2960,2.0
8404,2963,1.0
8405,2967,1.0
8407,2967,2.0
8415,2971,1.0
8416,2963,2.0
8418,2884,10.0
8422,2963,9.0
8425,2963,8.0
8426,2975,1.0
8427,2973,1.0
8428,2963,6.0
8430,2963,7.0
8431,2963,5.0
8434,2979,1.0
8435,2979,2.0
8442,2963,3.0
8446,2963,4.0
8447,2987,1.0
8449,2981,1.0
8450,2990,1.0
8455,2991,1.0
8461,2934,1.0
8478,3001,1.0
8479,3001,2.0
8480,3001,3.0
8491,2934,2.0
8502,3007,1.0
8503,3007,2.0
8504,3007,3.0
8505,3007,4.0
8506,3007,5.0
8518,2991,2.0
8522,3013,1.0
8524,2990,3.0
8525,2990,2.0
8526,3013,2.0
8527,3013,3.0
8528,2991,3.0
8530,3013,4.0
8531,3014,1.0
8532,3016,1.0
8534,3016,2.0
8536,3014,2.0
8537,3014,3.0
8542,3014,4.0
8544,3018,1.0
8545,3018,2.0
8548,2998,1.0
8549,3014,5.0
8550,3019,2.0
8554,3022,1.0
8555,3013,5.0
8556,3023,1.0
8557,3023,3.0
8558,3023,4.0
8559,3023,5.0
8562,3023,2.0
8563,3020,1.0
8565,3020,2.0
8566,3026,1.0
8567,3026,2.0
8568,3026,3.0
8569,3026,4.0
8570,3027,1.0
8571,3027,2.0
8572,3027,3.0
8573,3028,1.0
8574,3028,2.0
8575,3028,3.0
8576,3028,4.0
8578,3020,3.0
8579,3029,1.0
8580,3029,3.0
8581,3029,4.0
8584,3031,1.0
8585,3031,2.0
8586,3031,3.0
8587,3032,1.0
8588,3032,2.0
8589,3032,3.0
8590,3024,1.0
8592,3019,3.0
8593,3024,2.0
8658,3050,1.0
8660,3051,1.0
8670,3051,2.0
8676,3051,3.0
8681,3029,2.0
8694,3032,4.0
8700,3099,1.0
8708,3099,2.0
8713,3099,3.0
8721,3051,4.0
8727,3117,1.0
8729,3118,1.0
8730,3117,2.0
8731,3117,3.0
8736,3117,4.0
8737,3119,1.0
8738,3119,2.0
8741,3051,5.0
8745,3117,5.0
8746,3118,2.0
8799,3136,2.0
8805,3118,3.0
8813,3136,3.0
8814,3136,4.0
8840,3136,1.0
8841,3118,4.0
8842,3149,3.0
8847,3151,1.0
8848,3151,2.0
8861,3118,5.0
8862,3149,1.0
8863,3149,2.0
8890,3118,6.0
8891,3168,1.0
8893,3164,1.0
8894,3001,4.0
8897,3169,1.0
8900,3169,2.0
8903,3172,1.0
8916,3172,2.0
8927,3153,1.0
8929,3051,6.0
8932,3191,1.0
8933,3191,2.0
8934,3191,3.0
8935,3191,4.0
8936,3191,5.0
8937,3191,6.0
8938,3191,7.0
8939,3192,1.0
8940,3192,2.0
8941,3192,3.0
8942,3192,4.0
8943,3192,5.0
8944,3192,6.0
8945,3192,7.0
8946,3192,8.0
8947,3020,4.0
8948,3190,1.0
8957,3197,1.0
8958,3197,2.0
8960,3190,2.0
8977,3019,1.0
8979,3207,1.0
8980,3208,2.0
8981,3208,3.0
8982,3208,4.0
8983,3208,1.0
8984,2998,2.0
8985,3050,2.0
8989,3212,1.0
8990,3212,2.0
8991,3212,3.0
9007,3211,1.0
9012,3211,2.0
9013,3211,3.0
9014,3211,4.0
9015,3211,5.0
9017,2998,3.0
9018,3212,4.0
9019,3211,6.0
9020,3211,7.0
9021,3211,8.0
9022,3211,9.0
9023,3211,10.0
9024,3212,5.0
9031,3226,1.0
9032,3226,2.0
9033,3226,3.0
9035,3227,3.0
9036,3227,1.0
9037,3213,1.0
9038,3213,2.0
9039,3227,2.0
9040,3213,3.0
9042,3213,4.0
9043,3213,5.0
9050,3231,1.0
9051,3231,2.0
9052,3231,3.0
9055,3213,6.0
9056,3213,7.0
9057,3213,8.0
9058,3213,9.0
9059,3213,10.0
9060,3213,11.0
9063,3215,1.0
9064,3234,1.0
9074,3216,1.0
9075,3216,2.0
9078,3216,3.0
9081,3233,1.0
9082,3233,2.0
9083,3233,3.0
9084,3233,4.0
9085,3233,5.0
9094,3215,2.0
9120,3240,1.0
9125,3240,2.0
9190,3234,2.0
9208,3216,12.0
9213,3263,1.0
9214,3264,1.0
9215,3264,2.0
9219,3217,1.0
9220,3265,1.0
9227,3267,1.0
9229,3217,2.0
9232,3268,1.0
9236,3271,1.0
9241,3272,1.0
9250,3217,3.0
9264,3271,2.0
9265,3274,1.0
9266,3274,2.0
9267,3275,1.0
9268,3217,6.0
9269,3276,1.0
9275,3217,7.0
9276,3277,1.0
9277,3277,2.0
9283,3277,3.0
9292,3195,1.0
9295,3194,1.0
9300,3277,4.0
9303,3286,1.0
9304,3287,1.0
9305,3287,2.0
9306,3287,3.0
9328,3292,1.0
9329,3305,1.0
9330,3292,2.0
9337,3305,2.0
9340,3292,3.0
9342,3292,4.0
9343,3308,1.0
9344,3305,3.0
9345,3307,1.0
9346,3310,1.0
9347,3307,2.0
9348,3292,5.0
9351,3292,6.0
9352,3292,8.0
9357,3292,9.0
9358,3307,3.0
9360,3218,1.0
9362,3218,3.0
9363,3218,4.0
9364,3218,5.0
9368,3218,9.0
9369,3218,10.0
9374,3218,2.0
9375,3311,1.0
9376,3268,2.0
9377,3268,3.0
9379,3313,1.0
9380,3316,1.0
9385,3315,1.0
9387,3315,2.0
9390,3320,1.0
9391,3307,4.0
9392,3293,1.0
9393,3293,2.0
9394,3307,5.0
9395,3293,3.0
9397,3293,4.0
9398,3318,1.0
9401,3322,1.0
9402,3323,1.0
9405,3286,2.0
9680,3395,1.0
9682,3396,1.0
9687,3397,1.0
9692,3398,1.0
9697,3399,1.0
9707,3402,1.0
9720,3292,7.0
9722,3410,1.0
9723,3410,2.0
9724,3293,5.0
9725,3410,3.0
9726,3410,4.0
9729,3293,6.0
9730,3293,7.0
9731,3293,8.0
9732,3412,1.0
9733,3413,1.0
9734,3293,9.0
9735,3293,10.0
9736,3414,1.0
9738,3415,1.0
9743,3296,1.0
9749,3296,2.0
9752,3296,3.0
9762,3425,2.0
9765,3428,1.0
9766,3419,1.0
9767,3296,4.0
9768,3296,5.0
9770,3425,3.0
9771,3430,1.0
9773,3432,1.0
9775,3296,6.0
9776,3296,7.0
9777,3419,2.0
9787,3439,1.0
9790,3439,2.0
9804,3438,1.0
9808,3447,1.0
9809,3439,3.0
9812,3438,2.0
9814,3448,1.0
9815,3449,1.0
9821,3452,1.0
9822,3455,1.0
9824,3457,1.0
9827,3458,2.0
9833,3452,2.0
9835,3457,2.0
9836,3457,3.0
9837,3457,4.0
9838,3457,5.0
9839,3457,6.0
9840,3457,7.0
9841,3457,8.0
9851,3444,1.0
9857,3466,1.0
9858,3468,1.0
9859,3297,1.0
9860,3452,3.0
9872,3472,1.0
9874,3469,1.0
9880,3472,2.0
9881,3476,1.0
9887,3476,2.0
9890,3477,1.0
9892,3477,2.0
9894,3477,3.0
9895,3297,2.0
9899,3297,3.0
9900,3476,3.0
9903,3485,1.0
9904,3485,2.0
9905,3485,3.0
9906,3485,4.0
9907,3485,5.0
9910,3297,4.0
9912,3297,5.0
9913,3297,6.0
9914,3477,4.0
9915,3297,7.0
9921,3488,3.0
9922,3297,8.0
9923,3492,1.0
9924,3492,2.0
9925,3297,9.0
9926,3492,3.0
9928,3492,4.0
9929,3492,5.0
9933,3496,1.0
9934,3492,6.0
9936,3297,10.0
9937,3297,11.0
9963,3295,1.0
9970,3295,2.0
9973,3295,3.0
10000,3295,4.0
10002,3299,1.0
10004,3299,2.0
10005,3295,5.0
10007,3295,6.0
10008,3299,3.0
10012,3299,4.0
10017,3295,7.0
10018,3295,8.0
10019,3295,9.0
10020,3299,5.0
10021,3295,10.0
10022,3299,6.0
10030,3299,7.0
10088,3537,1.0
10089,3537,2.0
10100,3540,1.0
10107,3425,1.0
10108,3455,2.0
10118,3541,1.0
10119,3545,1.0
10120,3545,2.0
10148,3552,1.0
10150,3428,2.0
10153,3432,2.0
10154,3432,3.0
10155,3555,1.0
10172,3559,3.0
10173,3559,4.0
10174,3447,2.0
10175,3559,1.0
10176,3458,1.0
10177,3458,3.0
10183,3488,1.0
10184,3488,2.0
10186,3300,1.0
10187,3555,2.0
10188,3300,2.0
10189,3300,3.0
10205,3300,4.0
10209,3300,5.0
10210,3300,6.0
10211,3300,7.0
10269,3564,1.0
10290,3592,1.0
10294,3564,2.0
10306,3592,2.0
10309,3592,3.0
10323,3611,1.0
10332,3552,2.0
10333,3611,4.0
10334,3552,3.0
10339,3592,4.0
10340,3615,1.0
10343,3559,2.0
10358,3552,4.0
10361,3552,5.0
10378,3625,1.0
10379,3625,2.0
10380,3625,3.0
10382,3625,4.0
10383,3625,5.0
10384,3625,6.0
10385,3625,7.0
10404,3615,7.0
10426,3634,1.0
10427,3634,2.0
10458,3592,5.0
10463,3640,1.0
10465,3640,2.0
10466,3645,1.0
10467,3645,3.0
10468,3645,2.0
10469,3646,1.0
10470,3646,2.0
10471,3646,3.0
10487,3300,8.0
10498,3653,1.0
10533,3300,9.0
10534,3300,10.0
10536,3300,11.0
10538,3300,12.0
10603,3592,6.0
10626,3592,7.0
10632,3649,1.0
10670,3709,1.0
10672,3700,1.0
10675,3700,2.0
10710,3722,1.0
10715,3726,1.0
10736,3730,1.0
10737,3730,3.0
10738,3730,4.0
10741,3730,2.0
10754,3726,2.0
10755,3733,1.0
10756,3733,2.0
10757,3733,3.0
10982,3722,2.0
10983,3799,1.0
10984,3801,1.0
10985,3801,2.0
10986,3801,3.0
10997,3804,1.0
10998,3804,2.0
10999,3804,3.0
11000,3804,4.0
11001,3804,5.0
11002,3804,6.0
11017,3814,1.0
11018,3814,2.0
11031,3821,1.0
11032,3821,2.0
11033,3821,3.0
11065,3836,1.0
11067,3836,2.0
11068,3836,3.0
11069,3836,4.0
11070,3836,5.0
11071,3836,6.0
11074,3837,1.0
11075,3837,2.0
11076,3837,3.0
11077,3837,4.0
11078,3837,5.0
11079,3837,6.0
11132,3850,1.0
11133,3850,2.0
11135,3850,4.0
11137,3850,3.0
11138,3850,5.0
11179,3722,3.0
11191,3874,1.0
11192,3874,2.0
11194,3874,3.0
11217,3653,24.0
11220,3881,1.0
11221,3881,2.0
11222,3881,3.0
11223,3881,4.0
11253,3874,4.0
11254,3874,5.0
11255,3874,6.0
11261,3893,1.0
11294,3799,2.0
11302,3850,6.0
11303,3753,2.0
11304,3753,3.0
11305,3753,4.0
11314,3753,1.0
11316,3915,1.0
11317,3915,2.0
11318,3915,3.0
11319,3915,4.0
11342,3926,1.0
11343,3925,1.0
11344,3925,2.0
11345,3925,3.0
11346,3925,4.0
11347,3925,5.0
11406,3722,4.0
11435,3974,1.0
11436,3974,2.0
11449,3980,1.0
11451,3980,2.0
11452,3980,3.0
11453,3980,4.0
11461,3988,1.0
11464,3996,1.0
11466,3988,2.0
11470,3996,2.0
11481,3996,3.0
11482,3988,3.0
11497,3988,4.0
11512,3893,2.0
11513,3893,3.0
11519,3893,4.0
11520,3893,5.0
11542,3988,5.0
11548,4024,1.0
11549,4024,2.0
11551,4024,4.0
11552,4024,5.0
11553,4024,3.0
11557,4023,1.0
11576,4034,1.0
11578,4023,2.0
11579,4036,1.0
11580,4023,3.0
11581,4023,4.0
11582,4034,2.0
11583,4034,3.0
11599,4021,1.0
11600,4021,2.0
11606,4021,3.0
11651,4057,1.0
11652,4057,2.0
11662,4063,1.0
11669,4066,1.0
11671,4066,2.0
11672,4066,3.0
11673,4066,4.0
11674,4066,5.0
11687,4079,1.0
11688,4078,1.0
11689,4066,6.0
11703,4079,2.0
11775,4109,1.0
11790,4117,1.0
11791,4117,2.0
11792,4117,3.0
11810,3926,2.0
11877,4159,1.0
11883,4162,1.0
11892,3888,1.0
11897,3888,8.0
11938,4181,1.0
11941,4036,8.0
11942,4036,9.0
11943,4181,2.0
11958,4181,3.0
11979,4191,1.0
12004,4036,38.0
12007,4198,1.0
12008,4198,2.0
12057,4215,1.0
12058,4215,2.0
12059,4215,3.0
12071,4219,1.0
12072,4219,2.0
12076,4222,1.0
12078,4223,1.0
12079,4223,2.0
12080,4223,3.0
12081,4223,4.0
12082,4224,1.0
12083,4224,2.0
12084,4224,3.0
12085,4225,1.0
12086,4225,2.0
12087,4225,3.0
12088,4225,4.0
12090,4226,1.0
12091,4226,2.0
12092,4226,3.0
12096,4228,1.0
12097,4228,2.0
12098,4228,3.0
12099,4228,4.0
12100,4229,1.0
12101,4229,2.0
12102,4229,3.0
12103,4229,4.0
12124,4234,1.0
12125,4234,2.0
12126,4234,3.0
12127,4234,4.0
12467,4321,1.0
12485,4371,1.0
12486,4372,1.0
12487,4372,2.0
12488,4372,3.0
12489,4373,1.0
12490,4373,2.0
12491,4373,3.0
12492,4373,4.0
12493,4374,1.0
12494,4374,2.0
12495,4374,3.0
12496,4374,4.0
12497,4375,1.0
12498,4375,2.0
12499,4375,3.0
12500,4375,4.0
12501,4375,5.0
12502,4375,6.0
12503,4376,1.0
12504,4376,2.0
12505,4376,3.0
12506,4377,1.0
12507,4377,2.0
12508,4377,3.0
12509,4377,4.0
12510,4378,1.0
12511,4378,2.0
12512,4378,3.0
12513,4379,1.0
12514,4379,2.0
12515,4379,3.0
12517,4381,1.0
12518,4381,2.0
12519,4381,3.0
12522,4383,1.0
12524,4383,2.0
12526,4385,1.0
12528,4385,2.0
12530,4385,3.0
12532,4385,4.0
12533,4385,5.0
12535,4387,1.0
12537,4387,2.0
12539,4387,3.0
12619,4414,1.0
12620,4414,2.0
13346,4596,1.0
13347,4596,2.0
13348,4596,3.0
13349,4597,1.0
13350,4597,2.0
13351,4597,3.0
13352,4598,1.0
13353,4598,2.0
13354,4598,3.0
13355,4599,1.0
13356,4599,2.0
13357,4599,3.0
13358,4599,4.0
13359,4599,5.0
13360,4600,1.0
13361,4600,2.0
13362,4600,3.0
13363,4600,4.0
13364,4601,1.0
13365,4601,2.0
13366,4601,3.0
13367,4602,1.0
13368,4602,2.0
13369,4602,3.0
13370,4603,1.0
13371,4603,2.0
13372,4603,3.0
13373,4604,1.0
13374,4604,2.0
13375,4604,3.0
13379,4606,1.0
13380,4606,2.0
13381,4606,3.0
13382,4607,1.0
13383,4607,2.0
13384,4607,3.0
13385,4608,1.0
13386,4608,2.0
13387,4608,3.0
13388,4608,4.0
13389,4609,1.0
13390,4609,2.0
13391,4609,3.0
13392,4610,1.0
13393,4610,2.0
13394,4610,3.0
13395,4610,4.0
13396,4611,1.0
13397,4611,2.0
13398,4611,3.0
13399,4611,4.0
14093,4708,1.0
14094,4708,2.0
14099,4708,3.0
14100,4708,4.0
14101,4708,5.0
14102,4708,6.0
14189,4708,7.0
14190,4708,8.0
14191,4708,9.0
14216,4708,10.0
14236,4842,1.0
14238,4842,2.0
14240,4842,3.0
14241,4845,1.0
14243,4845,2.0
14245,4845,3.0
14249,4846,1.0
14250,4846,2.0
14251,4846,3.0
14259,4849,1.0
14260,4849,2.0
14262,4849,3.0
14284,4859,1.0
14303,4868,1.0
14304,4868,2.0
14307,4870,1.0
14308,4870,2.0
14309,4871,1.0
14310,4871,2.0
14337,4878,1.0
14338,4879,1.0
14339,4879,2.0
14340,4879,3.0
14341,4880,1.0
14342,4880,2.0
14343,4880,3.0
14344,4880,4.0
14345,4881,1.0
14346,4881,2.0
14347,4881,3.0
14348,4881,4.0
14355,4883,1.0
14356,4883,2.0
14357,4883,3.0
14358,4884,1.0
14359,4884,2.0
14360,4884,3.0
14361,4884,4.0
14362,4885,1.0
14363,4885,2.0
14364,4885,3.0
14365,4886,1.0
14366,4886,2.0
14367,4886,3.0
14368,4887,1.0
14369,4887,2.0
14370,4887,3.0
14371,4888,1.0
14372,4888,2.0
14373,4889,1.0
14374,4889,2.0
14375,4889,3.0
14376,4889,4.0
14377,4889,5.0
14382,4891,1.0
14383,4891,2.0
15163,4191,2.0
15257,5126,4.0
15259,5126,1.0
15261,5126,2.0
15262,4162,2.0
15263,4162,3.0
15264,4162,4.0
15265,4162,5.0
15266,4162,6.0
15267,5126,3.0
15410,5184,1.0
15418,5190,1.0
15419,5184,2.0
15420,5184,3.0
15422,5193,1.0
15423,5193,2.0
15424,5193,3.0
15425,5193,4.0
15426,5193,5.0
15427,5193,6.0
15428,5193,7.0
15429,5193,8.0
15430,5194,1.0
15431,5194,2.0
15432,5194,3.0
15433,5194,4.0
15434,5194,5.0
15435,5194,6.0
15436,5194,7.0
15437,5195,1.0
15438,5195,2.0
15439,5195,3.0
15440,5195,4.0
15441,5195,5.0
15442,5195,6.0
15443,5196,1.0
15444,5196,2.0
15445,5196,3.0
15446,5196,4.0
15447,5196,5.0
15448,5196,6.0
15449,5197,1.0
15450,5197,2.0
15451,5197,3.0
15452,5197,4.0
15453,5197,5.0
15454,5197,6.0
15455,5197,7.0
15456,5197,8.0
15457,5198,1.0
15458,5198,2.0
15459,5198,3.0
15460,5198,4.0
15461,5198,5.0
15462,5199,1.0
15463,5199,2.0
15464,5199,3.0
15465,5199,4.0
15466,5200,1.0
15467,5200,2.0
15468,5200,3.0
15469,5200,4.0
15470,5200,5.0
15471,5200,6.0
15472,5201,1.0
15473,5201,2.0
15474,5201,3.0
15475,5201,4.0
15476,5201,5.0
15477,5202,1.0
15478,5202,2.0
15479,5202,3.0
15480,5202,4.0
15481,5202,5.0
15482,5202,6.0
15483,5202,7.0
15485,5202,8.0
15487,5204,1.0
15488,5204,2.0
15489,5204,3.0
15490,5204,4.0
15491,5204,5.0
15492,5204,6.0
15493,5204,7.0
15494,5205,1.0
15495,5205,2.0
15496,5205,3.0
15497,5205,4.0
15498,5205,5.0
15499,5205,6.0
15500,5205,7.0
15501,5205,8.0
15502,5206,1.0
15503,5206,2.0
15504,5206,3.0
15505,5207,1.0
15506,5207,2.0
15507,5207,3.0
15508,5207,4.0
15509,5208,1.0
15510,5208,2.0
15511,5208,3.0
15512,5209,1.0
15513,5209,2.0
15514,5209,3.0
15515,5209,4.0
15516,5209,5.0
15517,5209,6.0
15518,5210,1.0
15519,5210,2.0
15520,5210,3.0
15521,5210,4.0
15522,5211,1.0
15523,5211,2.0
15524,5211,3.0
15525,5211,4.0
15526,5212,1.0
15527,5212,2.0
15528,5212,3.0
15529,5212,4.0
15530,5213,1.0
15531,5213,2.0
15532,5213,3.0
15533,5213,4.0
15534,5213,5.0
15535,5213,6.0
15536,5214,1.0
15537,5214,2.0
15538,5214,3.0
15539,5215,1.0
15540,5215,2.0
15541,5216,1.0
15542,5216,2.0
15543,5216,3.0
15544,5217,1.0
15545,5217,2.0
15546,5217,3.0
15547,5217,4.0
15548,5218,1.0
15549,5218,2.0
15550,5219,1.0
15551,5219,2.0
15552,5219,3.0
15553,5219,4.0
15554,5220,1.0
15555,5220,2.0
15556,5220,3.0
15557,5221,1.0
15558,5221,2.0
15559,5222,1.0
15560,5222,2.0
15834,5289,1.0
15835,5289,2.0
15836,5289,3.0
15837,5289,4.0
15838,5289,5.0
15839,5289,6.0
15840,5289,7.0
15841,5290,1.0
15842,5290,2.0
16469,5452,1.0
16470,5452,2.0
16471,5452,3.0
16472,5453,1.0
16473,5453,2.0
16474,5453,3.0
16475,5453,4.0
16476,5454,1.0
16477,5454,2.0
16478,5454,3.0
16479,5455,1.0
16480,5455,2.0
16481,5455,3.0
16482,5455,4.0
16483,5456,1.0
16484,5456,2.0
16485,5456,3.0
16486,5456,4.0
16487,5457,1.0
16488,5457,2.0
16489,5457,3.0
16490,5457,4.0
16491,5457,5.0
16492,5458,1.0
16493,5458,2.0
16494,5458,3.0
16495,5459,1.0
16496,5459,2.0
16497,5459,3.0
16498,5459,4.0
16499,5460,1.0
16500,5460,2.0
16501,5460,3.0
16502,5461,1.0
16503,5461,2.0
16504,5461,3.0
16505,5462,1.0
16506,5462,2.0
16507,5463,1.0
16508,5463,2.0
16509,5463,3.0
16510,5464,1.0
16511,5464,2.0
16512,5464,3.0
16513,5465,1.0
16514,5465,2.0
16515,5465,3.0
16516,5466,1.0
16517,5466,2.0
16518,5466,3.0
16519,5466,4.0
16520,5466,5.0
16521,5467,1.0
16522,5467,2.0
16523,5467,3.0
16524,5467,4.0
16525,5468,1.0
16526,5468,2.0
16527,5468,3.0
16528,5468,4.0
16529,5469,1.0
16530,5469,2.0
16531,5469,3.0
16532,5470,1.0
16533,5470,2.0
16534,5470,3.0
16535,5471,1.0
16536,5471,2.0
16537,5471,3.0
16538,5472,1.0
16539,5472,2.0
16540,5472,3.0
16541,5473,1.0
16542,5474,1.0
16543,5473,2.0
16544,5474,2.0
16545,5473,3.0
16546,5474,3.0
16547,5474,4.0
16548,5474,5.0
16549,5475,1.0
16550,5474,6.0
16551,5475,2.0
16552,5475,3.0
16553,5474,7.0
16554,5475,4.0
16555,5474,8.0
16556,5476,1.0
16557,5476,2.0
16558,5476,3.0
16559,5477,1.0
16560,5477,2.0
16561,5477,3.0
16562,5477,4.0
16563,5478,1.0
16564,5478,2.0
16565,5479,1.0
16566,5479,2.0
16567,5479,3.0
16568,5479,4.0
16569,5480,1.0
16570,5481,1.0
16571,5480,2.0
16572,5481,2.0
16573,5480,3.0
16574,5480,4.0
16575,5481,3.0
16576,5480,5.0
16577,5481,4.0
16578,5481,5.0
16579,5482,1.0
16580,5483,1.0
16581,5483,2.0
16582,5482,2.0
16583,5483,3.0
16584,5482,3.0
16585,5482,4.0
16586,5482,5.0
16587,5484,1.0
16588,5484,2.0
16591,5485,1.0
16592,5486,1.0
16593,5485,2.0
16596,5485,3.0
16597,5485,4.0
16598,5487,1.0
16599,5485,5.0
16602,5488,1.0
16603,5488,2.0
16604,5488,3.0
16605,5489,1.0
16606,5488,4.0
16608,5488,5.0
16609,5490,1.0
16610,5491,1.0
16611,5491,2.0
16612,5490,2.0
16613,5491,3.0
16614,5490,3.0
16615,5492,1.0
16616,5493,1.0
16617,5492,2.0
16618,5492,3.0
16619,5493,2.0
16621,5494,1.0
16622,5494,2.0
16623,5494,3.0
16624,5495,1.0
16625,5495,2.0
16626,5495,3.0
16627,5495,4.0
16628,5495,5.0
16629,5496,1.0
16630,5497,1.0
16631,5496,2.0
16632,5497,2.0
16633,5497,3.0
16634,5496,3.0
16635,5497,4.0
16636,5496,4.0
16637,5498,1.0
16638,5498,2.0
16641,5499,1.0
16644,5500,1.0
16645,5501,1.0
16647,5501,2.0
16649,5501,3.0
16650,5501,4.0
16651,5502,1.0
16653,5502,2.0
16655,5502,3.0
16659,5504,1.0
16660,5504,2.0
16661,5504,3.0
16662,5505,1.0
16781,5532,1.0
16782,5532,2.0
16783,5533,1.0
16784,5533,2.0
16785,5533,3.0
16786,5533,4.0
16787,5533,5.0
16788,5534,1.0
16789,5534,2.0
16790,5534,3.0
16791,5534,4.0
16792,5534,5.0
16793,5535,1.0
16798,5536,1.0
16799,5536,2.0
16800,5536,3.0
16809,5539,1.0
16810,5539,2.0
16811,5539,3.0
16812,5539,4.0
16817,5541,1.0
16919,5565,1.0
16937,5568,1.0
16938,5569,1.0
16939,5569,2.0
16940,5570,1.0
16944,5571,1.0
16953,5576,1.0
16954,5576,2.0
17019,5599,1.0
17089,5568,2.0
17090,5623,1.0
17091,5623,2.0
17092,5623,3.0
17093,5623,4.0
17094,5623,5.0
17095,5624,1.0
17096,5624,2.0
17097,5624,3.0
17098,5624,4.0
17099,5624,5.0
17100,5625,1.0
17101,5625,2.0
17102,5625,3.0
17103,5626,1.0
17104,5626,2.0
17105,5626,3.0
17106,5627,1.0
17107,5627,2.0
17108,5627,3.0
17109,5628,1.0
17110,5628,2.0
17111,5628,3.0
17112,5629,1.0
17113,5629,2.0
17114,5629,3.0
17115,5629,4.0
17116,5629,5.0
17117,5630,1.0
17118,5630,2.0
17119,5630,3.0
17120,5631,1.0
17121,5631,2.0
17122,5632,1.0
17123,5632,2.0
17127,5634,1.0
17129,5636,1.0
17143,5642,1.0
17160,5568,3.0
17193,5657,1.0
17194,5657,2.0
17195,5657,3.0
17196,5657,4.0
17197,5657,5.0
17198,5657,6.0
17199,5657,7.0
17200,5658,1.0
17201,5658,2.0
17202,5658,3.0
17203,5658,4.0
17204,5658,5.0
17205,5658,6.0
17206,5658,7.0
17207,5658,8.0
17208,5658,9.0
17209,5658,10.0
17210,5658,11.0
17211,5659,1.0
17212,5659,2.0
17213,5659,3.0
17214,5659,4.0
17215,5659,5.0
17216,5659,6.0
17217,5659,7.0
17218,5659,8.0
17219,5660,1.0
17220,5660,2.0
17221,5660,3.0
17222,5660,4.0
17223,5660,5.0
17224,5660,6.0
17225,5661,1.0
17226,5661,2.0
17227,5662,1.0
17228,5662,2.0
17229,5662,3.0
17230,5663,1.0
17231,5663,2.0
17232,5663,3.0
17233,5664,1.0
17234,5664,2.0
17235,5665,1.0
17236,5665,2.0
17239,5666,1.0
17240,5666,2.0
17241,5666,3.0
17242,5667,1.0
17243,5667,2.0
17244,5668,1.0
18412,5184,4.0
19284,5190,2.0
19285,6221,1.0
19286,6221,2.0
19287,6221,3.0
19288,6221,4.0
19297,6227,1.0
19299,6227,2.0
19301,6230,1.0
19302,6230,2.0
19311,6242,1.0
19312,6242,2.0
19313,6242,3.0
19314,6242,4.0
19349,6275,3.0
19837,6463,1.0
19838,6463,2.0
19839,6463,3.0
19840,6463,4.0
19841,6464,1.0
19842,6464,2.0
19843,6464,3.0
19844,6465,1.0
19845,6465,2.0
19846,6465,3.0
19847,6465,4.0
19848,6465,5.0
19849,6466,1.0
19850,6466,2.0
19851,6466,3.0
19852,6467,1.0
19853,6467,2.0
19854,6467,3.0
19855,6468,1.0
19856,6468,2.0
19857,6468,3.0
19858,6468,4.0
19859,6468,5.0
19860,6468,6.0
19861,6468,7.0
19862,6468,8.0
19863,6468,9.0
19864,6469,1.0
19865,6469,2.0
19866,6469,3.0
19867,6469,4.0
19868,6470,1.0
19869,6470,2.0
19870,6470,3.0
19871,6471,1.0
19872,6471,2.0
19873,6471,3.0
19874,6471,4.0
19875,6472,1.0
19876,6472,2.0
19877,6472,3.0
19878,6472,4.0
19879,6472,5.0
19880,6473,1.0
19881,6473,2.0
19882,6473,3.0
19883,6473,4.0
19884,6473,5.0
19885,6474,1.0
19886,6474,2.0
19887,6474,3.0
19888,6474,4.0
19889,6475,1.0
19890,6476,1.0
19893,6477,1.0
19911,6480,1.0
19912,6480,2.0
19913,6480,3.0
19914,6481,1.0
19915,6481,2.0
19916,6482,1.0
19917,6482,2.0
19919,6482,4.0
19920,6482,5.0
19921,6483,1.0
19927,6484,1.0
19928,6484,2.0
19929,6484,3.0
19930,6485,1.0
19931,6485,2.0
19932,6485,3.0
19933,6486,1.0
19934,6487,1.0
19935,6487,2.0
19936,6487,3.0
19937,6487,4.0
19938,6488,1.0
19944,6489,1.0
19949,6491,1.0
19951,6492,1.0
19961,6496,1.0
20004,6263,1.0
20005,6263,2.0
20007,6264,1.0
20048,6511,1.0
20049,6511,2.0
20050,6511,3.0
20052,6520,1.0
20053,6520,2.0
20054,6520,3.0
20105,6530,2.0
20177,6530,1.0
20178,6530,3.0
20538,6665,1.0
20567,6668,1.0
20568,6668,2.0
20569,6668,3.0
20570,6668,4.0
20571,6668,5.0
20618,6693,1.0
20626,6462,1.0
20627,6462,3.0
20629,6462,2.0
20649,6559,2.0
20652,6275,5.0
20917,6791,1.0
20935,6796,1.0
20936,6796,2.0
21034,6830,1.0
21065,6275,6.0
21067,6842,1.0
21069,6843,1.0
21109,6275,1.0
21110,6275,2.0
21111,6461,1.0
21112,6461,2.0
21113,6461,3.0
21114,6275,4.0
21115,6461,4.0
21121,6461,5.0
21124,6275,7.0
21128,6275,8.0
21133,6870,1.0
21134,6870,2.0
21136,6275,10.0
21157,6275,9.0
21158,6275,11.0
21159,6275,12.0
21166,6879,1.0
21167,6879,2.0
21364,6934,1.0
21500,6976,1.0
21501,6559,1.0
21508,6996,1.0
21509,6996,2.0
21518,6996,3.0
21523,7004,1.0
21526,7004,3.0
21527,7004,4.0
21528,7004,5.0
21544,7012,1.0
21545,7012,2.0
21552,7012,3.0
21556,7004,2.0
21560,7013,1.0
21573,7023,1.0
21580,7022,1.0
21788,7133,1.0
21795,6265,1.0
21797,6265,3.0
21804,7133,2.0
21978,7262,1.0
21984,7262,2.0
