course_id,exercise_id,position
1,51,1
1,49,2
1,53,3
1,54,4
1,56,1
1,57,2
1,81,3
1,82,4
1,88,5
1,89,6
1,90,7
1,92,8
1,93,9
1,95,10
1,96,1
1,97,2
24,213,1
15,137,1
15,194,2
20,148,1
20,152,2
20,186,1
20,154,2
20,158,1
26,342,1
29,187,1
29,190,1
29,189,1
29,193,2
25,377,1
25,307,2
25,382,3
28,353,1
28,368,2
28,393,3
31,218,1
31,232,1
31,231,2
31,233,3
31,234,1
31,235,2
31,236,3
32,330,1
33,440,1
34,469,1
34,476,1
34,474,1
35,425,1
35,398,1
35,428,1
35,427,1
35,448,1
35,456,1
35,462,1
35,463,1
35,465,1
35,466,1
36,361,1
36,346,1
38,144,1
38,132,2
38,141,3
38,145,1
38,153,2
38,256,3
38,149,4
38,159,1
38,156,2
38,155,3
41,498,1
41,499,2
41,515,1
43,506,1
43,522,2
43,497,1
44,563,2
50,597,1
50,606,1
50,608,1
41,523,1
41,524,1
41,526,1
41,528,2
41,548,3
51,629,1
50,620,1
50,609,1
57,738,1
57,743,2
57,739,1
57,753,1
57,759,2
57,761,3
57,769,4
57,757,1
57,756,2
57,776,1
57,784,1
57,778,1
57,767,1
57,762,2
57,793,1
61,555,1
61,633,2
61,652,3
61,675,4
61,746,5
61,802,6
61,828,7
61,871,8
67,952,1
67,953,2
67,954,1
67,951,1
67,955,2
67,956,3
67,957,4
67,958,5
67,959,1
67,960,2
67,961,3
67,962,1
67,963,1
60,836,1
61,947,1
61,950,2
72,883,1
72,1025,1
72,885,1
72,1022,1
72,926,2
75,678,1
75,725,2
75,786,1
75,870,2
75,1014,3
75,1033,1
75,1050,2
76,505,1
76,527,2
76,618,3
76,834,4
76,839,5
76,850,6
76,867,7
76,882,8
68,842,1
68,892,2
68,918,1
68,919,2
68,920,3
68,899,1
68,907,2
68,924,1
68,928,2
68,933,3
68,939,4
68,965,1
68,968,2
68,988,1
71,1054,1
84,1107,1
85,148,1
85,152,2
85,154,3
85,186,1
85,158,2
85,609,3
85,203,5
93,352,1
14,922,1
14,909,2
84,1116,1
84,1125,2
85,171,1
85,172,2
85,173,3
85,122,4
85,119,5
85,133,1
85,140,2
85,157,3
85,1137,4
85,167,1
85,166,2
85,161,3
85,168,4
85,170,5
85,169,6
85,1150,7
85,1157,8
85,937,1
85,1119,2
85,1144,3
85,1159,4
85,222,5
85,1151,6
95,717,1
95,719,2
95,723,3
95,720,4
95,722,1
95,724,2
95,763,3
95,946,1
95,969,2
60,880,1
60,897,2
60,49,3
60,51,4
60,53,5
60,54,6
60,840,1
60,876,2
60,877,3
60,96,4
60,97,5
60,794,6
60,805,7
60,800,8
60,796,1
60,848,2
60,795,3
60,803,4
60,56,1
60,57,2
60,81,3
60,82,4
60,88,5
60,89,6
60,90,7
60,92,8
60,93,9
60,95,10
60,798,11
60,909,1
60,922,2
85,137,1
85,194,2
85,279,3
85,299,4
85,881,5
85,1116,6
85,1107,7
85,1125,8
85,930,9
54,750,1
54,772,2
54,1148,3
54,1051,4
54,1093,5
54,1130,6
54,1155,7
60,207,1
60,206,2
60,192,3
60,175,4
60,118,5
60,103,6
60,70,7
60,900,8
60,815,1
60,838,2
85,1170,1
85,174,2
85,1134,3
85,1156,4
85,1145,5
85,1139,6
97,1151,1
97,152,2
97,1160,3
60,192,1
60,99,1
50,611,1
102,1112,2
102,1160,3
102,827,1
102,1006,2
102,1008,3
102,1015,4
102,148,1
102,152,2
102,1052,1
102,1103,2
102,1113,3
102,440,4
102,187,1
102,189,2
102,193,3
102,190,4
102,186,1
102,154,2
103,677,1
103,692,2
103,747,3
103,721,4
103,760,5
103,782,6
103,797,7
103,809,8
103,774,9
104,934,1
104,1104,2
104,1117,3
104,1171,4
104,1172,5
104,1142,6
104,1178,7
104,1181,8
105,1180,1
105,890,2
105,1166,3
105,1168,4
105,1187,5
109,823,1
109,841,2
110,750,1
110,772,2
110,1148,3
110,1051,4
110,1093,5
110,1130,6
110,1155,7
111,498,1
111,499,2
111,515,3
111,523,4
111,524,5
111,526,6
111,528,7
111,548,8
112,497,1
112,506,2
112,522,3
112,535,4
112,536,5
112,543,6
112,603,7
112,660,8
112,659,9
113,1198,1
113,1194,1
121,69,1
121,61,1
77,984,1
77,1031,2
77,1041,3
77,1101,4
77,1105,5
77,1111,6
77,1169,7
77,1188,8
77,1279,9
77,1291,10
122,1250,2
124,1103,1
124,1162,1
124,1127,2
124,1096,3
124,1054,4
124,1331,1
124,1333,1
125,611,1
125,203,2
125,154,1
125,402,2
125,152,1
125,1352,2
71,1096,1
71,1127,2
71,1162,3
127,85,1
128,342,1
128,478,1
128,483,2
128,485,1
128,495,1
128,490,1
75,1067,1
113,1308,1
122,1300,1
132,1403,1
132,1419,2
132,1452,3
138,1504,1
136,1502,1
136,1503,1
15,279,1
15,299,2
15,1244,3
15,1253,4
95,818,1
95,819,2
95,908,3
95,929,4
141,1605,1
141,1606,2
141,1607,3
141,1526,1
141,1542,2
141,1603,3
138,1515,1
138,1516,1
138,1591,2
138,1517,1
138,1518,2
144,1552,1
144,1547,1
144,1176,1
144,1193,1
144,1630,1
144,1183,1
69,1061,1
69,1080,2
69,1106,3
69,1124,4
69,1140,5
69,1186,6
69,1203,7
144,1686,1
144,1687,1
144,1190,1
144,1717,1
148,1693,1
148,1708,1
148,1709,1
148,1713,1
148,1715,1
85,1250,1
85,1133,2
69,1301,1
69,1395,2
69,1405,3
69,1406,4
69,1492,5
69,1493,6
69,1621,7
69,1673,8
32,305,1
32,252,2
138,1655,1
138,1656,2
138,1657,1
99,1686,1
99,1687,1
132,1497,1
132,1509,2
132,1634,3
132,1650,4
132,1695,5
132,1810,6
132,1867,7
102,196,1
102,1133,2
102,140,3
102,157,4
102,167,6
102,122,7
158,196,1
158,1133,2
158,157,3
158,140,4
158,166,5
158,174,6
158,167,7
158,168,8
158,170,9
158,171,10
158,172,11
158,122,12
158,70,1
158,103,2
158,118,3
158,175,4
158,192,5
158,206,6
158,207,7
158,208,8
158,209,9
158,937,1
158,1119,2
158,1144,3
158,1159,4
158,1208,5
158,1221,6
158,187,1
158,189,2
158,193,3
158,190,4
158,1552,1
158,1630,2
158,1547,3
158,1190,4
158,1183,5
158,1193,6
158,1176,7
158,1686,8
158,1687,9
158,1327,1
158,1383,2
158,1397,3
158,1455,4
158,1456,5
158,1472,1
158,1474,2
158,1548,4
158,1632,5
158,1642,6
158,1628,7
158,1685,8
158,1697,9
158,1786,10
158,148,1
158,152,2
158,154,3
158,203,5
158,186,6
158,1764,1
158,1768,2
158,1837,3
158,1845,4
158,1305,5
158,1160,7
159,1250,1
159,140,2
159,161,1
165,1984,1
165,1988,1
165,1991,1
165,1999,1
180,232,1
180,235,1
180,234,1
180,1624,2
180,1625,3
180,1654,4
180,236,1
180,1504,1
180,1984,2
180,1988,3
180,231,1
180,1991,2
180,233,1
180,1999,2
165,2014,1
165,2015,1
165,2024,1
165,2033,1
165,2037,1
184,1946,1
184,1992,1
184,1994,1
184,1996,1
138,1658,1
165,2036,1
165,2054,1
165,2069,1
165,2072,1
165,2075,1
32,344,1
32,375,2
32,379,1
32,405,2
32,421,1
32,436,2
32,454,1
50,607,1
107,1177,1
107,1182,2
107,1191,3
107,930,4
202,534,1
202,625,2
202,638,3
202,641,4
202,644,5
202,649,6
202,651,7
202,669,8
202,693,9
202,695,10
202,799,11
202,822,12
202,879,13
202,970,14
202,1075,15
202,1201,16
108,700,1
108,1664,2
108,1466,3
108,1635,4
212,1052,1
212,1103,2
212,1113,1
212,816,2
214,1331,1
214,1474,2
214,1548,1
214,1594,2
214,1628,3
214,1642,4
215,937,1
214,1697,2
214,1786,3
213,2120,1
215,1119,1
215,1144,2
213,2118,1
216,1333,1
215,1159,1
215,1208,2
215,1221,3
216,1982,1
216,2045,2
161,1891,1
161,1894,2
216,2190,1
197,883,1
197,1025,2
197,1022,3
197,926,4
197,885,5
161,1948,1
161,2191,1
161,1931,1
218,796,1
218,848,2
218,795,3
218,803,4
218,798,5
218,800,6
218,836,7
218,717,1
218,719,2
218,723,3
218,720,4
218,722,5
218,724,6
218,763,7
218,818,8
218,819,9
218,908,10
218,929,11
218,946,12
218,969,13
217,1047,1
218,1675,1
218,1381,2
218,1423,3
218,1454,4
218,1481,5
218,1522,6
218,1604,7
197,49,1
197,51,2
197,53,3
197,54,4
217,1084,1
197,56,1
197,57,2
197,81,3
197,82,4
197,88,5
197,89,6
197,90,7
197,92,8
197,93,9
197,95,10
197,97,1
197,96,2
217,1122,1
217,1147,2
219,1193,1
219,1552,1
219,1151,2
219,1176,1
219,1190,1
219,1183,2
219,1630,1
219,1686,2
219,1687,3
219,1717,4
196,218,1
220,1403,1
196,232,1
196,231,2
196,233,3
196,1754,1
196,234,1
196,235,2
196,236,3
196,481,4
196,70,1
196,103,2
196,118,3
196,175,4
196,192,5
196,206,6
196,207,7
196,208,8
196,209,9
220,1419,1
220,1497,1
220,1650,2
220,1452,1
220,1509,2
220,1634,3
220,1695,4
220,1810,5
220,1867,6
215,1919,1
215,1924,2
215,1936,3
217,1163,1
217,1175,2
221,1605,1
221,1606,2
221,1607,3
203,678,1
203,725,2
203,786,1
203,870,2
203,1014,3
203,1050,1
203,1033,2
203,1067,1
198,196,1
198,1133,2
198,133,1
198,1300,2
198,1404,3
198,171,1
198,172,2
198,173,3
198,122,4
198,119,5
198,174,1
198,1839,2
198,1848,3
198,1139,1
198,642,2
198,1170,3
198,161,1
198,166,2
198,167,3
198,168,4
198,169,5
198,170,6
198,1134,7
198,148,1
198,2068,2
198,152,3
198,154,4
211,738,1
211,743,2
211,739,3
211,744,4
211,752,5
211,753,6
211,759,7
211,761,8
211,769,9
211,756,10
211,757,11
211,784,12
211,776,13
211,778,14
211,767,15
211,762,16
211,793,17
211,1504,1
211,1515,2
211,1516,3
211,1591,4
211,1517,5
211,1518,6
211,1653,7
211,1654,8
211,1651,9
211,1652,10
211,1655,11
211,1656,12
211,1657,13
211,1658,14
211,1984,1
211,1988,2
211,1516,3
211,1999,4
211,2014,5
211,2015,6
211,2024,7
211,2033,8
211,2036,9
211,2037,10
211,2054,11
211,2069,12
211,2072,13
211,2075,14
222,503,1
222,504,2
222,570,3
222,572,1
222,571,2
222,1796,3
222,1643,1
222,573,2
222,574,3
201,934,1
201,1104,1
201,1117,1
201,1171,1
201,1172,2
201,1142,3
201,1178,1
201,1181,2
223,677,1
223,692,1
223,747,1
223,721,1
223,760,2
223,782,3
223,797,1
223,809,2
224,1180,1
224,890,1
224,1778,2
224,1166,1
224,1168,2
224,1187,3
224,1287,4
224,1846,1
223,774,1
221,1608,1
221,1609,2
221,2237,3
141,1608,1
141,1609,2
141,2237,3
125,148,1
125,1350,2
227,1052,1
227,1103,2
227,1113,1
227,440,2
227,1331,1
227,1474,2
227,1333,1
209,2199,1
209,2217,1
209,2236,1
190,2107,1
190,2356,2
190,2109,3
190,2110,1
194,2341,1
194,2342,2
194,2367,3
194,2349,4
194,2350,5
234,1305,1
237,2396,1
209,2406,1
241,2101,1
241,2032,2
241,2361,1
241,2255,2
255,2013,1
258,2441,1
258,2442,1
258,2443,1
267,2449,1
267,2451,2
267,2459,3
64,2370,1
64,1103,2
194,2505,1
194,2373,2
194,2388,3
194,2372,4
194,2405,5
32,481,1
228,2476,1
228,2473,2
228,2341,1
228,2342,2
228,2505,1
228,2367,2
228,2373,3
228,2388,4
228,2372,5
228,2405,6
228,2471,1
228,2475,2
228,2478,3
228,2445,4
228,2464,5
228,2149,1
228,2477,2
228,2525,1
228,2349,2
228,2499,3
228,2512,4
228,2500,5
202,881,1
202,2209,2
202,1107,3
202,1116,4
202,1125,5
280,2604,1
280,2622,1
280,2629,2
280,2496,1
283,148,1
283,2068,2
283,152,1
283,2380,2
255,2342,1
255,2367,3
255,2372,4
255,2381,5
255,2254,6
255,2276,7
255,2455,8
255,2371,9
158,1333,1
158,1982,2
158,2045,3
158,2544,4
158,2545,5
158,2190,6
158,1891,1
158,1894,2
158,1931,3
158,1948,4
158,2191,5
158,2199,1
158,2217,2
158,2236,3
158,2406,4
158,1314,1
158,2198,2
158,2180,3
158,2408,4
158,2163,5
158,2449,6
158,2182,7
158,2404,8
158,164,9
158,2314,10
158,2448,11
158,2515,12
158,2611,13
158,2507,15
158,2504,16
158,2502,17
158,2370,1
158,1103,2
158,1113,3
158,440,4
237,2483,1
237,1943,2
237,1905,3
280,2702,1
126,1314,1
124,2370,1
224,2368,1
224,2413,2
224,1294,3
228,2776,1
228,2013,2
228,1456,3
228,1327,4
228,2416,5
228,2412,6
228,2774,1
228,2344,2
228,2343,3
54,677,1
54,692,2
54,747,3
54,721,4
54,760,5
54,782,6
54,2813,7
54,797,8
54,809,9
54,774,10
280,2791,1
280,2788,1
303,2760,1
303,2794,2
303,2714,1
303,2780,2
301,2825,1
301,2806,1
301,2836,1
301,2846,2
288,2861,1
288,2862,2
288,2655,1
288,2662,2
288,2661,3
288,2663,4
288,2703,1
288,2704,2
288,2755,3
288,2756,4
288,2857,5
288,2858,6
288,2757,1
288,2758,2
288,2761,3
288,2762,4
288,2763,5
288,2764,6
288,2815,1
288,2816,2
288,2817,3
288,2818,4
288,2859,1
288,2860,2
288,2514,1
288,2519,2
288,2522,3
288,2607,4
288,2688,5
288,2698,6
288,2609,7
288,2612,8
288,2613,9
304,2657,1
304,2699,2
304,2727,5
304,2739,6
307,2899,1
307,2900,2
307,2901,3
307,2902,1
307,2903,2
307,2905,3
307,2906,4
307,2907,1
307,2908,2
308,2809,1
308,2864,2
228,2896,1
228,2844,2
228,2850,3
228,2883,4
288,2940,1
288,2941,2
161,2844,1
318,279,1
318,299,2
318,300,3
318,1253,4
318,137,1
318,1177,2
318,1182,3
318,194,4
318,1191,5
318,534,1
318,625,2
318,638,3
318,641,4
318,644,5
318,649,6
318,651,7
318,669,8
318,693,9
318,695,10
318,799,11
213,2959,1
158,2959,1
158,2118,2
158,2120,3
124,1113,1
124,440,2
124,2854,3
124,2828,4
124,2917,5
25,273,1
25,277,2
25,278,3
25,275,4
25,312,5
25,2952,6
25,1863,7
25,2670,1
25,2705,2
322,2516,1
322,2614,2
322,2610,1
322,2611,1
322,2515,1
322,2507,1
322,2504,2
322,2502,3
324,2303,1
324,3024,4
318,881,1
318,1125,2
318,1107,3
318,1116,4
329,2612,1
329,2613,2
332,1105,1
342,3050,1
345,223,1
14,769,1
14,131,3
14,761,1
14,753,2
14,743,3
14,738,4
14,759,5
350,3050,1
349,747,1
349,677,1
360,3227,1
360,3233,2
360,3018,1
280,3233,1
54,823,1
54,841,2
54,2672,3
54,1943,4
54,1905,5
364,1690,1
210,1191,1
367,1931,1
367,3216,3
324,2893,1
324,3169,3
369,3267,1
369,3272,2
377,2908,1
369,3275,1
369,3308,2
369,2103,3
369,3310,4
383,3227,1
383,3207,3
383,3172,1
383,3316,1
383,3313,2
369,3311,1
369,3313,2
369,3316,3
369,3318,4
369,3322,5
369,3323,6
388,3305,1
390,3016,1
390,2672,1
369,3448,1
369,2388,2
369,3449,3
369,2445,4
369,3466,5
369,3468,1
369,3469,2
405,2304,1
405,2867,1
405,2869,1
405,2879,1
405,2897,1
405,2918,1
407,1333,1
407,1982,1
407,2045,2
407,2190,1
407,2544,1
407,2545,2
407,2715,1
407,2724,2
407,2777,3
408,1119,1
408,1144,2
408,1159,1
408,1208,2
408,1221,3
408,937,1
408,627,2
408,377,1
408,2368,2
408,41,3
408,1919,1
408,1924,2
408,1936,3
408,2317,4
408,2363,5
408,3396,6
408,3397,7
408,3398,8
408,3399,9
408,2808,10
408,2915,11
408,2953,12
408,3016,14
408,2874,1
408,2875,2
408,1130,3
408,2338,4
388,3119,1
388,159,3
388,3452,2
411,2370,1
411,766,1
410,1036,1
410,1037,2
410,887,3
410,888,4
410,886,5
410,889,6
410,497,1
410,506,2
410,522,3
410,535,1
410,536,2
410,543,3
410,603,4
410,660,5
410,659,6
412,148,1
412,152,2
411,1113,1
411,440,2
411,2917,3
411,2854,4
411,2828,5
412,186,1
412,154,2
412,203,2
412,158,1
409,497,1
409,741,1
409,535,1
409,536,2
409,543,3
409,603,4
409,660,5
409,659,6
413,2551,1
409,506,1
409,1036,3
409,1037,4
409,887,5
409,888,6
409,886,7
409,889,8
413,2696,1
413,2668,1
413,1970,2
413,1950,3
413,2102,4
413,2103,5
413,2222,1
413,2222,1
414,1950,1
414,1970,2
414,2102,1
414,2103,2
414,2222,1
415,885,1
421,347,1
421,341,1
421,408,1
421,1218,1
421,1219,1
421,1220,1
427,2899,1
431,457,1
369,1327,1
369,1383,2
369,1397,3
369,1455,4
369,1456,5
434,3541,1
432,3447,1
432,3458,2
432,3428,1
432,3432,2
432,3492,1
432,3485,1
149,1745,1
149,1744,2
149,1746,3
149,110,1
149,1764,1
149,1768,2
149,3496,3
149,3439,4
149,1837,5
149,1845,6
149,1850,7
149,1869,1
149,3444,1
149,1880,1
149,221,1
149,1762,1
149,1765,2
149,1841,3
149,1844,4
7,1133,3
7,3023,7
7,3018,8
7,1156,10
7,3029,4
7,1137,6
7,619,1
7,3013,2
149,1727,1
149,174,2
149,1839,3
149,1848,4
53,1051,1
53,1093,2
210,1253,2
3,60,1
3,67,2
3,71,3
3,76,4
3,80,1
3,99,2
3,100,3
3,101,1
3,102,2
432,3425,1
432,3438,2
432,3419,3
432,3545,4
432,3564,5
448,570,1
448,504,2
448,503,4
448,1796,1
448,571,2
448,574,1
448,1793,1
448,1792,2
448,573,4
436,300,1
451,213,1
432,3634,1
432,3455,2
432,3488,3
453,3611,1
453,3615,2
130,1327,1
130,1383,1
130,1397,1
130,1455,1
130,1456,1
369,3412,1
369,3413,2
369,3414,3
369,3415,4
369,3430,5
369,2222,6
369,2991,1
369,2716,2
20,203,1
326,3268,1
326,3195,2
326,3276,3
326,3286,4
326,3194,5
326,3287,1
326,3265,2
326,3402,3
326,3234,1
465,1504,1
53,3645,1
53,3646,2
53,3552,3
53,3709,5
53,3649,6
460,279,1
460,1244,2
460,300,3
460,1253,4
460,299,7
460,137,1
460,3191,2
460,3192,3
460,1182,4
460,194,5
460,930,6
460,534,1
460,625,2
460,638,3
460,641,4
460,644,5
460,649,6
460,651,7
460,669,8
460,693,9
460,695,10
460,799,11
460,822,12
460,970,14
460,1075,15
460,1201,16
460,881,17
460,1116,18
460,1125,19
460,2209,20
460,1107,21
53,3537,1
53,2396,2
53,3559,3
53,1905,4
53,3730,5
53,3592,1
53,3640,2
53,3733,1
475,497,1
475,506,2
475,522,3
475,535,4
475,536,5
475,543,6
475,603,7
475,660,8
475,659,9
475,196,1
475,133,2
475,140,3
475,157,4
475,143,5
475,161,6
475,166,7
475,167,8
475,168,9
475,169,10
475,170,11
475,171,12
475,172,13
475,173,14
13,61,2
13,3018,3
13,69,4
13,3023,5
13,3026,6
13,3027,7
13,3028,8
13,3029,9
13,3032,10
13,3031,1
13,178,2
13,3208,1
13,78,2
13,3226,3
13,3019,4
13,181,1
13,3153,2
13,3020,3
13,3051,4
13,3227,5
13,120,6
13,3207,7
13,3022,8
13,121,9
13,3007,1
13,3264,2
13,3263,3
13,3168,4
13,3231,5
13,3164,6
13,3197,7
13,3172,8
13,3118,9
13,3191,1
13,3014,2
13,3192,3
13,3212,4
13,3001,5
13,3119,6
13,3190,7
13,3013,2
13,222,3
475,937,1
475,1119,2
475,1144,3
475,1159,4
475,1208,5
475,1221,6
475,1919,7
475,1924,8
475,1936,9
475,2317,10
475,2363,11
475,1130,12
475,2338,13
475,3804,14
53,3821,1
484,1654,1
484,1652,2
484,1651,3
484,1518,4
484,1517,5
484,1516,6
484,1515,7
484,196,8
475,1170,1
475,221,2
475,3700,3
475,3726,4
475,2306,5
475,2324,6
475,152,7
475,3837,9
475,3814,10
475,3136,1
475,3117,2
475,3099,3
475,3151,4
475,3149,5
475,3277,6
475,2883,1
475,2406,2
475,2850,3
475,2341,1
475,2342,2
475,2367,3
475,2350,4
475,2373,5
475,2388,6
475,2372,7
475,2405,8
475,2471,9
475,2475,10
475,2478,11
475,2445,12
475,3836,13
475,2343,14
475,2169,15
326,3271,1
326,3274,2
453,3653,1
453,3881,2
507,1047,1
507,1084,2
507,1122,3
507,2699,4
507,2739,5
507,2808,1
507,816,1
508,1515,1
515,61,1
521,1891,4
521,879,6
521,194,12
521,137,13
522,61,1
525,2963,1
525,3925,2
525,2990,3
526,61,1
107,279,1
107,299,2
107,1244,3
107,1253,4
107,3753,5
529,1504,1
531,61,1
432,4024,1
432,3476,2
352,677,1
352,692,2
352,934,1
352,144,2
544,1504,1
138,1651,1
138,1652,2
138,1653,1
138,1654,2
548,1181,1
548,1178,2
548,1172,3
548,934,4
548,819,5
548,717,6
548,144,7
507,2727,1
507,1294,2
507,1130,3
551,346,1
551,361,1
551,1503,1
551,1502,2
542,69,1
542,61,2
542,1250,3
542,1133,4
542,222,5
542,196,6
542,177,7
542,168,8
542,167,9
542,166,10
542,161,11
542,157,12
542,148,13
542,140,14
542,133,15
542,78,16
471,3292,2
471,3293,3
471,3295,4
471,3296,5
471,3297,1
471,3299,3
471,3300,4
562,3974,1
562,3980,1
562,3996,1
562,3988,1
562,4023,1
577,926,2
577,209,3
577,208,4
577,207,5
577,206,6
577,192,7
577,175,8
577,118,9
577,103,10
577,70,11
577,170,1
577,1133,2
577,1744,4
577,3029,5
577,229,6
577,69,7
577,1848,8
577,3455,10
577,1926,11
577,1729,12
577,1170,13
577,157,14
577,1137,15
577,387,16
577,352,17
577,347,18
577,224,20
577,221,21
577,196,22
577,169,23
577,168,24
577,148,25
577,143,26
577,140,27
577,133,28
577,122,29
577,110,30
577,61,33
577,2530,1
577,2529,2
577,2333,3
577,2267,5
577,2266,6
577,2265,7
577,2147,9
577,2146,10
577,2144,11
577,2143,12
577,563,13
577,428,14
578,61,1
580,651,1
580,649,2
580,644,3
580,641,4
580,638,5
580,625,6
580,534,7
576,1504,1
576,1515,1
576,1591,1
576,1518,1
84,881,1
584,2139,1
584,2141,2
584,2142,3
584,2146,1
584,563,2
584,2147,3
584,2529,1
584,2530,2
584,2143,1
584,2144,2
584,2266,3
584,2145,4
584,2267,5
584,2333,6
584,2265,7
142,1548,1
142,1594,2
142,1628,3
142,1642,4
142,1685,1
142,1697,2
142,1786,3
142,2960,1
142,3240,1
142,2737,2
204,1314,1
204,2202,2
204,2198,3
204,2206,4
204,2407,5
204,2159,1
204,2163,2
204,2408,3
204,2449,4
204,2182,5
204,2374,6
204,2451,7
204,2314,1
204,2448,2
204,2424,1
204,2410,2
204,2779,1
204,2800,2
204,2784,3
204,2792,1
204,2838,1
183,1333,1
183,1982,1
183,2045,2
183,2190,1
183,2544,1
183,2545,2
183,2715,1
183,2724,2
183,2777,3
64,1113,1
64,816,2
64,2854,3
64,2828,4
64,2917,5
96,503,1
96,504,2
96,570,3
96,572,1
96,571,2
96,573,1
96,574,2
54,934,1
54,1104,2
54,1117,3
54,1171,4
54,1172,5
54,1142,6
54,1178,7
54,1181,8
54,1180,1
54,890,2
54,1778,3
54,1166,4
54,1168,5
54,1187,6
54,1287,7
54,1846,8
54,2368,9
54,2413,10
54,1294,11
54,937,1
54,1119,2
54,1144,3
54,1159,4
54,1208,5
54,1221,6
54,1919,7
54,1924,8
54,1936,9
54,2317,10
54,2363,11
54,1130,12
54,2338,13
54,1177,1
54,1182,2
54,1191,3
54,279,4
54,299,5
54,881,6
54,1116,7
54,1107,8
54,1125,9
54,930,10
54,700,1
54,1466,2
54,1194,3
54,1664,4
54,1635,5
54,498,1
54,499,2
54,515,3
54,523,4
54,524,5
54,526,6
54,528,7
54,548,8
54,497,1
54,506,2
54,522,3
54,535,4
54,536,5
54,543,6
54,603,7
54,660,8
54,659,9
256,2306,1
256,2324,2
256,152,3
256,2380,4
256,2304,1
256,2341,1
256,2342,1
256,2367,2
256,2350,3
256,2373,4
256,2388,5
256,2372,6
256,2405,7
256,2343,1
256,2149,2
256,2169,3
256,2406,1
256,2850,2
256,2883,3
428,2963,1
428,3925,2
428,2990,3
428,3801,1
428,3700,2
428,3726,3
428,3117,1
428,3136,2
428,3099,3
428,3151,4
428,3149,5
428,3277,1
428,2914,2
428,3320,1
428,3874,2
428,3850,3
428,3307,4
302,2807,1
302,2823,2
302,2865,3
302,2898,4
302,2979,5
302,2932,6
302,2998,7
135,1675,1
135,1381,1
135,1423,1
135,1454,1
135,1481,1
135,1522,1
135,1604,1
73,827,1
73,1006,2
73,1008,1
73,1015,2
73,1023,3
73,1063,1
73,1065,2
73,1064,3
73,1081,4
73,1053,1
73,1055,2
73,1060,3
73,1026,1
73,1029,2
73,1039,3
73,1042,1
73,1044,2
73,1046,3
73,1049,4
107,534,1
107,625,2
107,638,3
107,641,4
107,644,5
107,649,6
107,651,7
107,669,8
107,693,9
107,695,10
107,799,11
366,2918,1
366,2897,1
366,2879,1
366,2869,1
366,2867,1
366,148,1
366,152,2
366,2304,3
590,2306,1
590,2324,2
590,2934,3
590,2807,1
590,2823,2
590,2865,3
590,2898,4
590,2998,5
590,2932,6
590,2979,7
590,3117,1
590,3099,2
590,3136,3
590,3151,4
590,3149,5
591,167,1
591,166,2
591,161,3
591,170,4
591,169,5
591,1805,6
591,1157,7
592,2963,1
592,3925,2
592,2990,3
592,3801,1
592,3700,2
592,3726,3
591,171,1
591,172,2
591,173,3
591,122,4
591,119,5
592,3277,1
592,2914,2
591,1170,1
591,174,2
591,1134,3
591,1156,4
591,1145,5
591,1139,6
592,3320,1
592,3874,2
592,3850,3
592,3307,4
591,148,1
591,152,2
591,154,3
591,1133,1
591,133,1
591,140,2
591,157,3
593,3492,1
593,3472,1
593,3477,2
593,3410,1
593,3555,2
593,4024,1
593,3476,2
593,3634,1
593,3455,2
593,3488,3
593,3428,1
593,3432,2
593,3447,1
593,3458,2
595,1504,1
595,61,2
453,3888,1
453,4036,2
453,78,1
221,1526,1
221,1542,2
221,1603,3
87,1047,1
87,1084,2
87,1122,3
87,1147,4
87,1163,5
87,1175,6
598,4223,1
598,4224,2
598,4225,1
598,4226,2
599,4222,1
599,4219,1
597,4234,1
597,4228,1
620,937,1
620,1119,2
620,1144,3
620,1159,4
620,1208,5
620,1221,6
620,2370,1
620,1103,2
620,2883,3
87,2657,1
87,2699,2
87,2727,5
87,2739,6
621,2502,2
621,1919,1
621,1924,2
621,1936,3
621,2317,4
621,2363,5
621,3396,6
621,3397,7
621,3398,8
621,3399,9
621,2808,10
621,2915,11
621,2953,12
621,3016,13
621,1113,1
621,440,2
621,2854,3
621,2828,4
621,2917,5
622,3117,4
622,4024,6
623,766,1
623,1103,2
623,1113,1
623,816,2
623,440,3
623,1333,1
623,1982,2
623,2045,3
623,2190,4
623,2544,5
623,2545,6
623,2715,7
623,2724,8
623,2777,9
623,1162,1
623,1127,2
623,1096,3
623,1054,4
623,1331,1
623,1474,2
623,1548,4
623,1632,5
623,1628,6
623,1642,7
623,1685,8
623,1697,9
623,1786,10
624,2424,1
624,2410,2
624,3234,3
624,2504,1
624,2502,2
624,2507,3
624,2159,1
624,2163,3
624,2182,4
624,2451,5
624,2374,6
624,2459,7
624,2404,8
624,2397,9
624,2448,1
624,2314,2
624,2779,4
624,2800,5
624,3402,7
624,164,8
624,3265,9
624,2792,10
625,2181,5
625,2405,7
626,4371,1
626,4372,1
626,4373,2
626,4374,3
626,4375,4
626,4376,1
626,4377,2
626,4378,1
626,4379,2
626,4381,3
626,4383,4
626,4385,1
626,4387,2
142,3315,1
636,4596,1
636,4597,1
636,4598,2
636,4599,1
636,4600,2
636,4601,3
636,4602,4
636,4603,1
636,4604,1
636,4606,1
636,4607,2
636,4608,1
636,4609,2
636,4610,3
636,4611,4
648,1171,1
656,4842,1
656,4845,1
656,4846,2
656,4849,1
656,4859,1
656,4868,6
656,4870,8
656,4871,9
559,61,1
658,4198,1
659,4878,1
659,4879,1
659,4880,2
659,4881,3
659,4883,1
659,4884,2
659,4885,1
659,4886,2
659,4887,3
659,4888,4
659,4889,1
659,4891,3
669,196,1
230,2222,1
230,2102,1
230,2103,2
228,2551,1
228,2696,1
228,2668,1
228,1970,2
228,1950,3
228,2103,4
228,2102,5
228,2717,1
228,2716,1
228,2254,2
228,2276,3
677,196,1
677,133,2
678,457,1
682,5193,1
682,5194,2
682,5195,3
682,5196,4
682,5197,5
682,5198,6
682,5199,7
682,5200,8
682,5201,9
682,5202,10
682,5204,1
682,5205,2
682,5206,3
682,5207,4
682,5208,5
682,5209,6
682,5210,7
682,5211,8
682,5212,1
682,5213,2
682,5214,3
682,5215,4
682,5216,5
682,5217,6
682,5218,7
682,5219,8
682,5220,9
682,5221,10
682,5222,11
683,5289,1
683,5290,2
685,5454,1
685,5455,2
685,5456,3
685,5457,4
685,5458,1
685,5459,2
685,5460,3
685,5461,4
685,5462,5
685,5463,6
685,5464,7
685,5465,8
685,5466,1
685,5467,2
685,5468,3
685,5469,4
685,5470,5
685,5471,1
685,5472,2
686,5473,1
686,5475,2
686,5476,1
685,5474,3
686,5477,2
685,5478,4
686,5479,3
685,5480,5
686,5481,4
686,5483,1
685,5482,6
686,5484,2
686,5486,3
685,5485,1
686,5487,4
686,5489,5
685,5488,2
685,5491,3
686,5490,6
685,5492,4
686,5493,7
686,5494,8
686,5495,1
686,5497,2
685,5496,5
686,5498,3
686,5499,4
686,5500,5
685,5501,6
686,5502,1
686,5504,2
686,5505,3
686,5532,4
686,5533,5
686,5534,6
686,5535,1
686,5536,2
686,5539,5
686,5541,1
686,5565,7
688,5569,1
688,5570,2
688,5571,1
689,5576,1
691,5599,1
692,5623,1
692,5624,2
692,5625,3
692,5626,4
692,5627,5
692,5628,6
692,5629,1
692,5630,2
692,5631,3
692,5632,4
692,5634,6
692,5636,8
692,5642,1
685,5452,1
685,5453,2
107,881,1
107,1116,2
107,1107,3
107,1125,4
695,5657,1
695,5658,2
695,5659,3
695,5660,4
695,5661,1
695,5662,2
695,5663,3
695,5664,4
695,5665,5
695,5666,1
695,5667,2
695,5668,3
586,4078,1
586,4109,2
586,4034,1
586,4079,1
642,3980,1
642,3974,1
642,3996,1
642,4023,1
642,3988,1
642,2495,2
705,61,1
142,1331,1
142,1474,2
586,4057,1
586,4063,2
85,597,1
85,606,2
85,607,3
85,608,4
85,620,5
85,611,6
732,6463,1
732,6464,2
732,6465,1
732,6466,2
732,6467,3
732,6468,1
732,6469,1
732,6470,2
732,6471,3
732,6472,4
732,6473,1
732,6474,2
732,6475,3
732,6476,4
732,6477,5
732,6480,1
732,6481,2
732,6482,3
732,6483,4
732,6484,1
732,6485,1
732,6486,1
732,6487,1
733,6488,1
733,6489,1
733,6491,3
733,6492,4
733,6496,1
739,2343,1
739,2342,2
739,2341,3
739,2405,4
739,2181,5
617,2883,1
617,3274,2
617,1948,3
617,2844,4
617,2217,9
617,2406,12
617,2443,13
739,148,1
739,2068,2
739,152,3
739,2380,4
739,1331,1
739,2370,4
739,816,6
728,3410,1
728,3428,2
728,3447,3
728,3634,4
728,2551,5
729,2217,10
753,6791,1
753,6796,3
756,6830,1
758,6842,1
758,6843,2
416,2899,1
7,61,2
7,3027,4
7,1844,5
7,1765,6
7,3026,12
7,174,15
430,144,1
760,1504,1
760,69,2
760,61,3
761,4159,1
761,6870,2
763,6879,1
769,2696,1
769,2774,1
769,2473,1
769,2776,1
769,1383,2
769,1397,3
769,1455,4
769,2896,1
769,2844,2
769,2850,3
769,2883,4
773,1504,1
773,1515,1
773,1516,1
773,1591,2
773,1517,1
773,1518,2
773,1651,1
773,1652,2
773,1653,1
773,1654,2
773,1655,1
773,1656,2
773,1657,1
773,1658,1
204,2397,1
204,2404,2
204,2459,3
243,3396,1
243,3397,2
243,2363,3
243,3398,4
243,3399,5
243,2808,6
243,2953,7
243,3016,8
243,222,9
243,368,10
779,1687,1
779,1686,2
779,1630,3
779,1547,4
779,1193,5
779,1190,6
779,1183,7
779,1176,8
779,1151,9
781,1250,1
781,1133,2
781,3027,3
781,352,4
781,133,5
781,143,6
781,161,7
781,166,8
781,157,9
781,140,10
781,167,11
781,3018,12
781,69,13
781,3023,14
781,3029,15
781,3032,16
781,78,17
781,61,18
781,4223,20
784,196,1
784,133,1
784,140,2
784,157,3
784,143,4
784,161,1
784,166,2
784,167,1
784,168,2
784,169,3
784,170,4
784,171,1
784,172,2
784,173,3
785,478,1
785,483,2
785,485,3
785,490,4
785,495,5
788,1504,1
734,3926,1
734,7004,2
734,6265,3
769,2551,1
777,4321,1
777,6870,1
777,4159,1
805,137,1
777,4219,1
777,2202,3
777,2198,4
777,2173,1
807,1052,1
807,1113,1
807,440,2
807,1333,1
807,1982,2
807,2045,3
807,2190,4
807,2544,5
807,2545,6
807,2777,7
807,2724,8
807,2715,9
807,1331,1
807,1474,2
807,1642,3
807,1548,4
807,1632,5
807,1628,6
807,1697,7
807,1685,8
807,3315,9
807,2960,10
807,3240,1
807,2737,2
812,937,1
812,1119,2
812,1144,3
812,1159,4
812,1208,5
812,1221,6
812,1919,7
812,1924,8
812,2317,9
812,1936,10
812,2338,11
812,1130,12
812,2495,13
812,2781,14
812,1552,1
812,1547,2
812,1183,3
812,7012,1
812,3457,2
812,3395,3
812,3399,4
812,3398,5
812,3397,6
812,3396,7
813,1936,1
813,1924,2
813,3396,1
813,3397,2
813,2363,3
813,3398,4
813,3399,5
813,2808,6
813,1919,1
813,2915,2
776,61,1
831,69,1
471,3211,2
471,3213,3
471,3215,5
471,3216,6
471,3217,8
471,3218,9
4,70,1
4,103,2
4,118,3
4,175,1
4,192,2
4,206,3
4,207,4
4,208,1
4,209,2
843,1504,1
843,1653,2
843,1515,3
843,1517,4
843,1518,5
843,1651,6
843,1654,7
843,1652,8
843,196,1
843,1133,2
843,133,3
843,140,4
843,166,5
843,168,6
843,167,7
843,161,8
843,157,9
194,2471,1
194,2475,2
194,2478,3
194,2445,4
194,2464,5
194,2477,6
194,2476,1
194,2473,2
194,2525,1
194,2499,2
194,2512,3
194,2500,4
57,744,1
57,752,2
845,2668,1
845,1970,2
845,1950,3
845,2102,1
845,2103,2
845,2696,1
849,1655,1
849,1653,2
849,1654,3
849,2024,4
849,2037,5
849,1656,6
849,99,7
849,1657,1
849,2054,2
849,1658,1
850,2883,1
850,2896,1
850,2850,1
850,2406,1
850,1456,1
850,1327,2
850,2914,3
850,2366,1
850,6559,2
850,2412,3
850,2416,4
593,3425,1
593,3438,2
593,3419,3
593,3545,4
593,3564,5
860,677,1
860,692,2
860,747,3
860,721,1
860,760,2
860,782,3
860,797,1
860,809,2
860,934,1
860,1104,2
860,1117,3
860,774,1
860,1171,1
860,1172,2
860,1142,3
860,1178,1
860,1181,2
862,137,1
862,194,2
862,4609,3
862,984,5
862,3212,7
863,60,1
863,67,2
863,71,3
863,76,4
863,80,1
863,99,2
863,100,3
863,101,4
863,1381,1
863,1423,2
863,1454,1
863,1481,2
864,534,1
864,625,2
864,638,3
864,641,4
864,669,5
864,644,6
864,649,7
864,651,8
864,693,9
864,822,10
864,137,1
864,1191,2
864,1177,3
864,194,4
864,1182,5
864,279,6
864,299,7
864,1244,8
864,300,9
870,137,1
834,4198,1
834,1472,1
834,1474,2
834,1548,3
834,1594,4
834,1628,5
834,1642,6
834,1685,7
834,1697,8
834,1786,9
834,2960,10
834,3240,11
834,2737,12
834,3315,13
734,4162,1
734,6461,2
734,6462,3
734,4191,1
734,6263,2
734,6264,3
734,7022,4
734,7023,5
896,61,1
896,196,2
911,70,1
911,118,1
911,103,1
914,196,1
927,4219,1
936,1133,1
936,2344,2
936,2774,3
936,2776,4
936,1327,5
936,2720,6
936,2254,7
936,1501,8
936,2101,9
936,1052,1
936,1103,2
936,1113,3
936,2370,4
936,4219,5
936,2202,6
936,2800,7
936,6870,8
936,4159,9
936,1963,10
936,187,11
936,189,12
936,193,13
936,190,14
936,2842,1
936,2788,2
936,2604,3
936,2791,4
936,2629,5
936,70,6
936,118,7
936,103,8
936,209,9
936,206,10
936,208,11
936,192,12
936,175,13
936,885,14
936,80,15
936,101,16
936,102,17
936,1001,18
936,994,19
936,985,20
925,1130,1
925,7013,2
936,478,1
936,483,2
936,485,3
936,490,4
936,495,5
936,137,1
936,1177,2
936,1182,3
936,279,4
936,299,5
936,930,6
936,497,7
936,506,8
936,888,9
936,3974,10
936,1250,11
958,1047,1
958,1084,2
958,1122,3
960,1133,1
879,1516,1
879,1591,2
879,1517,1
879,1518,2
879,1651,1
879,235,2
879,1653,1
879,1654,2
879,2015,3
879,80,4
879,1655,1
879,2037,2
879,1656,3
879,1657,1
879,2054,2
971,1250,1
454,4021,1
982,137,1
879,1515,1
879,231,2
990,937,1
990,1144,2
990,1119,3
1003,890,1
1006,1988,1
1006,1504,1
1006,1984,1
1006,344,2
1008,67,1
1008,71,2
1008,76,1
1008,80,1
1008,99,2
1008,100,1
1008,101,2
1008,1381,1
1008,1423,2
1008,1522,3
1008,1454,1
1008,1481,2
1009,196,1
1009,1133,1
1016,1504,1
1018,61,1
1016,344,1
1016,375,2
1016,2750,1
1016,1988,1
1035,1180,1
1035,890,2
1035,1778,3
1035,1166,4
1035,4117,5
1035,1187,6
1035,1287,7
1035,1846,8
1035,2368,9
1035,2413,10
1035,1294,11
1039,196,1
1039,2933,1
1039,221,1
1039,3212,2
1039,2975,1
1039,3801,1
1040,6934,1
1040,1503,2
1040,1502,3
1048,313,1
1055,748,1
1055,2050,2
1055,971,1
1055,972,2
1055,974,3
1055,975,4
1055,973,5
1055,980,1
1055,981,2
1055,982,1
1055,983,2
1055,993,3
1055,1011,4
1055,1012,5
1055,2242,1
1057,196,1
1059,342,1
1062,534,1
1062,625,1
1062,638,2
1062,649,3
1062,651,4
1062,644,1
1062,669,1
1062,693,1
1062,822,2
1062,1201,1
1062,879,1
1062,970,2
1062,1075,1
1062,695,1
1071,137,1
1071,1177,2
1071,1191,3
1071,1182,4
1071,279,5
1071,300,6
1071,1244,7
1071,299,8
1071,1253,9
1071,534,1
1071,625,2
1071,669,3
1071,641,4
1071,1075,5
1071,879,6
1071,970,7
1071,1201,8
1071,881,9
1071,700,1
1071,1664,2
1071,1635,3
1071,1475,4
1073,61,1
1073,1504,1
952,6934,4
11,133,1
11,140,2
11,157,3
11,143,4
1081,1504,1
1080,454,1
1080,235,2
1080,2036,3
1080,1655,4
1080,1656,5
1080,1657,6
1080,2075,7
998,5184,1
998,5568,1
998,6242,1
998,6511,1
998,6530,1
1012,1686,1
1012,1176,2
1012,1687,3
1012,1193,4
1012,1547,1
1012,1630,2
1012,1190,3
1012,1183,4
1012,1717,5
1012,1403,1
1012,1419,2
1012,1452,3
1012,1810,4
1012,1867,1
1012,1650,2
1012,1509,3
1012,1695,4
1012,1634,5
1012,1497,6
11,161,1
11,166,2
11,167,1
11,168,2
11,169,3
11,170,4
11,171,1
11,172,2
11,173,3
11,196,1
1110,497,1
1110,535,1
1110,741,1
1110,506,1
1110,522,1
1110,536,1
1110,543,1
1110,660,1
1110,659,1
1116,506,1
1075,2622,1
1035,677,1
1035,774,1
1035,934,2
1035,1104,3
1035,1117,4
1035,1171,5
1035,1172,6
1035,1142,7
1035,1178,8
1035,1181,9
1035,797,1
1035,809,2
1035,144,1
1035,692,2
1035,747,3
1035,721,1
1035,760,2
1035,782,3
1035,132,4
1035,2813,5
879,1504,2
1132,1651,1
868,1946,1
868,1992,1
868,1994,1
868,1996,1
1141,677,1
1141,692,2
1141,747,3
1141,721,4
1141,760,5
1141,782,6
1141,2813,7
1141,797,8
1141,809,9
1141,774,10
1142,677,1
1142,692,2
1142,747,3
1142,721,4
1142,760,5
1142,782,6
1142,2813,7
1142,797,8
1142,809,9
1142,774,10
1142,934,11
1142,1104,12
1142,1117,13
1142,1171,14
1142,1172,15
1142,1142,16
1142,1178,17
913,67,1
1146,677,1
1146,692,2
1146,747,3
1146,797,4
1146,721,5
1146,760,6
1146,774,7
1146,1117,8
1146,1171,9
1146,934,10
1146,145,11
1146,1180,12
1146,1172,13
1146,1142,14
1146,153,15
1146,149,16
1146,1181,17
1146,156,18
99,1552,1
99,1151,2
99,1176,1
99,1193,1
99,1190,1
99,1183,2
99,1630,3
1157,2265,1
1157,2266,2
1157,2267,3
1157,2333,4
1157,2529,1
1157,2530,2
1167,2370,1
1171,1504,1
946,1658,1
946,2075,2
946,1651,1
946,1652,2
946,1517,1
946,1518,2
946,1504,1
946,218,2
946,232,1
946,231,2
1177,1504,1
1162,3540,1
1030,700,1
1187,497,1
1189,60,1
1189,67,2
1189,71,3
1189,76,4
1189,80,5
1189,101,6
1189,99,7
1189,100,8
1189,102,9
1189,1675,10
1189,1381,11
1189,1454,12
1189,1481,13
1189,1423,14
1189,1522,15
1189,1604,16
1205,70,1
1205,809,2
1205,169,3
1205,170,4
1205,177,5
1205,118,6
1205,221,7
1205,180,8
1205,209,9
1205,103,10
1205,208,12
1205,1030,13
1205,206,14
1205,3264,15
1205,207,16
1205,192,17
1205,2303,18
1205,2893,19
1205,3169,20
1205,3024,21
1205,1300,22
1205,738,23
1205,1621,24
1205,2998,25
1205,6976,26
1205,4181,27
1205,2222,28
1205,2971,29
1179,1504,1
1226,1504,1
1228,313,1
1228,3541,2
1228,888,3
1228,3001,4
1228,886,5
1228,889,6
1228,887,7
1228,4609,8
1228,3305,9
1228,6461,10
1228,828,11
1228,3452,12
1228,6462,13
1228,4162,14
1228,4610,15
1228,652,16
1228,4611,17
1228,2258,18
1228,4608,19
228,1250,1
228,1133,2
228,133,3
228,140,4
228,157,5
228,1137,6
863,1675,2
1243,1515,1
1243,1516,2
1243,1591,3
1243,1517,4
1243,1518,5
1243,1651,1
1243,1652,2
1243,1504,1
1243,218,2
1243,1653,1
1243,1654,2
1243,2757,1
1243,2761,2
1243,2763,3
1243,1688,4
1243,2815,1
1243,2054,2
1243,1658,3
1271,534,1
1271,695,2
1271,879,3
1271,1201,4
40,641,1
40,644,2
40,649,1
40,651,2
40,669,1
40,693,1
40,695,2
40,799,3
40,822,1
40,879,1
40,970,2
40,1075,1
40,1201,2
40,534,1
40,625,2
40,638,3
1280,1708,1
1288,196,1
1288,1133,2
1288,3915,1
1288,143,1
1288,352,2
1264,1178,1
1264,149,2
1264,895,3
1264,1142,1
1264,1171,2
1264,1172,3
1264,890,1
1264,1180,1
1264,1181,2
1264,156,3
1264,155,4
1264,3625,1
1264,1117,1
1264,692,1
1264,747,2
1264,721,3
1264,760,4
1264,782,5
1264,797,6
1264,809,7
1264,774,8
1264,153,1
1264,453,2
1264,893,3
1308,1287,1
1264,1166,1
1264,1287,2
1264,1168,3
1264,1187,4
1264,159,5
1264,995,6
1264,1488,7
1264,1470,8
1264,1057,9
1264,1793,10
1264,1792,11
1264,4708,12
1316,677,1
1318,497,1
1321,1177,1
1321,194,2
1321,137,3
1321,1182,4
1321,299,1
1321,1244,2
1321,300,3
1321,3753,4
1321,625,1
1321,644,2
1321,669,3
1321,1075,4
1321,1201,5
1321,879,6
1321,970,7
1321,799,8
1321,881,1
1321,2209,2
1321,1116,3
1321,750,4
1321,772,5
1321,1148,6
1226,1515,1
1226,1517,2
1226,1518,3
1226,1651,4
1226,1654,5
1321,700,1
1321,3645,2
1321,1466,3
1321,3537,1
1321,3559,2
1321,3730,3
1321,3733,4
1321,1051,1
1321,1130,2
1321,1093,3
1321,1155,4
1321,3552,5
1321,3709,7
1321,3649,8
1323,80,1
1323,231,2
1323,100,3
1323,4066,4
1323,2662,5
1325,677,1
1325,692,1
1330,3541,1
1333,3472,1
1333,1891,2
1333,1333,1
1333,2544,2
1333,2545,3
1333,2724,4
1333,2370,1
1333,440,2
1333,1331,1
1333,1931,2
1333,1948,3
1333,2809,1
1333,2864,2
1333,4219,1
1333,1690,2
1333,2163,3
1333,2404,4
1333,1305,1
1296,1047,1
1322,677,1
1322,692,2
1322,747,3
1322,144,4
1322,721,1
1322,760,2
1322,782,3
1296,1084,1
1335,1504,1
1335,677,2
1296,1936,1
1296,1919,1
1343,137,1
1343,1191,2
1343,1177,3
1343,194,4
1343,1182,5
1343,3192,6
1347,1504,1
1348,677,1
1358,677,1
1358,1517,1
1358,809,2
1264,934,1
1264,1959,2
1393,1504,1
1257,677,1
1257,692,2
1257,721,3
1257,760,4
1257,797,5
1257,774,6
1257,934,1
1257,1104,2
1257,1171,3
1257,1178,4
1257,1180,5
1257,1181,6
1257,1172,7
1257,1166,1
1257,1168,2
1257,1187,3
1257,1287,4
1257,890,5
1257,1846,6
1257,2368,7
1257,2413,8
1401,122,1
1401,172,2
1401,173,3
1401,119,4
1401,3031,5
1401,3212,1
1401,1112,2
1401,3726,3
1401,1160,4
1401,222,1
1401,3013,2
1401,2317,3
1401,41,4
1401,627,5
1401,3396,6
1401,3395,7
1401,3397,8
1401,2808,9
1401,3399,10
1401,3398,11
1402,1504,1
1402,677,2
1402,61,3
1409,196,1
629,4414,3
629,481,4
1413,61,1
1413,196,2
1413,1515,3
1413,61,1
1413,677,2
1415,534,1
1415,625,1
1419,741,1
1417,875,1
1417,504,1
1417,2686,1
1417,2270,2
1417,570,1
1417,571,1
1417,1796,2
1417,574,1
1417,573,1
1423,61,1
1432,766,2
1435,1133,1
1435,161,2
1435,3018,3
1435,69,4
1435,166,5
1435,167,6
1435,168,7
1435,140,8
1435,157,9
1016,1516,1
1458,7133,1
1470,3926,1
1487,1052,1
1487,1103,2
1487,1113,3
1487,2370,4
1487,1926,1
1487,1895,2
1487,1913,3
1487,1501,4
1487,1923,5
1487,1837,1
1487,1845,2
1487,1850,3
1487,1764,4
1487,3496,5
1487,1768,6
1487,3476,7
1487,2101,8
1487,1305,9
1487,2068,1
1487,2306,2
1487,2324,3
1487,2823,4
1487,3299,5
1487,4234,6
1487,2380,7
1487,3722,9
1504,1133,1
1504,341,2
1504,133,2
1504,1729,3
1504,161,1
1504,1218,2
1504,3018,3
1504,166,4
1504,69,5
1504,1744,7
1505,1104,1
1515,1177,1
834,1419,1
834,1497,2
1521,196,2
1521,133,3
1521,143,4
1521,61,5
1521,170,6
1521,1133,7
1525,2657,1
1530,2370,1
1530,3485,2
1532,196,1
1532,1133,2
1532,133,1
1538,3211,1
1538,143,2
1538,170,3
1538,347,4
1538,387,5
1544,1047,1
1544,1084,1
1553,6275,1
1555,342,1
1538,140,1
1538,3213,2
1538,5126,3
1538,157,4
1538,3215,5
1538,1134,6
1403,613,1
590,2933,1
590,2971,2
1532,161,1
1532,3018,2
1027,223,1
1027,749,1
1027,910,2
1027,911,1
1027,1007,2
1027,912,1
431,223,1
431,460,1
431,309,1
431,308,1
1583,1504,1
1504,167,1
1504,168,2
1504,169,3
1504,3029,4
1504,3032,5
1504,110,6
834,1552,1
834,1176,2
834,1547,3
834,1630,4
834,1190,5
834,1183,6
834,1686,7
834,1717,8
1426,6275,2
1588,2370,1
1588,1103,1
1538,133,1
1538,1170,2
1589,196,1
1589,1133,1
1589,140,2
1589,157,3
1589,143,4
1593,1052,1
1593,1103,1
1593,1113,1
1458,7262,4
1458,3799,1
1458,5190,2
1538,143,1
1538,3018,2
1538,69,3
1538,3023,4
1508,161,1
1508,166,2
1508,167,1
1508,168,2
1508,169,3
1508,170,4
1508,1133,1
1508,143,2
1508,140,1
1508,157,2
1508,133,3
1508,171,1
1508,172,2
1508,122,3
1508,173,4
1016,233,1
1016,436,2
834,1103,1
834,6996,2
1611,140,1
1619,342,1
1619,478,1
1619,483,1
1619,485,1
1619,490,1
1633,2314,1
1633,2448,2
1633,2610,3
1633,2779,4
1633,2792,6
1633,2424,1
1638,342,2
1633,4219,1
1633,2206,3
1633,2202,1
1633,2198,2
1508,2963,1
1508,3925,2
1508,2990,3
1508,3212,4
1508,3726,5
1508,1112,6
1508,1160,7
1508,4057,1
1508,4078,2
1508,4109,3
1508,4034,4
1508,4079,5
1654,1051,1
1508,174,1
1508,119,2
1508,387,3
1662,342,1
1611,3211,1
1611,143,2
1611,1250,3
1611,347,4
834,1333,1
834,1982,2
834,2045,3
834,2190,4
834,2544,5
834,2545,6
834,2724,7
834,2777,8
834,2863,9
1538,341,1
1016,931,1
1016,1653,2
1016,2033,1
1016,1652,2
1680,677,1
1680,692,2
1682,1516,1
1682,677,1
1682,1504,2
1682,1515,3
1682,692,4
1682,196,5
1508,1764,1
1508,1807,2
1508,1837,3
1508,1845,4
1508,1850,5
1508,3722,6
1508,3476,7
1508,2101,8
1508,3496,9
1508,1305,10
1508,154,11
1680,934,1
1680,774,2
1680,875,3
1680,747,1
1680,721,2
1680,760,3
1680,782,4
1680,132,5
1680,797,1
1680,809,2
1680,1171,3
1680,256,4
1680,1104,1
1680,1117,2
1680,153,3
1680,145,4
1680,1142,5
1680,1178,1
1680,149,2
1680,895,3
1680,1180,1
1680,1294,1
1680,2413,2
1680,2368,3
1689,342,1
1711,2217,1
1712,721,1
1712,677,1
1712,1515,2
1716,1025,1
1538,167,1
1538,168,2
1538,110,3
99,1717,1
1737,497,1
1739,1504,1
1740,1654,1
1740,1243,1
1740,888,2
1740,1027,3
1740,506,1
1740,1142,2
1740,300,3
1740,1103,4
1633,1690,1
1633,2516,5
1633,2614,6
1633,2159,1
1633,2163,2
1633,2180,3
1633,2182,4
1633,2404,5
1633,1906,7
1736,1331,1
1736,1474,2
1736,1642,3
1736,1548,4
1736,1685,5
1736,1697,6
1736,1594,7
1736,1628,8
1736,2809,1
1736,2864,2
1736,4219,1
1736,2202,3
1736,2198,4
1736,2159,5
1736,2163,6
1736,2182,7
1736,2404,8
1736,2314,9
1736,2448,10
1736,2424,11
1736,2611,13
1736,2504,14
1736,2507,15
1736,2502,16
1508,148,1
1508,2306,2
1508,2068,3
1508,2324,4
1508,3299,5
1508,2380,6
1508,2865,7
1508,2932,8
1508,2998,9
1508,1552,10
1508,1547,11
1741,3733,1
1748,1504,1
1758,342,1
1758,478,1
1768,1786,1
1327,535,1
1689,478,1
1689,483,2
1689,485,3
1689,490,4
1689,495,5
1774,187,1
1774,189,2
1774,193,3
1774,190,4
1774,816,1
1774,2370,1
1588,1331,1
1588,440,1
1588,2809,1
43,535,1
43,536,2
43,543,3
43,603,4
43,660,1
43,659,1
243,937,1
243,1119,2
243,1144,3
243,1159,4
243,1208,5
243,1221,6
243,1924,7
243,1936,8
243,2874,9
243,2875,10
243,1919,11
243,2915,12
243,2317,13
243,1130,2
243,2338,1
202,137,1
202,194,2
202,1177,4
202,1182,5
202,1191,6
202,930,7
202,279,1
202,299,2
202,300,3
202,1244,4
202,1253,5
202,3753,6
204,2507,1
204,2504,2
204,2502,3
1799,1653,1
1736,1333,1
1736,1982,2
1736,2045,3
1736,2544,4
1736,2545,5
1736,2190,6
1736,2777,9
1736,2724,10
1736,2715,11
1736,2173,3
1736,1054,1
1736,1162,2
1736,1096,3
1736,1127,4
1799,1655,1
1799,1654,1
1799,1657,1
1799,1658,1
1804,1504,1
1804,1515,2
1736,2806,1
1736,2836,3
1736,2825,5
1736,2846,6
1809,1103,1
1538,171,1
1538,173,2
1538,172,3
1538,122,4
1538,119,5
1538,3190,1
1538,3726,1
1538,3801,2
1538,1112,3
1538,1160,4
1538,3472,5
1538,3477,6
1812,148,1
1812,2068,2
1812,152,3
1812,2380,4
1817,677,1
1829,1504,1
1837,1466,1
1837,4023,1
1837,3733,1
1837,881,1
1837,1125,2
1837,1116,3
1837,1107,4
1837,2209,5
1837,1198,6
1837,3592,1
1837,1051,1
1837,1093,2
1837,3821,3
1837,3592,4
1837,3640,5
1837,3645,6
1837,3646,7
1837,3552,8
1837,3709,10
1837,3649,11
1837,1403,1
1837,1419,2
1837,1497,3
1837,1452,4
1837,1509,5
1837,1634,6
1837,1695,7
1837,1867,8
1837,1810,9
1837,3537,1
1837,2396,2
1837,3559,3
1837,1905,4
1837,3730,5
1837,1943,6
1837,7004,1
1840,273,1
1458,494,1
1354,3559,1
1354,3730,3
1851,6275,1
1806,2359,1
1860,148,2
1860,2068,3
1860,3117,1
1860,3136,2
1860,3099,3
1860,3151,4
1860,3149,5
1860,2380,3
1812,1926,2
302,2306,1
302,2324,2
302,2934,5
302,3117,1
302,3099,2
302,3136,5
302,3151,6
302,3149,7
302,2933,1
302,2971,3
1891,80,1
1891,71,2
1891,67,3
1891,76,4
1891,99,5
1891,100,6
1891,102,7
1891,3169,9
1891,880,10
1896,478,1
1896,483,2
1896,485,3
1896,490,4
1896,495,5
1894,677,1
1894,747,2
1894,721,3
1894,760,4
1894,797,5
1894,934,1
1894,153,2
1894,1142,1
1894,1171,2
1894,1178,1
1894,149,2
1894,1180,1
525,1657,1
525,793,2
525,2069,3
525,2075,4
525,1504,5
1902,1466,1
1909,3396,1
1910,61,2
1910,3018,3
1910,69,4
1910,3023,5
1910,3026,6
1910,3027,7
1910,3028,8
1910,3029,9
1910,3032,10
1909,1919,1
1909,1924,2
1909,1936,3
1909,2317,4
1909,937,1
1909,1119,2
1909,1144,3
1909,1159,4
1909,1208,5
1909,1221,6
1909,2874,7
1909,2875,8
1909,3397,9
1909,3399,1
1909,2808,2
1909,627,3
1909,2495,1
1909,3988,2
1909,1130,1
1909,2338,2
1909,41,1
1909,3398,2
1909,2915,3
1909,3013,4
1911,2191,1
1911,2236,2
1911,2120,3
1911,187,1
1911,189,2
1911,193,3
1911,190,4
1911,2370,1
1911,1103,2
1911,816,3
1911,1333,4
1911,1331,5
1911,4219,1
1911,2515,2
1911,2504,3
1911,2198,4
1911,2202,5
1911,2451,6
1911,1906,7
1911,1133,1
1911,122,2
1911,148,3
1911,152,4
280,2842,1
1911,2366,1
1911,2406,2
1911,2416,3
1911,2412,4
1911,1327,5
1911,164,6
1911,1320,7
1911,1318,8
1910,3212,1
1911,2341,1
1911,2349,2
1911,2342,3
1911,2367,4
1911,2350,5
1911,2505,6
1911,2373,7
1911,2388,8
1911,2372,9
1911,2405,10
1911,2476,11
1911,2473,12
1911,2471,1
1911,2475,2
1911,2478,3
1911,2464,4
1911,2525,5
1911,2499,6
1911,2512,7
1911,2500,8
816,148,1
816,2068,2
816,152,3
816,2380,4
816,3117,1
816,3136,2
816,3099,3
816,3151,4
816,3149,5
816,4228,1
816,4229,2
816,2405,3
816,2181,4
1935,2370,1
1935,1333,1
1935,1982,2
1935,2045,3
1935,2544,4
1935,2545,5
1935,2190,6
1935,2777,9
1935,2724,10
1935,2715,11
1935,1331,1
1935,1474,2
1935,1642,3
1935,1548,4
1935,1685,5
1935,1697,6
1935,1594,7
1935,1628,8
1935,1054,1
1935,1162,2
1935,1096,3
1935,1127,4
1936,497,1
1936,506,1
1936,522,2
1936,535,1
1936,536,2
1936,543,3
1936,603,4
1936,660,1
1936,659,1
1936,1036,1
1936,1037,2
1936,887,1
1936,888,2
1936,886,3
1936,889,4
1937,2344,1
1937,2343,2
1937,2341,1
1937,2342,2
1937,2367,3
1937,2349,4
1937,2350,5
1937,2505,1
1937,2373,2
1937,2388,3
1937,2372,4
1937,2405,5
1937,2476,1
1937,2473,2
1937,2471,1
1937,2475,2
1937,2478,3
1937,2445,4
1937,2464,5
1937,2477,6
1937,2525,1
1937,2499,2
1937,2512,3
1937,2500,4
1938,1133,1
1938,133,2
1938,140,3
1938,157,4
1938,167,5
1938,161,6
1938,166,7
1938,170,8
1938,169,9
1938,1150,10
1938,1157,11
1938,171,1
1938,172,2
1938,173,3
1938,122,4
1938,119,5
1938,1170,6
1938,174,7
1938,1134,8
1938,1156,9
1938,1145,10
1938,1139,11
1938,148,1
1938,152,2
1938,154,3
1932,3537,1
1932,2396,1
1932,3559,1
1932,1905,1
1932,3733,1
1932,3640,1
1932,1051,1
1932,1093,1
1957,2625,2
1806,1501,2
1806,1895,3
1806,1913,4
1806,1923,5
1806,1926,6
1957,2884,3
1957,2276,1
1957,6559,3
1957,2096,2
1908,148,1
1908,1764,2
1908,1768,3
1908,3496,4
1908,3439,5
1908,1837,6
1908,1845,7
1908,1850,8
97,937,1
158,1170,1
158,221,2
85,1160,3
198,221,1
198,1160,4
319,2963,1
319,2975,2
319,2967,3
319,2981,4
319,2973,5
319,2987,6
319,2990,7
319,3726,8
1971,208,1
1971,1061,1
1971,1080,2
1971,1106,3
1971,1124,4
1971,1140,5
1971,1186,6
1971,1203,7
1971,1301,1
1971,1395,2
1971,1405,3
1971,1406,4
1971,1492,5
1971,1493,6
1971,1621,7
1971,1673,8
319,137,1
319,194,2
319,1177,3
1981,137,1
1981,194,2
1981,1177,3
1981,1182,4
1981,1191,5
1981,534,1
1981,625,2
1981,638,3
1981,641,4
1981,644,5
1981,649,6
1981,651,7
1981,669,8
1981,693,9
1981,695,10
1981,799,11
1981,822,12
1981,879,13
1981,970,14
1981,1075,15
1981,1201,16
1981,700,1
1981,1664,2
1981,1466,3
1981,1635,4
1981,750,1
1981,772,2
1981,1148,3
1984,70,1
1984,103,2
1984,118,3
1984,175,1
1984,192,2
1984,206,3
1984,207,4
1984,208,1
1984,209,2
1984,6665,1
1984,2859,2
1984,6693,3
1979,1166,1
1979,1168,2
1979,1187,3
1979,1287,4
1979,677,1
1979,692,1
1979,747,2
256,3836,1
256,2471,2
256,2475,3
256,2478,4
256,2445,5
1908,1327,1
1908,1383,2
1908,1397,3
1908,1455,4
1908,1456,5
1908,3726,1
1908,3801,2
1908,3212,3
1908,1112,4
1908,1160,5
1908,3477,6
2001,1277,1
2001,1342,1
2001,1674,1
2001,1688,2
2001,1707,1
2001,1754,1
43,1036,1
43,1037,2
43,887,1
43,888,2
43,886,3
43,889,4
2001,1370,1
1944,346,3
1944,361,4
2001,1398,1
2001,2225,2
2001,2293,3
2001,1462,4
2001,2288,5
2001,2316,6
2001,1467,7
2001,2379,8
2001,1495,9
2001,2429,10
2001,1519,1
2001,1527,2
2001,1624,1
2001,2677,2
2001,1625,3
2001,1631,4
2004,60,1
319,1139,1
1981,279,1
1981,299,2
1981,300,3
1981,1244,4
1981,1253,5
1981,881,1
1981,2209,2
1981,1107,3
1981,1116,4
1981,1125,5
51,613,1
51,626,3
1487,2366,1
1487,2013,2
1487,2412,3
1487,2254,4
1487,1761,5
1487,1600,6
1487,2371,7
1487,2416,8
1487,2381,9
1487,6559,10
1487,2884,11
1487,2455,12
1983,2405,2
1983,2473,3
1983,2464,7
1983,2445,8
1983,2476,10
1983,2343,14
2057,1133,1
2059,2306,1
2059,148,2
2059,2068,3
2059,152,1
2059,2865,3
2059,2380,4
2059,3117,1
2059,3099,2
2060,70,1
2060,118,1
2060,103,2
2060,192,1
2060,208,1
2060,209,1
2060,206,1
2060,207,1
2065,1052,1
2065,1103,1
2065,2173,1
2065,2806,1
2065,2825,2
2065,1250,1
2065,3212,2
2065,3801,3
2065,1112,6
2065,1113,1
2065,440,2
2065,497,1
2072,1709,1
2072,2860,2
2072,2859,3
2072,4181,4
2075,1504,1
2075,677,2
2090,2367,1
714,1693,1
714,1708,2
714,1709,3
714,1713,4
714,1715,5
714,6221,1
714,6227,2
714,6230,3
714,6520,4
714,6665,5
714,6668,6
714,6693,8
1755,1518,1
1755,692,2
1755,1504,3
1755,1516,4
1755,1515,5
1755,677,6
1755,1517,7
2098,196,1
2098,1133,2
2098,143,1
2098,229,1
2098,167,1
2098,1300,1
2072,2303,1
2072,2893,2
2072,1030,3
2072,1027,10
2072,2303,1
2072,2893,2
2072,1030,3
2072,1027,10
1819,70,1
2157,1600,1
2157,2254,3
2157,2013,4
2157,2366,5
2156,2869,3
2156,2914,4
2164,1504,1
2178,1504,1
2178,677,2
2178,1104,3
2178,1166,4
2178,1180,1
1968,2396,1
1968,3559,3
1968,1905,4
1968,3730,5
1968,2672,1
1908,196,1
1908,1133,4
1908,1729,5
1908,1760,6
1908,143,8
1908,61,9
2196,273,1
2196,277,2
2196,278,3
2196,275,4
2196,312,5
2196,2952,6
2196,1863,7
2196,377,1
2196,307,2
2196,382,3
2198,196,1
2198,1133,2
2198,1137,3
2198,133,4
2198,140,5
2198,157,6
2202,1504,1
2205,677,1
2205,692,1
2205,934,1
2205,1104,1
2205,1171,1
2172,1515,1
2172,1504,2
2172,677,3
2201,2370,1
2201,766,2
2201,1333,4
2201,1982,5
2201,2045,6
2201,2190,7
2201,2544,8
2201,2545,9
2201,4219,10
2201,2159,11
2201,2374,12
2201,2397,13
2201,2314,14
2201,2410,15
2201,1891,1
2201,2199,1
2201,2217,2
2201,2236,3
2215,1504,1
2215,1515,2
2215,1517,3
2215,1518,4
2215,1653,5
2215,1651,6
2215,1654,7
2215,1652,8
2215,218,9
2215,1988,10
2215,743,1
2215,784,2
2215,776,3
51,494,1
2224,157,1
2198,1950,1
34,3893,2
230,1950,1
230,1970,2
2228,1133,1
2229,613,1
2229,3893,1
2229,469,2
2229,474,1
2229,476,1
2229,629,1
2229,494,1
2229,2541,1
230,167,1
230,166,2
230,161,3
230,170,4
230,169,5
230,1150,6
230,1157,7
230,173,8
2246,3396,1
2246,3397,2
2246,2363,3
2246,3398,4
2246,3399,5
2246,2808,6
2246,2953,7
2246,3016,8
2246,222,9
2246,368,10
2246,937,1
2246,1119,2
2246,1144,3
2246,1159,4
2246,1208,5
2246,1221,6
2246,1924,7
2246,1936,8
2246,2874,9
2246,2875,10
2246,1919,11
2246,2915,12
2246,2317,13
2246,1130,1
2246,2338,2
2246,2495,3
2246,41,4
2246,3988,5
2246,7012,6
2246,7013,7
2249,1504,1
2249,1515,1
2249,776,1
2249,1651,1
2249,2761,1
2249,1657,1
2249,1658,2
1958,700,1
2271,196,1
2271,1133,2
2271,143,3
2271,157,4
2271,140,5
2271,167,6
2271,168,7
2271,619,8
2271,174,9
2274,2341,1
2274,2342,2
2274,2367,3
2274,2505,4
2274,2373,5
2274,2388,6
2274,2405,7
2274,2625,1
2274,2343,2
2276,70,1
2276,118,2
2274,2306,1
2274,152,2
2274,2380,3
194,2344,1
194,2343,2
2284,196,1
2284,1133,2
2284,224,3
2284,1300,4
2284,3018,5
2284,69,6
2284,167,7
2284,122,8
2284,4057,1
2284,221,1
2180,231,4
2189,778,3
2189,2033,4
2189,2037,4
2189,2054,2
2189,2815,3
2189,2072,2
2189,2075,4
2310,677,1
2312,1504,1
2312,232,1
2312,2750,4
2312,4845,5
2312,1991,1
2312,231,2
2312,233,2
2312,1517,3
2312,1518,4
2312,421,5
2312,436,7
2312,235,1
2312,2033,2
2312,481,3
2312,784,4
2312,2655,2
2312,1625,3
2312,931,1
2312,4414,1
2312,236,2
2312,2757,3
2312,2761,4
2312,2763,5
2312,1657,1
2312,2815,2
2312,4859,2
2312,1754,3
2245,1552,1
2245,1151,2
2245,1190,3
2245,1630,4
2245,1183,5
2245,1686,6
2245,1176,7
2245,1687,8
2189,218,2
2189,748,4
2189,756,8
2189,757,9
2260,1504,1
2329,1504,1
64,1054,1
64,1096,2
64,1127,3
64,1162,4
2282,175,3
2358,677,1
2358,692,2
2358,934,3
2358,1104,1
2358,1117,2
2358,1178,3
2358,1142,4
2358,1142,1
2358,890,2
2358,1166,3
2360,2068,1
2360,2380,2
2360,1352,4
2360,2883,1
2360,1133,1
2360,3117,2
2360,3099,3
2360,3136,4
2360,148,5
2360,152,6
2345,1475,6
2345,1635,7
2383,196,1
2383,1133,1
2385,1515,1
2385,1516,2
2385,1591,3
2385,1517,4
2385,1518,5
2385,1504,1
2385,218,2
2385,1651,1
2385,1652,2
2385,481,3
2385,234,1
2385,1653,2
2385,1654,3
2385,1655,1
2385,2757,2
2385,2761,3
2385,2763,4
2385,1656,5
2385,1657,1
2385,2054,2
2385,1658,3
2385,1754,4
2385,70,1
2385,103,2
2385,118,3
2385,175,4
2385,192,5
2385,206,6
2385,207,7
2385,208,8
2385,209,9
2386,80,1
2386,99,2
2386,100,3
2386,101,4
2386,60,1
2386,67,2
2386,71,3
2386,76,4
2386,102,1
2386,1675,2
2386,1675,5
2386,1381,1
2386,1423,2
2386,1454,1
2386,1481,2
2386,1522,1
2386,1604,2
2386,717,3
2386,719,4
2386,723,5
2386,720,6
2386,946,3
2386,969,4
2386,722,3
2386,724,4
2386,763,5
2386,818,1
2386,819,2
2386,908,3
2386,929,4
2386,796,1
2386,848,2
2386,795,3
2386,803,4
2386,798,5
2386,800,6
2386,836,7
2393,885,1
2393,1140,2
2393,1186,3
2393,1203,4
2393,2755,1
2393,2756,2
2393,2857,3
2393,2858,4
2393,1527,5
2393,6665,1
2393,6520,1
2393,6693,1
2393,1713,1
2393,1709,1
2393,2859,2
2393,2860,3
2393,209,1
2395,677,1
2395,692,2
2395,747,3
2395,721,4
2395,760,5
2395,782,6
2395,2813,7
2395,797,8
2395,809,9
2395,774,10
2400,677,1
2400,692,2
2400,747,3
2400,721,4
2400,760,5
2400,782,6
2400,797,7
2400,809,8
2400,934,1
2400,1104,2
2400,1117,3
2400,1178,4
1823,7023,4
2172,1653,10
2412,1504,1
2427,1250,1
2427,1133,2
2427,341,3
2433,1504,1
2434,196,1
2419,677,1
2441,1177,1
2441,299,1
2447,1504,1
2447,677,2
1736,2370,1
1751,677,1
1751,677,2
2472,1133,1
149,1729,1
149,1760,2
2502,677,1
807,766,1
2504,3117,1
2504,4024,1
2504,3476,1
807,1103,1
2425,196,1
2512,937,1
2512,1119,1
2512,1144,2
2512,1159,1
2512,1208,2
2512,1221,3
2512,1924,4
2512,1936,5
2512,2874,6
2512,2875,7
2512,1919,1
2512,2915,2
2512,7012,1
2512,7013,1
2512,3395,2
2512,3398,3
2512,3397,4
2512,3396,5
2512,2338,2
2512,1130,3
2180,218,2
2532,797,1
2189,2015,6
2189,2036,8
2544,148,1
2544,152,2
2544,2068,3
2544,2380,4
2544,2324,1
2544,2963,2
2544,154,3
2544,2304,1
2544,2869,2
2544,2879,3
2544,2897,4
2544,2867,5
2544,2918,6
1751,1516,1
432,3410,1
432,3555,2
432,3472,1
432,3477,2
2557,1504,1
2245,2915,7
782,1504,1
2496,2344,2
2496,2625,3
2496,2716,5
2496,2341,6
2496,2342,7
2496,2373,8
2496,2505,9
2496,2471,10
2496,2367,11
2496,2372,12
2496,2343,13
2568,1504,1
2567,1025,2
2575,1504,1
2022,2270,1
1792,3197,1
1792,3231,2
1792,3118,3
777,2159,1
777,2449,2
777,2451,3
777,2459,4
2105,1504,1
2105,677,2
2427,408,3
2610,937,1
2610,1119,2
2610,1144,3
2610,1159,4
2610,1208,5
2610,1221,6
2610,1919,7
2610,1924,8
2610,1936,9
2610,1052,2
2610,1103,3
2610,766,4
2610,1331,1
2610,1548,2
2610,1594,3
2610,1628,4
2610,1642,5
2610,1685,6
2610,1697,7
2542,2374,7
2616,2896,1
2616,2844,1
2616,2850,1
2617,1516,1
2617,1515,2
1753,1117,2
2611,1504,2
2611,677,3
2621,2860,4
2621,2859,5
2500,5568,2
2622,1709,4
2622,2860,5
2622,2859,6
2622,4181,7
2607,1504,1
2627,677,1
2627,1517,2
432,196,1
432,133,2
432,140,3
432,157,4
432,143,5
432,161,6
432,166,7
432,167,8
432,168,9
432,169,10
432,170,11
432,171,12
432,172,13
432,173,14
2607,1504,3
2635,677,1
2635,1504,2
2607,1504,7
2617,692,3
2617,61,4
1792,222,1
1792,3013,2
1682,1504,1
1753,1504,3
2662,1518,1
2662,1651,2
2662,1654,3
2662,1655,4
2662,1652,5
2662,1651,1
2662,1591,2
2662,1652,3
2662,80,4
2662,71,5
2662,76,6
2663,677,1
2282,2270,1
2607,1504,1
2698,677,1
2698,692,2
2668,1504,4
2718,497,1
2718,506,1
2718,522,2
2720,677,1
2720,692,2
2720,747,3
2720,721,4
2720,797,5
2720,760,6
2720,782,7
2720,774,8
2720,809,9
2720,934,1
2720,1104,2
2720,1117,3
2720,1178,4
2720,1171,5
2720,1142,6
2720,1172,7
2720,145,8
2720,153,9
2720,875,10
2720,1959,11
2720,256,12
2720,891,13
2720,418,14
2726,1504,1
2726,1515,1
2729,221,1
2729,3212,2
2567,926,3
2567,207,2
2567,885,1
2722,3814,1
2730,741,2
2730,746,1
2730,828,2
2730,535,1
2730,536,2
2730,4601,3
2730,603,4
2662,1591,1
2662,1652,2
2662,80,1
2662,76,1
2662,133,1
2662,1133,2
2662,69,3
2662,157,4
2662,168,5
2662,161,6
2662,140,7
2662,167,8
2662,166,9
2662,171,10
2662,3018,11
2662,169,12
2662,143,13
2662,170,14
2662,752,1
2662,778,2
2662,793,3
2662,769,4
2662,993,5
2662,1389,6
2662,1504,7
2662,885,1
2662,2682,2
2662,762,3
2662,4066,1
2662,1657,1
2662,2465,1
2746,2405,2
2746,2473,3
2739,2914,4
2662,2054,1
2662,2815,2
2755,171,2
2755,2932,3
2755,2979,4
2755,2865,5
2755,2807,1
2755,2844,2
2756,1250,1
2756,140,2
2756,157,3
2756,167,1
2756,166,2
2756,161,3
2756,168,4
2756,170,5
2756,119,1
2756,1134,2
2757,3149,2
2755,3297,1
2755,2306,2
2755,2068,3
2755,2324,4
2755,2934,5
2763,122,3
2763,119,4
2763,4385,3
2763,1170,5
2763,1156,6
2763,1139,7
2739,2096,3
2763,1250,2
2776,1504,1
2777,677,2
2778,1504,1
2782,782,2
2786,133,1
2794,1504,1
2796,1504,1
2796,677,2
2664,60,1
2664,1140,6
2664,1203,8
2664,1186,7
2664,1080,3
2664,1061,2
2664,1106,4
2664,1124,5
2817,1984,1
2817,1988,1
2817,1991,1
2817,1999,1
2817,2014,1
2817,2015,1
2817,2024,1
2817,2033,1
2817,2036,1
2817,2037,1
2817,2054,1
2817,2069,1
2817,2072,1
2817,2075,1
2816,273,1
2816,277,2
2816,312,5
2816,278,3
2816,275,4
2816,307,6
2820,4219,1
2826,1504,1
2826,871,4
2826,828,8
2826,802,7
2826,2258,14
2828,196,1
458,4215,1
458,522,2
458,535,1
458,536,2
458,4601,3
458,603,4
458,660,1
458,659,1
458,1036,1
458,1037,2
458,887,1
458,888,2
458,886,3
458,889,4
2840,4215,1
2841,2054,1
2841,3540,2
2841,2107,3
2841,2356,1
2841,2110,1
2841,2109,1
2842,677,1
2848,2806,2
2859,3804,1
2863,1504,1
2863,1517,4
2863,677,2
2863,1515,3
2863,692,5
2870,3050,1
2870,1250,2
2873,187,1
2873,189,2
2873,193,3
2873,190,4
2873,1113,2
2873,1103,3
2875,6934,3
2875,1503,7
2875,1502,6
2875,346,4
2875,361,5
2898,3492,1
2906,677,1
2906,1504,2
2909,2341,1
2910,1515,1
2921,1982,1
2921,2045,2
975,3396,1
975,1419,1
975,1717,1
975,1594,1
975,1151,1
2875,1145,2
2929,1191,4
2929,1182,3
2929,1177,2
2929,137,1
2929,279,1
2929,1244,4
2929,300,3
2929,1253,5
2929,644,5
2929,651,7
2929,669,8
2929,822,12
2929,879,13
2929,970,14
2929,1075,15
2929,2209,20
2929,1107,18
2929,1125,19
2929,1198,21
2929,1116,17
2929,799,11
2929,700,1
2929,2396,1
2929,3559,3
2929,3730,4
2986,692,1
2986,1654,1
2664,1708,3
3034,1137,13
3034,4383,4
3034,172,2
3034,122,4
3034,119,5
3034,619,9
3034,3151,6
2911,175,6
3034,4385,1
3052,194,2
3052,279,1
3052,300,4
3052,1253,5
3052,879,1
3052,970,2
3055,187,1
3055,189,2
3055,193,3
3055,190,4
3056,4162,1
3056,6461,2
3056,6462,3
3056,4191,4
3056,6263,5
3056,6264,6
3056,7022,7
3056,7023,8
3056,3926,9
3056,7004,10
3056,6265,11
3058,1133,1
3058,133,2
3058,140,3
3058,157,4
3058,167,5
3058,166,6
3058,161,7
3058,170,8
3058,169,9
3058,1805,10
3058,1157,11
3058,171,12
3058,172,13
3058,173,14
3058,122,15
3058,119,16
3058,1170,17
3058,174,18
3058,1134,19
3058,1156,20
3058,1145,21
3058,1139,22
3058,148,23
3058,152,24
3058,154,25
3058,2344,1
3058,2343,2
3058,2341,3
3058,2342,4
3058,2367,5
3058,2349,6
3058,2350,7
3058,2505,8
3058,2373,9
3058,2388,10
3058,2372,11
3058,2405,12
3058,2476,13
3058,2473,14
3058,2471,15
3058,2475,16
3058,2478,17
3058,2445,18
3058,2464,19
3058,2477,20
3058,2525,21
3058,2499,22
3058,2512,23
3058,2500,24
3058,1383,2
3058,1397,3
3058,1455,4
3058,1456,5
3058,1327,1
3060,1891,1
3060,1894,2
3060,1931,3
3060,1948,4
3060,2191,5
3060,2844,6
3060,3234,9
3060,2199,1
3060,2217,2
3060,2236,3
3060,2406,4
3065,3492,1
3065,816,3
3065,1982,4
3065,2715,5
3065,2202,6
3065,2407,7
3065,148,8
3066,1950,2
3066,2412,5
3066,2373,10
2991,2914,1
3078,1504,1
3079,3050,1
3079,61,1
3090,1504,1
3093,1504,2
3093,677,3
2054,2959,1
3107,1504,1
3112,1504,1
3114,1504,3
3114,677,1
3114,1504,2
3118,1504,1
3122,1137,4
3122,1150,4
3122,1157,5
3122,173,3
3122,122,4
3122,119,5
3122,152,2
3122,154,3
3122,3117,1
3122,3136,2
3122,3099,3
3122,3151,5
3122,1160,3
3124,677,1
3124,692,2
3124,747,3
3124,721,4
3124,760,5
3124,782,6
3124,2813,7
3124,797,8
3124,809,9
3124,774,10
3125,1504,1
3122,171,1
3122,172,2
3122,221,3
3129,1504,4
3138,1504,1
2983,2242,1
2239,1504,2
3153,677,1
3156,3197,1
3156,3231,2
3156,3118,3
3156,222,1
3156,3013,2
