{
  "best_metric": 0.923674830499847,
  "best_model_checkpoint": "output-Educoder-Final\\checkpoint-5830",
  "epoch": 9.983297644539615,
  "eval_steps": 500,
  "global_step": 5830,
  "is_hyper_param_search": false,
  "is_local_process_zero": true,
  "is_world_process_zero": true,
  "log_history": [
    {
      "epoch": 0.0993576017130621,
      "grad_norm": 1.6207144260406494,
      "learning_rate": 9.948542024013722e-05,
      "loss": 8.8475,
      "step": 58
    },
    {
      "epoch": 0.1987152034261242,
      "grad_norm": 1.494400143623352,
      "learning_rate": 0.00019897084048027444,
      "loss": 8.627,
      "step": 116
    },
    {
      "epoch": 0.29807280513918627,
      "grad_norm": 4.03758430480957,
      "learning_rate": 0.0002984562607204117,
      "loss": 8.511,
      "step": 174
    },
    {
      "epoch": 0.3974304068522484,
      "grad_norm": 1.3343303203582764,
      "learning_rate": 0.00039794168096054887,
      "loss": 8.2411,
      "step": 232
    },
    {
      "epoch": 0.49678800856531047,
      "grad_norm": 0.3781568706035614,
      "learning_rate": 0.0004974271012006861,
      "loss": 7.6056,
      "step": 290
    },
    {
      "epoch": 0.5961456102783725,
      "grad_norm": 0.6758784651756287,
      "learning_rate": 0.0005969125214408234,
      "loss": 6.2127,
      "step": 348
    },
    {
      "epoch": 0.6955032119914347,
      "grad_norm": 0.6567116379737854,
      "learning_rate": 0.0006963979416809606,
      "loss": 3.8762,
      "step": 406
    },
    {
      "epoch": 0.7948608137044968,
      "grad_norm": 2.0232367515563965,
      "learning_rate": 0.0007958833619210977,
      "loss": 1.8241,
      "step": 464
    },
    {
      "epoch": 0.8942184154175589,
      "grad_norm": 0.31479814648628235,
      "learning_rate": 0.000895368782161235,
      "loss": 1.014,
      "step": 522
    },
    {
      "epoch": 0.9935760171306209,
      "grad_norm": 0.6650685667991638,
      "learning_rate": 0.0009948542024013722,
      "loss": 0.6241,
      "step": 580
    },
    {
      "epoch": 1.0,
      "eval_ACC": 0.9442703157250975,
      "eval_AUC": 0.8850676018860946,
      "eval_RMSE": 0.2098447072046928,
      "eval_loss": 0.5262104272842407,
      "eval_loss_kts": 0.16600872576236725,
      "eval_loss_tags": 0.36061373353004456,
      "eval_num_kts": 235458,
      "eval_runtime": 61.7431,
      "eval_samples_per_second": 75.62,
      "eval_steps_per_second": 4.729,
      "step": 584
    },
    {
      "epoch": 1.0925053533190578,
      "grad_norm": 1.768834114074707,
      "learning_rate": 0.0009997289160798629,
      "loss": 0.451,
      "step": 638
    },
    {
      "epoch": 1.19186295503212,
      "grad_norm": 0.3910796046257019,
      "learning_rate": 0.0009988560452690535,
      "loss": 0.3813,
      "step": 696
    },
    {
      "epoch": 1.291220556745182,
      "grad_norm": 0.3567621409893036,
      "learning_rate": 0.0009973816335074259,
      "loss": 0.319,
      "step": 754
    },
    {
      "epoch": 1.3905781584582442,
      "grad_norm": 2.0109519958496094,
      "learning_rate": 0.0009953074587007735,
      "loss": 0.2814,
      "step": 812
    },
    {
      "epoch": 1.4899357601713061,
      "grad_norm": 0.8020836710929871,
      "learning_rate": 0.0009926360219736138,
      "loss": 0.2436,
      "step": 870
    },
    {
      "epoch": 1.5892933618843683,
      "grad_norm": 0.32681435346603394,
      "learning_rate": 0.0009893705446532293,
      "loss": 0.2452,
      "step": 928
    },
    {
      "epoch": 1.6886509635974303,
      "grad_norm": 0.4332447052001953,
      "learning_rate": 0.0009855149643852612,
      "loss": 0.2173,
      "step": 986
    },
    {
      "epoch": 1.7880085653104925,
      "grad_norm": 0.2578897476196289,
      "learning_rate": 0.0009810739303855354,
      "loss": 0.2107,
      "step": 1044
    },
    {
      "epoch": 1.8873661670235546,
      "grad_norm": 0.222604438662529,
      "learning_rate": 0.0009760527978338479,
      "loss": 0.2097,
      "step": 1102
    },
    {
      "epoch": 1.9867237687366166,
      "grad_norm": 0.3754954934120178,
      "learning_rate": 0.0009704576214164711,
      "loss": 0.2038,
      "step": 1160
    },
    {
      "epoch": 2.0,
      "eval_ACC": 0.9494814361797008,
      "eval_AUC": 0.9078313987201125,
      "eval_RMSE": 0.20102306587717397,
      "eval_loss": 0.18972256779670715,
      "eval_loss_kts": 0.15194781124591827,
      "eval_loss_tags": 0.03788767009973526,
      "eval_num_kts": 235458,
      "eval_runtime": 61.7546,
      "eval_samples_per_second": 75.606,
      "eval_steps_per_second": 4.728,
      "step": 1168
    },
    {
      "epoch": 2.0856531049250537,
      "grad_norm": 0.30577391386032104,
      "learning_rate": 0.0009642951480251671,
      "loss": 0.1915,
      "step": 1218
    },
    {
      "epoch": 2.1850107066381157,
      "grad_norm": 0.6834189891815186,
      "learning_rate": 0.0009576934098063836,
      "loss": 0.1867,
      "step": 1276
    },
    {
      "epoch": 2.2843683083511777,
      "grad_norm": 0.2330659031867981,
      "learning_rate": 0.0009504287511485029,
      "loss": 0.1884,
      "step": 1334
    },
    {
      "epoch": 2.38372591006424,
      "grad_norm": 0.19225311279296875,
      "learning_rate": 0.0009426209471447628,
      "loss": 0.1835,
      "step": 1392
    },
    {
      "epoch": 2.483083511777302,
      "grad_norm": 0.9049462080001831,
      "learning_rate": 0.0009342794127634467,
      "loss": 0.1792,
      "step": 1450
    },
    {
      "epoch": 2.582441113490364,
      "grad_norm": 0.32547247409820557,
      "learning_rate": 0.00092541420656668,
      "loss": 0.1742,
      "step": 1508
    },
    {
      "epoch": 2.681798715203426,
      "grad_norm": 0.34311527013778687,
      "learning_rate": 0.0009160360185814064,
      "loss": 0.1866,
      "step": 1566
    },
    {
      "epoch": 2.7811563169164883,
      "grad_norm": 0.34872496128082275,
      "learning_rate": 0.0009061561574089168,
      "loss": 0.1712,
      "step": 1624
    },
    {
      "epoch": 2.8805139186295503,
      "grad_norm": 0.3556500971317291,
      "learning_rate": 0.0008957865365884778,
      "loss": 0.18,
      "step": 1682
    },
    {
      "epoch": 2.9798715203426123,
      "grad_norm": 0.3075624704360962,
      "learning_rate": 0.0008849396602315001,
      "loss": 0.1757,
      "step": 1740
    },
    {
      "epoch": 3.0,
      "eval_ACC": 0.9504030442796593,
      "eval_AUC": 0.9124501577144042,
      "eval_RMSE": 0.19906148287969627,
      "eval_loss": 0.16716408729553223,
      "eval_loss_kts": 0.14871981739997864,
      "eval_loss_tags": 0.01847224123775959,
      "eval_num_kts": 235458,
      "eval_runtime": 62.3584,
      "eval_samples_per_second": 74.874,
      "eval_steps_per_second": 4.683,
      "step": 1752
    },
    {
      "epoch": 3.0788008565310494,
      "grad_norm": 0.317037433385849,
      "learning_rate": 0.0008736286079435715,
      "loss": 0.1645,
      "step": 1798
    },
    {
      "epoch": 3.1781584582441114,
      "grad_norm": 0.4451816976070404,
      "learning_rate": 0.000861867019052535,
      "loss": 0.1683,
      "step": 1856
    },
    {
      "epoch": 3.2775160599571733,
      "grad_norm": 0.4694993495941162,
      "learning_rate": 0.0008496690761616326,
      "loss": 0.1755,
      "step": 1914
    },
    {
      "epoch": 3.3768736616702357,
      "grad_norm": 0.27914705872535706,
      "learning_rate": 0.0008370494880475423,
      "loss": 0.1687,
      "step": 1972
    },
    {
      "epoch": 3.4762312633832977,
      "grad_norm": 0.36450088024139404,
      "learning_rate": 0.0008240234719239378,
      "loss": 0.1665,
      "step": 2030
    },
    {
      "epoch": 3.5755888650963596,
      "grad_norm": 0.29058191180229187,
      "learning_rate": 0.0008106067350919505,
      "loss": 0.1629,
      "step": 2088
    },
    {
      "epoch": 3.6749464668094216,
      "grad_norm": 0.3412630259990692,
      "learning_rate": 0.0007968154559996665,
      "loss": 0.1569,
      "step": 2146
    },
    {
      "epoch": 3.774304068522484,
      "grad_norm": 0.35226190090179443,
      "learning_rate": 0.0007826662647334942,
      "loss": 0.1668,
      "step": 2204
    },
    {
      "epoch": 3.873661670235546,
      "grad_norm": 0.8745574355125427,
      "learning_rate": 0.0007681762229649284,
      "loss": 0.1703,
      "step": 2262
    },
    {
      "epoch": 3.9730192719486084,
      "grad_norm": 0.29415228962898254,
      "learning_rate": 0.0007536208473562797,
      "loss": 0.1575,
      "step": 2320
    },
    {
      "epoch": 4.0,
      "eval_ACC": 0.950764042844159,
      "eval_AUC": 0.9160875828625793,
      "eval_RMSE": 0.1978043207260704,
      "eval_loss": 0.1586417257785797,
      "eval_loss_kts": 0.14648739993572235,
      "eval_loss_tags": 0.01218273863196373,
      "eval_num_kts": 235458,
      "eval_runtime": 61.9904,
      "eval_samples_per_second": 75.318,
      "eval_steps_per_second": 4.71,
      "step": 2336
    },
    {
      "epoch": 4.071948608137045,
      "grad_norm": 0.6945183873176575,
      "learning_rate": 0.0007385070266501494,
      "loss": 0.1575,
      "step": 2378
    },
    {
      "epoch": 4.1713062098501075,
      "grad_norm": 0.23613646626472473,
      "learning_rate": 0.0007231056044506652,
      "loss": 0.1611,
      "step": 2436
    },
    {
      "epoch": 4.270663811563169,
      "grad_norm": 0.40931132435798645,
      "learning_rate": 0.0007074351524204173,
      "loss": 0.1656,
      "step": 2494
    },
    {
      "epoch": 4.370021413276231,
      "grad_norm": 0.3508295714855194,
      "learning_rate": 0.0006915145666291307,
      "loss": 0.1576,
      "step": 2552
    },
    {
      "epoch": 4.469379014989293,
      "grad_norm": 0.3524467349052429,
      "learning_rate": 0.0006753630447680137,
      "loss": 0.1536,
      "step": 2610
    },
    {
      "epoch": 4.568736616702355,
      "grad_norm": 0.33273234963417053,
      "learning_rate": 0.0006590000630003995,
      "loss": 0.1599,
      "step": 2668
    },
    {
      "epoch": 4.668094218415417,
      "grad_norm": 0.3005589544773102,
      "learning_rate": 0.000642445352476595,
      "loss": 0.1545,
      "step": 2726
    },
    {
      "epoch": 4.76745182012848,
      "grad_norm": 0.33685287833213806,
      "learning_rate": 0.0006257188755412556,
      "loss": 0.1544,
      "step": 2784
    },
    {
      "epoch": 4.866809421841542,
      "grad_norm": 0.494647741317749,
      "learning_rate": 0.000608840801661976,
      "loss": 0.1516,
      "step": 2842
    },
    {
      "epoch": 4.966167023554604,
      "grad_norm": 0.2313435971736908,
      "learning_rate": 0.0005918314831081245,
      "loss": 0.1568,
      "step": 2900
    },
    {
      "epoch": 5.0,
      "eval_ACC": 0.9512142292893,
      "eval_AUC": 0.9168479703419126,
      "eval_RMSE": 0.19715265967585718,
      "eval_loss": 0.15513834357261658,
      "eval_loss_kts": 0.14567576348781586,
      "eval_loss_tags": 0.009491203352808952,
      "eval_num_kts": 235458,
      "eval_runtime": 61.9057,
      "eval_samples_per_second": 75.421,
      "eval_steps_per_second": 4.717,
      "step": 2920
    },
    {
      "epoch": 5.06509635974304,
      "grad_norm": 0.6517462134361267,
      "learning_rate": 0.000574711430409247,
      "loss": 0.1577,
      "step": 2958
    },
    {
      "epoch": 5.164453961456103,
      "grad_norm": 0.3267463147640228,
      "learning_rate": 0.0005575012876226347,
      "loss": 0.1523,
      "step": 3016
    },
    {
      "epoch": 5.263811563169165,
      "grad_norm": 0.30579617619514465,
      "learning_rate": 0.000540221807439878,
      "loss": 0.1562,
      "step": 3074
    },
    {
      "epoch": 5.363169164882227,
      "grad_norm": 0.6213332414627075,
      "learning_rate": 0.0005228938261624259,
      "loss": 0.1492,
      "step": 3132
    },
    {
      "epoch": 5.462526766595289,
      "grad_norm": 0.44082850217819214,
      "learning_rate": 0.0005055382385763239,
      "loss": 0.1507,
      "step": 3190
    },
    {
      "epoch": 5.561884368308351,
      "grad_norm": 0.5081012845039368,
      "learning_rate": 0.0004881759727564294,
      "loss": 0.1523,
      "step": 3248
    },
    {
      "epoch": 5.661241970021413,
      "grad_norm": 0.3254142999649048,
      "learning_rate": 0.00047082796483048644,
      "loss": 0.1541,
      "step": 3306
    },
    {
      "epoch": 5.760599571734476,
      "grad_norm": 0.5547264814376831,
      "learning_rate": 0.0004535151337334898,
      "loss": 0.1518,
      "step": 3364
    },
    {
      "epoch": 5.859957173447538,
      "grad_norm": 0.34270167350769043,
      "learning_rate": 0.00043625835598277974,
      "loss": 0.1525,
      "step": 3422
    },
    {
      "epoch": 5.9593147751606,
      "grad_norm": 0.30933091044425964,
      "learning_rate": 0.00041907844050428716,
      "loss": 0.1565,
      "step": 3480
    },
    {
      "epoch": 6.0,
      "eval_ACC": 0.9513713698409058,
      "eval_AUC": 0.9207947407623778,
      "eval_RMSE": 0.1961867931645529,
      "eval_loss": 0.15232552587985992,
      "eval_loss_kts": 0.1442856788635254,
      "eval_loss_tags": 0.00806797668337822,
      "eval_num_kts": 235458,
      "eval_runtime": 61.5934,
      "eval_samples_per_second": 75.804,
      "eval_steps_per_second": 4.741,
      "step": 3504
    },
    {
      "epoch": 6.058244111349037,
      "grad_norm": 0.385732501745224,
      "learning_rate": 0.00040199610354028247,
      "loss": 0.1467,
      "step": 3538
    },
    {
      "epoch": 6.157601713062099,
      "grad_norm": 0.39609017968177795,
      "learning_rate": 0.00038503194366888683,
      "loss": 0.1518,
      "step": 3596
    },
    {
      "epoch": 6.256959314775161,
      "grad_norm": 0.7435984015464783,
      "learning_rate": 0.0003682064169654663,
      "loss": 0.1496,
      "step": 3654
    },
    {
      "epoch": 6.356316916488223,
      "grad_norm": 0.2676367461681366,
      "learning_rate": 0.00035153981233586274,
      "loss": 0.149,
      "step": 3712
    },
    {
      "epoch": 6.455674518201285,
      "grad_norm": 0.27127787470817566,
      "learning_rate": 0.00033505222705120435,
      "loss": 0.1549,
      "step": 3770
    },
    {
      "epoch": 6.555032119914347,
      "grad_norm": 0.455384224653244,
      "learning_rate": 0.00031904258646222564,
      "loss": 0.1478,
      "step": 3828
    },
    {
      "epoch": 6.654389721627409,
      "grad_norm": 0.2653416693210602,
      "learning_rate": 0.0003029685112986417,
      "loss": 0.1455,
      "step": 3886
    },
    {
      "epoch": 6.7537473233404715,
      "grad_norm": 0.34887996315956116,
      "learning_rate": 0.0002871320247343712,
      "loss": 0.1476,
      "step": 3944
    },
    {
      "epoch": 6.853104925053533,
      "grad_norm": 0.3190686106681824,
      "learning_rate": 0.0002715522230503469,
      "loss": 0.1419,
      "step": 4002
    },
    {
      "epoch": 6.952462526766595,
      "grad_norm": 0.37554964423179626,
      "learning_rate": 0.00025624789300641185,
      "loss": 0.1501,
      "step": 4060
    },
    {
      "epoch": 7.0,
      "eval_ACC": 0.9519956850053938,
      "eval_AUC": 0.9220136696750394,
      "eval_RMSE": 0.19489369274620272,
      "eval_loss": 0.14936183393001556,
      "eval_loss_kts": 0.14211124181747437,
      "eval_loss_tags": 0.007279053330421448,
      "eval_num_kts": 235458,
      "eval_runtime": 61.9642,
      "eval_samples_per_second": 75.35,
      "eval_steps_per_second": 4.712,
      "step": 4088
    },
    {
      "epoch": 7.0513918629550325,
      "grad_norm": 0.29372480511665344,
      "learning_rate": 0.00024123748918747763,
      "loss": 0.1501,
      "step": 4118
    },
    {
      "epoch": 7.1507494646680945,
      "grad_norm": 0.32877036929130554,
      "learning_rate": 0.0002265391117502349,
      "loss": 0.1467,
      "step": 4176
    },
    {
      "epoch": 7.250107066381156,
      "grad_norm": 0.24288563430309296,
      "learning_rate": 0.0002121704845972463,
      "loss": 0.1445,
      "step": 4234
    },
    {
      "epoch": 7.349464668094218,
      "grad_norm": 0.4373953342437744,
      "learning_rate": 0.00019814893400474243,
      "loss": 0.1479,
      "step": 4292
    },
    {
      "epoch": 7.44882226980728,
      "grad_norm": 0.5597394108772278,
      "learning_rate": 0.00018449136772989128,
      "loss": 0.147,
      "step": 4350
    },
    {
      "epoch": 7.548179871520342,
      "grad_norm": 0.2843194305896759,
      "learning_rate": 0.0001712142546227365,
      "loss": 0.1421,
      "step": 4408
    },
    {
      "epoch": 7.647537473233404,
      "grad_norm": 0.2456710785627365,
      "learning_rate": 0.00015833360476738618,
      "loss": 0.1469,
      "step": 4466
    },
    {
      "epoch": 7.746895074946467,
      "grad_norm": 0.3765988051891327,
      "learning_rate": 0.00014586495017640118,
      "loss": 0.1469,
      "step": 4524
    },
    {
      "epoch": 7.846252676659529,
      "grad_norm": 0.2590385377407074,
      "learning_rate": 0.00013382332606166132,
      "loss": 0.143,
      "step": 4582
    },
    {
      "epoch": 7.945610278372591,
      "grad_norm": 0.3152162432670593,
      "learning_rate": 0.00012222325270429352,
      "loss": 0.148,
      "step": 4640
    },
    {
      "epoch": 8.0,
      "eval_ACC": 0.9528408463505169,
      "eval_AUC": 0.9233961074385033,
      "eval_RMSE": 0.1937789888835273,
      "eval_loss": 0.14790306985378265,
      "eval_loss_kts": 0.1410331279039383,
      "eval_loss_tags": 0.0068978676572442055,
      "eval_num_kts": 235458,
      "eval_runtime": 61.4537,
      "eval_samples_per_second": 75.976,
      "eval_steps_per_second": 4.752,
      "step": 4672
    },
    {
      "epoch": 8.044539614561028,
      "grad_norm": 0.2339613139629364,
      "learning_rate": 0.00011107871794552632,
      "loss": 0.1514,
      "step": 4698
    },
    {
      "epoch": 8.14389721627409,
      "grad_norm": 0.31895896792411804,
      "learning_rate": 0.00010040316031957957,
      "loss": 0.1438,
      "step": 4756
    },
    {
      "epoch": 8.243254817987152,
      "grad_norm": 0.3575928807258606,
      "learning_rate": 9.020945284893317e-05,
      "loss": 0.1384,
      "step": 4814
    },
    {
      "epoch": 8.342612419700215,
      "grad_norm": 0.2947492003440857,
      "learning_rate": 8.050988752151056e-05,
      "loss": 0.1454,
      "step": 4872
    },
    {
      "epoch": 8.441970021413276,
      "grad_norm": 0.3795543313026428,
      "learning_rate": 7.13161604685007e-05,
      "loss": 0.1526,
      "step": 4930
    },
    {
      "epoch": 8.541327623126339,
      "grad_norm": 0.33924758434295654,
      "learning_rate": 6.263935786068425e-05,
      "loss": 0.1435,
      "step": 4988
    },
    {
      "epoch": 8.6406852248394,
      "grad_norm": 0.3261260390281677,
      "learning_rate": 5.448994254027861e-05,
      "loss": 0.1486,
      "step": 5046
    },
    {
      "epoch": 8.740042826552463,
      "grad_norm": 0.43200230598449707,
      "learning_rate": 4.687774140441564e-05,
      "loss": 0.1372,
      "step": 5104
    },
    {
      "epoch": 8.839400428265524,
      "grad_norm": 0.4418829679489136,
      "learning_rate": 3.981193355546875e-05,
      "loss": 0.1405,
      "step": 5162
    },
    {
      "epoch": 8.938758029978587,
      "grad_norm": 0.31363797187805176,
      "learning_rate": 3.330103923251682e-05,
      "loss": 0.1444,
      "step": 5220
    },
    {
      "epoch": 9.0,
      "eval_ACC": 0.9525562945408523,
      "eval_AUC": 0.9236034217616998,
      "eval_RMSE": 0.1938310608617737,
      "eval_loss": 0.14758549630641937,
      "eval_loss_kts": 0.14085718989372253,
      "eval_loss_tags": 0.006757325492799282,
      "eval_num_kts": 235458,
      "eval_runtime": 61.7385,
      "eval_samples_per_second": 75.625,
      "eval_steps_per_second": 4.73,
      "step": 5256
    },
    {
      "epoch": 9.037687366167024,
      "grad_norm": 0.2905605137348175,
      "learning_rate": 2.735290953729336e-05,
      "loss": 0.1446,
      "step": 5278
    },
    {
      "epoch": 9.137044967880085,
      "grad_norm": 0.26055070757865906,
      "learning_rate": 2.197471696700748e-05,
      "loss": 0.1515,
      "step": 5336
    },
    {
      "epoch": 9.236402569593148,
      "grad_norm": 0.25938382744789124,
      "learning_rate": 1.7172946765454667e-05,
      "loss": 0.1396,
      "step": 5394
    },
    {
      "epoch": 9.33576017130621,
      "grad_norm": 0.3014182448387146,
      "learning_rate": 1.2953389102845436e-05,
      "loss": 0.1402,
      "step": 5452
    },
    {
      "epoch": 9.435117773019272,
      "grad_norm": 0.3128131031990051,
      "learning_rate": 9.321132093782048e-06,
      "loss": 0.1476,
      "step": 5510
    },
    {
      "epoch": 9.534475374732335,
      "grad_norm": 0.3617095947265625,
      "learning_rate": 6.2805556618028556e-06,
      "loss": 0.1434,
      "step": 5568
    },
    {
      "epoch": 9.633832976445396,
      "grad_norm": 0.35063648223876953,
      "learning_rate": 3.835326257891458e-06,
      "loss": 0.1392,
      "step": 5626
    },
    {
      "epoch": 9.733190578158458,
      "grad_norm": 0.3012099862098694,
      "learning_rate": 1.9883924393212517e-06,
      "loss": 0.1396,
      "step": 5684
    },
    {
      "epoch": 9.83254817987152,
      "grad_norm": 0.30225178599357605,
      "learning_rate": 7.419813141644194e-07,
      "loss": 0.1443,
      "step": 5742
    },
    {
      "epoch": 9.931905781584582,
      "grad_norm": 0.22291089594364166,
      "learning_rate": 9.759585575458418e-08,
      "loss": 0.1437,
      "step": 5800
    },
    {
      "epoch": 9.983297644539615,
      "eval_ACC": 0.9525562945408523,
      "eval_AUC": 0.923674830499847,
      "eval_RMSE": 0.19384496736153922,
      "eval_loss": 0.14760816097259521,
      "eval_loss_kts": 0.1408994048833847,
      "eval_loss_tags": 0.006737294141203165,
      "eval_num_kts": 235458,
      "eval_runtime": 61.8113,
      "eval_samples_per_second": 75.536,
      "eval_steps_per_second": 4.724,
      "step": 5830
    }
  ],
  "logging_steps": 58,
  "max_steps": 5830,
  "num_input_tokens_seen": 0,
  "num_train_epochs": 10,
  "save_steps": 500,
  "stateful_callbacks": {
    "TrainerControl": {
      "args": {
        "should_epoch_stop": false,
        "should_evaluate": false,
        "should_log": false,
        "should_save": true,
        "should_training_stop": true
      },
      "attributes": {}
    }
  },
  "total_flos": 0.0,
  "train_batch_size": 16,
  "trial_name": null,
  "trial_params": null
}
